/*******************************************************************************
 * Size: 40 px
 * Bpp: 4
 * Opts: --font C:\Users\user\Downloads\amsterdam-handwriting\Amsterdam Handwriting.ttf --size 40 --bpp 4 --range 0x20-0x7E --format lvgl --lv-include lvgl.h -o font_cursive_40.c
 ******************************************************************************/

#ifdef LV_LVGL_H_INCLUDE_SIMPLE
#include "lvgl.h"
#else
#include "lvgl.h"
#endif

#ifndef FONT_CURSIVE_40
#define FONT_CURSIVE_40 1
#endif

#if FONT_CURSIVE_40

/*-----------------
 *    BITMAPS
 *----------------*/

/*Store the image of the glyphs*/
static LV_ATTRIBUTE_LARGE_CONST const uint8_t glyph_bitmap[] = {
    /* U+0020 " " */

    /* U+002C "," */
    0x5, 0x20, 0xab, 0x1, 0xd0,

    /* U+002E "." */
    0x9b, 0x23, 0x51,

    /* U+0030 "0" */
    0x0, 0xff, 0xe3, 0x1a, 0xa1, 0x0, 0x7f, 0xf2,
    0xa, 0xbf, 0x2a, 0xf6, 0xc8, 0x3, 0xff, 0x8b,
    0x3a, 0xa0, 0x1c, 0x98, 0x60, 0x1f, 0xfc, 0x22,
    0xd6, 0x2, 0x8c, 0xef, 0xc5, 0x1e, 0x0, 0xff,
    0xe0, 0x9e, 0x10, 0xd6, 0xb9, 0x88, 0x1d, 0x31,
    0x38, 0x7, 0xfc, 0x78, 0x27, 0xea, 0x1, 0xf4,
    0x84, 0x80, 0x7f, 0x8b, 0x40, 0xf0, 0x40, 0x3f,
    0x94, 0x48, 0x3, 0xf0, 0xf8, 0x96, 0x80, 0x7f,
    0xc4, 0xe, 0x1, 0xfa, 0x88, 0x7c, 0x40, 0x3f,
    0xef, 0x2, 0x0, 0xf9, 0x50, 0x2c, 0x80, 0x3f,
    0xf9, 0x23, 0x60, 0xca, 0x1, 0xff, 0xc1, 0xe0,
    0xf, 0xd6, 0x22, 0x80, 0xf, 0xfe, 0x12, 0x81,
    0x0, 0x71, 0xa8, 0x58, 0x80, 0x7f, 0xf0, 0x8c,
    0x18, 0x3, 0xbc, 0xd, 0x40, 0x3f, 0xf8, 0x46,
    0x0, 0x30, 0xc, 0x86, 0x10, 0x1, 0xff, 0xc3,
    0x50, 0x30, 0xe, 0xf0, 0x34, 0x0, 0xff, 0xe1,
    0xe0, 0x20, 0x6, 0x24, 0x9, 0x0, 0xff, 0xe2,
    0x28, 0x60, 0x6, 0xb0, 0x25, 0x0, 0xff, 0xe1,
    0xa0, 0x1, 0x0, 0x33, 0x5, 0x0, 0x7f, 0xf1,
    0x34, 0xc, 0x3, 0x28, 0x1, 0x80, 0x3f, 0xf8,
    0x8e, 0x14, 0x1, 0xbc, 0x10, 0x40, 0x3f, 0xf8,
    0x68, 0x20, 0xe0, 0x19, 0x43, 0x40, 0x3f, 0xf8,
    0x9c, 0x8, 0x20, 0x11, 0x80, 0x1c, 0x3, 0xff,
    0x86, 0x2a, 0x1c, 0x1, 0x90, 0x8, 0x40, 0x3f,
    0xf8, 0x72, 0x2, 0xa0, 0x1b, 0x41, 0x0, 0x3f,
    0xf8, 0x62, 0xe0, 0xc0, 0x1c, 0x81, 0x80, 0x1f,
    0xfc, 0x36, 0x0, 0x48, 0x7, 0x8, 0x38, 0x7,
    0xff, 0x8, 0x60, 0x18, 0x40, 0x31, 0x0, 0x8,
    0x3, 0xff, 0x85, 0x20, 0x8, 0x0, 0xe6, 0x2,
    0x0, 0xff, 0xe1, 0x13, 0x83, 0x88, 0x7, 0xc2,
    0x1, 0xff, 0xc2, 0x90, 0x18, 0x0, 0xf0, 0x80,
    0x7f, 0xf0, 0xd9, 0x2, 0xc0, 0x3f, 0xf9, 0x45,
    0x20, 0xaa, 0x0, 0xf9, 0x80, 0x40, 0x3f, 0xf8,
    0x1c, 0x5, 0x60, 0x1f, 0x88, 0x8, 0x3, 0xfe,
    0xa3, 0xe, 0x10, 0xf, 0xc2, 0x20, 0x30, 0xf,
    0xe8, 0x50, 0xa3, 0x0, 0xff, 0x38, 0x50, 0x7,
    0xe9, 0x70, 0x95, 0x0, 0xff, 0xb4, 0x18, 0x80,
    0x38, 0x6d, 0x82, 0x98, 0x3, 0xff, 0x80, 0x88,
    0xc, 0x40, 0x9, 0xbd, 0x7, 0x14, 0x3, 0xff,
    0x85, 0x46, 0x37, 0xb9, 0xf2, 0x2d, 0xe6, 0x1,
    0xff, 0xc3, 0x1c, 0x93, 0x23, 0x27, 0xd9, 0x10,
    0xf, 0xfe, 0x10,

    /* U+0031 "1" */
    0x0, 0xff, 0xe1, 0x9f, 0x28, 0x7, 0xff, 0x8,
    0xb4, 0x44, 0x1, 0xff, 0xc2, 0xf1, 0x24, 0x0,
    0xff, 0xe0, 0xc1, 0x4, 0x0, 0x7f, 0xf0, 0x4d,
    0xc0, 0xd4, 0x3, 0xff, 0x83, 0xc0, 0x9, 0x0,
    0xff, 0xe0, 0xb1, 0x1, 0xa8, 0x7, 0xff, 0x6,
    0x0, 0x10, 0x1, 0xff, 0xc1, 0x71, 0x3, 0x40,
    0xf, 0xfe, 0xc, 0x80, 0x20, 0x3, 0xff, 0x82,
    0xc2, 0x6, 0x80, 0x1f, 0xfc, 0x1a, 0x0, 0x40,
    0x7, 0xff, 0x4, 0x8c, 0xd, 0x0, 0x3f, 0xf8,
    0x2a, 0x0, 0x90, 0xf, 0xfe, 0x16, 0x81, 0x28,
    0x7, 0xff, 0x4, 0x54, 0x20, 0x3, 0xff, 0x85,
    0x20, 0x4a, 0x1, 0xff, 0xc2, 0x70, 0xb0, 0xf,
    0xfe, 0x13, 0x80, 0xb0, 0x7, 0xff, 0xa, 0x82,
    0x40, 0x3f, 0xf8, 0x48, 0x40, 0xc0, 0x1f, 0xfc,
    0x2e, 0x6, 0x10, 0xf, 0xfe, 0x8, 0xa8, 0x58,
    0x7, 0xff, 0x9, 0x81, 0x8, 0x3, 0xff, 0x85,
    0x41, 0xe0, 0x1f, 0xfc, 0x23, 0x22, 0x20, 0x7,
    0xff, 0xa, 0x82, 0x80, 0x3f, 0xf8, 0x6e, 0xc,
    0x1, 0xff, 0xc2, 0x31, 0x51, 0x0, 0xff, 0xe1,
    0x50, 0x78, 0x7, 0xff, 0xd, 0xc5, 0x40, 0x3f,
    0xf8, 0x46, 0x2e, 0x1, 0xff, 0xc3, 0x40, 0xa0,
    0xf, 0xfe, 0x1e, 0x9, 0x80, 0x7f, 0xf0, 0xd1,
    0x0, 0x1f, 0xfc, 0x32, 0xc, 0x0, 0xff, 0xe1,
    0xb0, 0x28, 0x7, 0xff, 0xc, 0x40, 0xa8, 0x3,
    0xff, 0x89, 0x26, 0x1, 0xff, 0xc2, 0x70, 0x68,
    0x0, 0xff, 0xe1, 0x15, 0xe8, 0x80, 0x7f, 0xf0,
    0x80,

    /* U+0032 "2" */
    0x0, 0xff, 0xe5, 0x1b, 0xde, 0xf7, 0xed, 0xa8,
    0x7, 0xff, 0x2c, 0x5f, 0xb2, 0x1d, 0x91, 0x6,
    0x95, 0x82, 0x1, 0xff, 0xc7, 0x19, 0xe8, 0x7b,
    0xfc, 0xba, 0xbe, 0xb1, 0x3b, 0x0, 0xff, 0xe3,
    0x47, 0x3c, 0x74, 0xa0, 0x7, 0x92, 0x81, 0x40,
    0x3f, 0xf8, 0x89, 0xae, 0xde, 0xe2, 0x1, 0xfc,
    0xa0, 0x1, 0x0, 0xff, 0xe1, 0x45, 0x86, 0x48,
    0x80, 0x7f, 0xc4, 0x0, 0x10, 0xf, 0xfe, 0xd,
    0xba, 0xe9, 0x80, 0x7f, 0xf0, 0x50, 0xc, 0x3,
    0xff, 0x83, 0x89, 0x14, 0x1, 0xff, 0xc3, 0xa0,
    0xa0, 0xf, 0xfe, 0x5, 0x9d, 0x38, 0x7, 0xff,
    0xd, 0x48, 0x18, 0x3, 0xfe, 0x64, 0x95, 0x0,
    0xff, 0xe2, 0x40, 0x38, 0x7, 0xff, 0x2, 0x19,
    0x80, 0x1f, 0xfc, 0x47, 0x21, 0x90, 0xf, 0xfe,
    0x0, 0xd8, 0x7, 0xff, 0x10, 0xa0, 0x20, 0x40,
    0x3f, 0xf8, 0x15, 0x10, 0x20, 0xf, 0xfe, 0x17,
    0x81, 0xb0, 0x7, 0xff, 0x5, 0x6a, 0x8, 0x3,
    0xff, 0x83, 0x4, 0x1c, 0x1, 0xff, 0xd2, 0x57,
    0xa, 0x20, 0xf, 0xfe, 0x89, 0x50, 0x32, 0x80,
    0x7f, 0xf4, 0x47, 0xc0, 0xa4, 0x3, 0xff, 0xa5,
    0xa4, 0x3e, 0x1, 0xff, 0xd2, 0xa3, 0xd, 0x20,
    0xf, 0xfe, 0x8c, 0xa8, 0x51, 0x80, 0x7f, 0xf4,
    0x61, 0x82, 0x14, 0x3, 0xff, 0xa2, 0xee, 0x6,
    0x70, 0xf, 0xfe, 0x8b, 0x40, 0x2c, 0x80, 0x7f,
    0xf4, 0x5a, 0x41, 0x68, 0x3, 0xff, 0xa2, 0xd2,
    0x9, 0x40, 0x1f, 0xfd, 0x16, 0x90, 0x4b, 0x0,
    0xff, 0xe8, 0xbc, 0x82, 0x58, 0x7, 0xff, 0x46,
    0x20, 0x9, 0x60, 0x1f, 0xfd, 0x19, 0x70, 0x4b,
    0x0, 0xff, 0xe8, 0xdb, 0x2, 0xd8, 0x7, 0xff,
    0x40, 0x71, 0x1, 0x68, 0x3, 0xff, 0xa0, 0x58,
    0x60, 0xd4, 0x6, 0xd1, 0x59, 0xbd, 0xdf, 0x6e,
    0xb2, 0xe5, 0xcc, 0x3, 0xe4, 0xc2, 0x5, 0xeb,
    0xfc, 0x96, 0x15, 0xab, 0xdc, 0xc7, 0xfd, 0x98,
    0xd9, 0xa3, 0x0, 0xf9, 0xac, 0x40, 0xb, 0xc,
    0xf5, 0xdc, 0xb9, 0x75, 0x32, 0x20, 0x8f, 0x88,
    0xd0, 0xc0, 0x3a, 0x64, 0x1, 0x1c, 0x6e, 0xa1,
    0x44, 0x3, 0xff, 0x92, 0x38, 0xc0, 0x5, 0xcc,
    0x39, 0x0, 0x7f, 0xf3, 0x13, 0xcc, 0x17, 0x68,
    0xc0, 0x3f, 0xf9, 0xd3, 0x62, 0x7b, 0x44, 0x1,
    0xff, 0xcf, 0xb6, 0x9, 0xc2, 0x0, 0xff, 0xe8,
    0xfb, 0xf3, 0x0, 0x7f, 0xf4, 0xc0,

    /* U+0033 "3" */
    0x0, 0xff, 0xf3, 0x13, 0xdf, 0x7f, 0xba, 0x44,
    0x3, 0xff, 0x9a, 0xdb, 0xa9, 0x28, 0xba, 0x46,
    0xd0, 0xf, 0xfe, 0x5b, 0x74, 0x2e, 0xf4, 0xb2,
    0x2d, 0x9, 0x88, 0x7, 0xff, 0x20, 0x72, 0xe3,
    0xa0, 0x80, 0x38, 0x84, 0x4, 0x3, 0xff, 0x8e,
    0x7e, 0x9a, 0xc0, 0x1f, 0xb8, 0x18, 0x3, 0xff,
    0x91, 0xcd, 0x0, 0x1f, 0xce, 0x61, 0x0, 0x1f,
    0xfc, 0x81, 0x31, 0x0, 0xfc, 0xb0, 0x12, 0x20,
    0x1f, 0xfc, 0x8c, 0x90, 0xf, 0xc7, 0x40, 0xcc,
    0x0, 0xff, 0xe5, 0x10, 0x80, 0x78, 0xf0, 0x16,
    0x40, 0x3f, 0xfa, 0x47, 0x80, 0x94, 0x1, 0xff,
    0xd2, 0x4c, 0x4, 0xb0, 0xf, 0xfe, 0x92, 0xd8,
    0x25, 0x80, 0x7f, 0xf4, 0x9a, 0x81, 0x6c, 0x3,
    0x8, 0xc0, 0x1f, 0xfc, 0xb3, 0x90, 0x4f, 0x9b,
    0xdf, 0xf7, 0x75, 0xfe, 0xda, 0x73, 0x0, 0xff,
    0xe2, 0xa0, 0x1, 0x29, 0x90, 0x80, 0x3e, 0x25,
    0x8c, 0xd7, 0x0, 0xff, 0xe1, 0xa8, 0x80, 0xab,
    0xd6, 0x6f, 0x7f, 0xdd, 0xb9, 0x2c, 0x44, 0x8e,
    0x30, 0xf, 0xfe, 0x9, 0x77, 0x55, 0xa, 0x64,
    0x20, 0x10, 0x91, 0xb4, 0xee, 0x18, 0xe1, 0x80,
    0x7f, 0xf0, 0x84, 0x3, 0xff, 0x88, 0x78, 0xc1,
    0xa0, 0x1f, 0xfd, 0x59, 0x11, 0x28, 0x7, 0xff,
    0x55, 0xc3, 0xc0, 0x3f, 0xfa, 0xbc, 0x2, 0x1,
    0xff, 0xd5, 0xf0, 0x10, 0xf, 0xfe, 0xaa, 0x6,
    0x80, 0x7f, 0xf5, 0x8, 0xc1, 0x40, 0x3f, 0xfa,
    0x92, 0xa, 0x40, 0x1f, 0xfd, 0x35, 0x40, 0x80,
    0xf, 0xfe, 0x98, 0xd8, 0x49, 0x0, 0x7f, 0xf4,
    0xf0, 0x55, 0x80, 0x3f, 0xfa, 0x43, 0x84, 0x74,
    0x1, 0xff, 0xd2, 0x1c, 0x34, 0xc0, 0xf, 0xfe,
    0x91, 0xf9, 0x2d, 0x80, 0x7f, 0xf4, 0x9f, 0x6,
    0x28, 0x3, 0xff, 0xa2, 0x37, 0x3, 0x6e, 0x1,
    0xff, 0xd1, 0x7e, 0x46, 0xe4, 0x0, 0xff, 0xe8,
    0x26, 0xc1, 0xdc, 0x80, 0x7f, 0xf4, 0x17, 0x2c,
    0x2b, 0x10, 0x3, 0xff, 0x9e, 0xdb, 0x45, 0x1a,
    0xa0, 0x1f, 0xfc, 0x21, 0x0, 0xff, 0x92, 0xbe,
    0x42, 0x79, 0xc0, 0x3f, 0xf8, 0x65, 0xc6, 0x1,
    0xe2, 0x6b, 0xfb, 0x55, 0x5e, 0xb0, 0x7, 0xff,
    0x1f, 0x6a, 0xab, 0xdf, 0xd9, 0x45, 0xae, 0xa4,
    0x0, 0xff, 0xe3, 0x96, 0xa3, 0xaa, 0xc0, 0xb1,
    0x9f, 0x4a, 0x20, 0x1f, 0xfc, 0x90,

    /* U+0034 "4" */
    0x0, 0xff, 0xe4, 0x38, 0x80, 0x7f, 0xf5, 0x22,
    0x20, 0xf, 0xfe, 0xa3, 0x7, 0x80, 0x7f, 0xf4,
    0xd8, 0x41, 0x80, 0x3f, 0xc6, 0xc0, 0x1f, 0xfc,
    0x7b, 0x6, 0x0, 0xff, 0x16, 0x4a, 0x80, 0x7f,
    0xf1, 0x54, 0x82, 0xc0, 0x3f, 0xdc, 0x4, 0xa0,
    0x1f, 0xfc, 0x59, 0x5, 0x20, 0xf, 0xe6, 0x30,
    0xe0, 0xf, 0xfe, 0x2a, 0x18, 0x40, 0x7, 0xf0,
    0xc8, 0x41, 0x80, 0x7f, 0xf1, 0x60, 0x14, 0x80,
    0x3f, 0xa8, 0x11, 0xc0, 0x3f, 0xf8, 0xa8, 0x61,
    0x20, 0x1f, 0xca, 0x81, 0x40, 0x1f, 0xfc, 0x69,
    0x5, 0x30, 0xf, 0xeb, 0xa, 0x10, 0xf, 0xfe,
    0x2a, 0x90, 0x40, 0x7, 0xf4, 0xa, 0xa8, 0x3,
    0xff, 0x8d, 0x60, 0xe4, 0x1, 0xf8, 0x9c, 0x6c,
    0x3, 0xff, 0x8c, 0xe2, 0x29, 0x0, 0xfe, 0x90,
    0xb1, 0x0, 0xff, 0xe2, 0x8c, 0x84, 0x8, 0x7,
    0xe4, 0x49, 0x40, 0x3f, 0xf8, 0xd0, 0x26, 0xc0,
    0x1f, 0xd2, 0x12, 0x1, 0xff, 0xc6, 0x36, 0xf,
    0x0, 0xfe, 0x62, 0x82, 0x0, 0xff, 0xe3, 0x78,
    0x31, 0x80, 0x7f, 0x41, 0x38, 0x7, 0xff, 0x19,
    0x8c, 0x60, 0x3, 0xf9, 0xc6, 0x40, 0x3f, 0xf8,
    0xc3, 0x1, 0x62, 0x1, 0xfd, 0x28, 0x80, 0xf,
    0xfe, 0x35, 0x8a, 0xa8, 0x3, 0xf9, 0xc6, 0x0,
    0x3f, 0xf8, 0xc8, 0xa3, 0x60, 0x1f, 0xe9, 0x53,
    0x0, 0xff, 0xe2, 0x8d, 0x5, 0x88, 0x7, 0xe1,
    0xc1, 0x80, 0xf, 0xfe, 0x35, 0x8b, 0x28, 0x7,
    0xe5, 0xc3, 0x52, 0x0, 0xff, 0xe2, 0xaa, 0x8a,
    0x40, 0x3e, 0x6c, 0xc5, 0x84, 0x80, 0x7f, 0xf1,
    0x4a, 0x83, 0x80, 0x21, 0x47, 0xbb, 0xe, 0xcd,
    0x21, 0x80, 0x7f, 0xf1, 0x78, 0x19, 0x91, 0x7b,
    0xb1, 0x55, 0xb8, 0x91, 0xf8, 0x7, 0xff, 0x16,
    0x4c, 0x4c, 0xb2, 0xb7, 0x25, 0x44, 0x2, 0xa2,
    0x40, 0xf, 0xfe, 0x1a, 0x6b, 0x17, 0x53, 0xa0,
    0x80, 0x7e, 0x65, 0x0, 0xff, 0xe1, 0xb5, 0x90,
    0x78, 0x7, 0xff, 0x1, 0x6, 0x80, 0x3f, 0xf8,
    0x43, 0x20, 0xb, 0x20, 0xf, 0xfe, 0x6, 0x99,
    0x0, 0x7f, 0xf0, 0x90, 0x1, 0x28, 0x1, 0xff,
    0xc1, 0x7b, 0x0, 0xff, 0xe1, 0xa4, 0x6b, 0x0,
    0x7f, 0xf0, 0x4c, 0x54, 0x3, 0xff, 0x86, 0x2e,
    0x40, 0x1f, 0xfc, 0x2b, 0x22, 0x0, 0x7f, 0xf5,
    0x11, 0x40, 0x3f, 0xfa, 0xa7, 0x60, 0x1f, 0xfd,
    0x44, 0x3, 0x0, 0xff, 0xea, 0x61, 0x80, 0x7f,
    0xf5, 0x4d, 0x0, 0x3f, 0xfa, 0xab, 0x80, 0x1f,
    0xfd, 0x41, 0x12, 0x80, 0x7f, 0xf5, 0x5, 0x4,
    0x3, 0xff, 0x8a,

    /* U+0035 "5" */
    0x0, 0xff, 0xe3, 0x9, 0x91, 0x1b, 0x48, 0x3,
    0xff, 0xa7, 0xf9, 0xba, 0x92, 0xdf, 0xff, 0xfb,
    0x60, 0x3, 0xff, 0x8c, 0xc2, 0x1, 0x84, 0x8d,
    0x15, 0xe2, 0x6a, 0x97, 0x68, 0xc0, 0xf, 0xfe,
    0x34, 0x72, 0x2, 0xff, 0x6e, 0x5d, 0x43, 0xb2,
    0xa9, 0x10, 0xa8, 0x1, 0xff, 0xc7, 0x84, 0x2a,
    0x0, 0xff, 0xea, 0xab, 0x87, 0x0, 0x7f, 0xf5,
    0x4a, 0x82, 0x4c, 0x3, 0xff, 0xab, 0xe0, 0xac,
    0x1, 0xff, 0xd5, 0x92, 0x25, 0x0, 0x7f, 0xf5,
    0x59, 0x81, 0xc0, 0x1f, 0xfd, 0x53, 0x90, 0x93,
    0x0, 0xff, 0xea, 0xe, 0x82, 0xb0, 0x7, 0xff,
    0x56, 0x84, 0xa8, 0x3, 0xff, 0xab, 0x8, 0x1c,
    0x1, 0xff, 0xd5, 0x47, 0x9, 0x30, 0xf, 0xfe,
    0xa1, 0x50, 0x2b, 0x0, 0x7f, 0xf5, 0x78, 0x4a,
    0xc0, 0x3f, 0xfa, 0xac, 0x60, 0x93, 0x2a, 0x98,
    0x75, 0x20, 0xf, 0xfe, 0x70, 0x80, 0x19, 0xd9,
    0x59, 0xe2, 0xb7, 0x4e, 0x1, 0xff, 0xcc, 0x7c,
    0xbd, 0xef, 0xfb, 0xb2, 0x54, 0xa3, 0x90, 0x3,
    0xff, 0x96, 0x68, 0x42, 0x1, 0x9, 0xb5, 0x73,
    0xd, 0xb0, 0x7, 0xff, 0x54, 0x66, 0x41, 0x26,
    0x1, 0xff, 0xd6, 0x64, 0x8, 0x0, 0xff, 0xeb,
    0xf8, 0x20, 0x80, 0x7f, 0xf5, 0x90, 0x0, 0xa0,
    0x1f, 0xfd, 0x91, 0x0, 0xff, 0xeb, 0x8, 0x7,
    0xff, 0x65, 0x0, 0xe, 0x1, 0xff, 0xd6, 0xe0,
    0x22, 0x0, 0x7f, 0xf5, 0x4d, 0x2, 0x80, 0x3f,
    0xfa, 0xde, 0x2, 0xe0, 0x1f, 0xfc, 0x21, 0x86,
    0x0, 0xff, 0xe2, 0x49, 0x85, 0x80, 0x7f, 0xf0,
    0x9b, 0xc1, 0xc0, 0x3f, 0xf8, 0x6e, 0xc0, 0xea,
    0x1, 0xff, 0xc1, 0x68, 0xc8, 0x10, 0xf, 0xfe,
    0x14, 0xc0, 0x2c, 0x0, 0x7f, 0xf0, 0xa6, 0x88,
    0x3, 0xff, 0x84, 0x36, 0xc0, 0xd4, 0x1, 0xff,
    0xc2, 0x30, 0x40, 0xf, 0xfe, 0x13, 0x7a, 0x4,
    0xc8, 0x3, 0xff, 0x86, 0x20, 0x20, 0x1f, 0xfc,
    0x4, 0xc9, 0x13, 0xd6, 0x0, 0xff, 0xe2, 0x12,
    0xd0, 0x80, 0x7e, 0x16, 0xdb, 0x32, 0xac, 0x20,
    0xf, 0xfe, 0x35, 0x7, 0xc2, 0x11, 0xd, 0x63,
    0x3a, 0x48, 0xeb, 0x54, 0x3, 0xff, 0x93, 0x76,
    0x4b, 0xdd, 0x65, 0x39, 0x24, 0x6e, 0x28, 0x7,
    0xff, 0x31, 0x73, 0xf2, 0xed, 0x9b, 0xd6, 0xe4,
    0x1, 0xff, 0xcb,

    /* U+0036 "6" */
    0x0, 0xff, 0xe8, 0x9b, 0x0, 0x7f, 0xf4, 0x6b,
    0x24, 0x3, 0xff, 0x9e, 0x3a, 0xa0, 0xe0, 0x1f,
    0xfc, 0xe2, 0xf2, 0x6, 0x80, 0xf, 0xfe, 0x69,
    0xe0, 0x8a, 0xa4, 0x3, 0xff, 0x9a, 0x98, 0x31,
    0xca, 0x1, 0xff, 0xcd, 0x5b, 0xb, 0x70, 0xf,
    0xfe, 0x72, 0xd0, 0xe2, 0x0, 0x7f, 0xf3, 0x96,
    0x87, 0xc, 0x3, 0xff, 0x9c, 0xb4, 0x38, 0x40,
    0x1f, 0xfc, 0xe4, 0xa1, 0xc2, 0x0, 0xff, 0xe7,
    0x1d, 0x86, 0x90, 0x7, 0xff, 0x38, 0xb0, 0x2c,
    0xc0, 0x3f, 0xf9, 0xc3, 0x81, 0x48, 0x1, 0xff,
    0xcf, 0xc1, 0x85, 0x0, 0xff, 0xe7, 0xd9, 0x33,
    0x80, 0x7f, 0xf3, 0xe1, 0xe, 0x40, 0x3f, 0xf9,
    0xea, 0xe3, 0xa0, 0x1f, 0xfc, 0xf2, 0xa0, 0x99,
    0x67, 0x7f, 0x52, 0x0, 0x7f, 0xf2, 0x7c, 0x1,
    0xe, 0xe4, 0x52, 0x5b, 0x90, 0xf, 0xfe, 0x3d,
    0x10, 0x2d, 0xfd, 0xd5, 0x33, 0x2, 0xc8, 0x1,
    0xff, 0xc5, 0xa5, 0x1d, 0xa4, 0x0, 0xe3, 0xa0,
    0xe0, 0xf, 0xfe, 0x18, 0xea, 0x85, 0x10, 0x7,
    0xe4, 0x6, 0x0, 0xff, 0xe1, 0xf, 0x90, 0x2a,
    0x0, 0x7f, 0x84, 0x3, 0xff, 0x84, 0x38, 0x20,
    0x36, 0x1, 0xfe, 0x11, 0x30, 0x7, 0xff, 0x7,
    0x44, 0x82, 0xc4, 0x3, 0xfc, 0x81, 0x80, 0x1f,
    0xfc, 0x9, 0x2b, 0x23, 0x50, 0xf, 0xfb, 0x81,
    0xc0, 0x3f, 0xe4, 0x6a, 0xa0, 0x40, 0x7, 0xfc,
    0x68, 0xa2, 0x1, 0xff, 0x4b, 0x89, 0x1a, 0x0,
    0x7f, 0xde, 0x10, 0x1, 0xff, 0x39, 0xc4, 0x84,
    0x80, 0x7f, 0xce, 0x6c, 0x40, 0x1f, 0xf4, 0xc1,
    0x18, 0x28, 0x7, 0xf8, 0xa0, 0x60, 0x3, 0xfe,
    0x60, 0x6a, 0x5, 0x0, 0xff, 0xf, 0x85, 0x88,
    0x7, 0xfd, 0x48, 0x8, 0x1e, 0x1, 0xfe, 0xd2,
    0x55, 0x0, 0x7f, 0xc2, 0x78, 0x6, 0xe, 0x1,
    0xfd, 0x46, 0x54, 0x1, 0xff, 0xc1, 0x37, 0x20,
    0x1, 0x0, 0x7e, 0x95, 0x1c, 0x0, 0xff, 0xe0,
    0x8e, 0xb, 0x0, 0x7f, 0xa5, 0x87, 0x4, 0x3,
    0xff, 0x88, 0xe0, 0x1f, 0x86, 0xd8, 0x70, 0x80,
    0x3f, 0xf8, 0xa4, 0x0, 0x20, 0xc, 0x9e, 0x85,
    0x84, 0x1, 0xff, 0xc6, 0x14, 0x8, 0x0, 0x1d,
    0x58, 0xae, 0x90, 0x7, 0xff, 0x22, 0x45, 0x7f,
    0xd8, 0xa3, 0x54, 0x0, 0xff, 0xe5, 0x16, 0x20,
    0xa, 0x4f, 0x28, 0x7, 0xff, 0x1c,

    /* U+0037 "7" */
    0x0, 0xff, 0xe5, 0x93, 0xe7, 0xd8, 0x6, 0x1e,
    0xa2, 0x0, 0xff, 0xe0, 0x9b, 0xe6, 0xc1, 0x82,
    0x0, 0x61, 0x94, 0xdd, 0x43, 0x19, 0x14, 0x68,
    0xd3, 0x7f, 0x90, 0x60, 0x1a, 0xc0, 0x39, 0xfa,
    0x59, 0x93, 0x9b, 0xb6, 0x5c, 0xb2, 0x12, 0xc0,
    0x80, 0xb, 0x50, 0x3, 0xe6, 0xbe, 0xe6, 0x62,
    0xee, 0xcd, 0xef, 0xda, 0xd1, 0x4, 0xc2, 0x0,
    0xff, 0x84, 0xcc, 0x89, 0x19, 0x8, 0x2, 0xd4,
    0x16, 0xc4, 0x3, 0xff, 0x95, 0x48, 0xb, 0x40,
    0x1f, 0xfc, 0xb8, 0x50, 0x6a, 0x0, 0xff, 0xe5,
    0xb3, 0x82, 0xc8, 0x7, 0xff, 0x2d, 0x24, 0xe,
    0x80, 0x3f, 0xf9, 0x63, 0x40, 0x5a, 0x1, 0xff,
    0xcc, 0xd1, 0x17, 0x88, 0x7, 0xff, 0x2e, 0xc,
    0x28, 0x80, 0x3f, 0xf9, 0x66, 0xe1, 0x8, 0x1,
    0xff, 0xcc, 0xe0, 0x47, 0x0, 0xff, 0xe6, 0x49,
    0xd, 0x0, 0x7f, 0xf3, 0xd, 0x82, 0x84, 0x3,
    0xff, 0x99, 0xc0, 0xc8, 0x1, 0xff, 0xcc, 0x72,
    0x24, 0x80, 0x7f, 0xf3, 0x6, 0x2, 0x40, 0x3f,
    0xf9, 0xb6, 0xa, 0x80, 0x1f, 0xfc, 0xc3, 0x51,
    0xb0, 0xf, 0xfe, 0x6c, 0x4, 0x8, 0x7, 0xff,
    0x31, 0x10, 0x4c, 0x1, 0xff, 0xcd, 0x80, 0x90,
    0xf, 0xfe, 0x6a, 0x1a, 0x20, 0x3, 0xff, 0x9b,
    0x1, 0x0, 0x1f, 0xfc, 0xd4, 0x35, 0x30, 0xf,
    0xfe, 0x6f, 0x84, 0x0, 0x7f, 0xf3, 0x4d, 0x14,
    0x80, 0x3f, 0xf9, 0xb2, 0x10, 0x1, 0xff, 0xcd,
    0x15, 0x51, 0x0, 0x7f, 0xf3, 0x64, 0x24, 0x3,
    0xff, 0x9c, 0xc6, 0x60, 0xf, 0xfe, 0x6a, 0x8c,
    0x80, 0x7f, 0xf3, 0xb8, 0x94, 0x3, 0xff, 0x9a,
    0x29, 0x40, 0x1f, 0xfc, 0xe6, 0x1, 0x0, 0xff,
    0xe7, 0x58, 0x8, 0x7, 0xff, 0x38, 0xc9, 0xc0,
    0x3f, 0xf9, 0xc5, 0xe0, 0x1f, 0xfc, 0xe0,

    /* U+0038 "8" */
    0x0, 0xff, 0xe6, 0x24, 0x67, 0x7f, 0x63, 0x0,
    0x7f, 0xf2, 0xca, 0x3a, 0xdc, 0xc4, 0x8c, 0xd3,
    0x20, 0xf, 0xfe, 0x40, 0xce, 0xb8, 0x89, 0xaf,
    0xf7, 0x5c, 0x4c, 0x20, 0x1f, 0xfc, 0x67, 0xe6,
    0x2, 0x9e, 0x94, 0x0, 0x85, 0x40, 0x80, 0x3f,
    0xf8, 0x85, 0x90, 0x3, 0x3a, 0xc0, 0x1f, 0x8,
    0x8, 0x7, 0xff, 0xd, 0x74, 0xc1, 0xbd, 0x80,
    0x3f, 0x94, 0x8, 0x3, 0xff, 0x85, 0x14, 0x3,
    0x72, 0x20, 0x1f, 0xc2, 0x6a, 0x1, 0xff, 0xc2,
    0x97, 0x4, 0xf4, 0x0, 0xff, 0x98, 0x38, 0x3,
    0xff, 0x83, 0x4c, 0xf, 0x62, 0x1, 0xff, 0xc0,
    0x92, 0x40, 0xf, 0xfe, 0x4, 0xa8, 0x44, 0x0,
    0x3f, 0xf8, 0x2c, 0x30, 0x1, 0xff, 0xc0, 0x76,
    0x8, 0x70, 0xf, 0xfe, 0x14, 0x1a, 0x80, 0x7f,
    0xc7, 0x0, 0xee, 0x0, 0xff, 0xe1, 0x40, 0xf8,
    0x7, 0xff, 0x3, 0x81, 0x20, 0x3, 0xff, 0x84,
    0x6e, 0xc6, 0x1, 0xff, 0x39, 0x5, 0x0, 0x7f,
    0xf0, 0xf8, 0xa4, 0x3, 0xff, 0x81, 0x1, 0x2,
    0x1, 0xff, 0xc2, 0x82, 0xe0, 0xf, 0xfe, 0x2,
    0x80, 0xb8, 0x7, 0xff, 0x9, 0x1e, 0xc, 0x3,
    0xff, 0x81, 0xe0, 0xe0, 0x1f, 0xfc, 0x22, 0xa4,
    0x70, 0xf, 0xfe, 0xb, 0x6, 0x0, 0x7f, 0xf0,
    0x47, 0xce, 0x80, 0x3f, 0xf8, 0x42, 0x2, 0x1,
    0xff, 0xc1, 0xa3, 0xf1, 0x0, 0xff, 0xe1, 0x38,
    0x10, 0x7, 0xff, 0x2, 0x93, 0x48, 0x3, 0xff,
    0x87, 0x21, 0x60, 0x1f, 0xf5, 0x2d, 0x98, 0x7,
    0xff, 0x10, 0xe0, 0xac, 0x3, 0xfa, 0x96, 0xd0,
    0x3, 0xff, 0x8c, 0xf0, 0x9a, 0x80, 0x1e, 0x44,
    0x62, 0x0, 0x7f, 0xf2, 0x34, 0x6, 0xf5, 0x40,
    0x32, 0x71, 0x80, 0x7f, 0xf2, 0x2d, 0x6f, 0x30,
    0xd5, 0xce, 0x20, 0x1f, 0xfc, 0xba, 0x4b, 0x40,
    0x3b, 0xc7, 0x8e, 0x81, 0x0, 0xff, 0xe4, 0x3a,
    0xda, 0x0, 0x63, 0x9e, 0x77, 0x7a, 0x0, 0x7f,
    0xf1, 0x92, 0x25, 0x0, 0x3e, 0x18, 0xd0, 0xb3,
    0x0, 0xff, 0xe2, 0x15, 0x33, 0x0, 0x3f, 0xc5,
    0x21, 0x40, 0x1f, 0xfc, 0x4e, 0x39, 0x0, 0xff,
    0xe0, 0x78, 0x18, 0x7, 0xff, 0xd, 0xcf, 0x80,
    0x3f, 0xf8, 0x2a, 0x1a, 0x1, 0xff, 0xc2, 0x28,
    0x73, 0x0, 0xff, 0xe0, 0x31, 0x3, 0x0, 0x7f,
    0xf0, 0xa0, 0x60, 0x3, 0xff, 0x80, 0x72, 0x12,
    0x20, 0x1f, 0xfc, 0x13, 0x58, 0x0, 0xff, 0xe0,
    0x16, 0x82, 0xb0, 0x7, 0xff, 0xa, 0x41, 0x80,
    0x3f, 0xe3, 0xc1, 0x3a, 0x0, 0xff, 0xe1, 0xa,
    0xb0, 0x7, 0xfc, 0xb8, 0x27, 0x80, 0x1f, 0xfc,
    0x34, 0xc, 0x0, 0xfe, 0x1a, 0xa0, 0x2e, 0x0,
    0x7f, 0xf1, 0x34, 0x1c, 0x3, 0xf2, 0xfa, 0x84,
    0x50, 0x7, 0xff, 0x14, 0x40, 0xc0, 0x3c, 0x99,
    0x42, 0x7a, 0xe0, 0x1f, 0xfc, 0x6e, 0x9, 0x0,
    0x89, 0xf6, 0xcc, 0x67, 0x8, 0x3, 0xff, 0x8e,
    0xc2, 0xfd, 0x9d, 0xb0, 0x44, 0x9e, 0x60, 0xf,
    0xfe, 0x48, 0xe3, 0x1, 0x81, 0xbe, 0x6b, 0x0,
    0x7f, 0xf2, 0xc0,

    /* U+0039 "9" */
    0x0, 0xff, 0xe1, 0x91, 0x88, 0x6, 0x3b, 0xf6,
    0x0, 0xff, 0xe0, 0xbf, 0x6e, 0x72, 0x80, 0x1b,
    0x10, 0x30, 0x3, 0xfe, 0x2d, 0x83, 0x9d, 0x8a,
    0x8, 0x85, 0x98, 0x10, 0x7, 0xf9, 0x34, 0x9b,
    0x58, 0x9c, 0xad, 0xb1, 0xc, 0x30, 0x3, 0xf9,
    0x6c, 0x26, 0x40, 0x18, 0x57, 0x9, 0x40, 0x8,
    0x1, 0xf9, 0x68, 0x25, 0x80, 0x33, 0x9e, 0x10,
    0x70, 0x30, 0x7, 0xe3, 0xa0, 0x86, 0x0, 0xcd,
    0x8, 0x40, 0x28, 0x14, 0x1, 0xf0, 0xe8, 0x2b,
    0x80, 0x64, 0x93, 0xd0, 0x4, 0x81, 0x18, 0x7,
    0xd4, 0x25, 0x40, 0x18, 0xee, 0x1, 0x80, 0xc,
    0x10, 0x1, 0xf3, 0xa0, 0x70, 0x6, 0x1d, 0x57,
    0xd0, 0x2, 0x88, 0x94, 0x3, 0xc5, 0x1, 0x6,
    0x1, 0xb0, 0xa8, 0x4, 0x1, 0x1, 0x20, 0x1f,
    0x48, 0x1b, 0x80, 0x6b, 0x3d, 0x0, 0xc8, 0x42,
    0xe0, 0x1e, 0x54, 0xe, 0x0, 0xd2, 0x9a, 0x20,
    0x1a, 0x2, 0x40, 0x3e, 0x80, 0x72, 0x0, 0x9d,
    0xa4, 0xc0, 0x32, 0x18, 0xb8, 0x7, 0x98, 0x86,
    0x0, 0x25, 0x86, 0x60, 0x7, 0x40, 0x40, 0x7,
    0xd6, 0x10, 0x1, 0x1d, 0x24, 0x80, 0x72, 0x19,
    0x30, 0x7, 0x8c, 0x85, 0x80, 0x5, 0xa5, 0x40,
    0x1e, 0x80, 0x80, 0xf, 0xa8, 0x24, 0x0, 0x58,
    0x18, 0x20, 0x1c, 0xa6, 0x65, 0x0, 0xf9, 0x1,
    0x40, 0xb0, 0x30, 0x40, 0x3d, 0x1, 0xe0, 0x1f,
    0x88, 0x9, 0x30, 0x30, 0x80, 0x3c, 0xc4, 0x86,
    0x1, 0xf8, 0x43, 0xec, 0xbc, 0x80, 0x3e, 0x80,
    0x90, 0xf, 0xed, 0x43, 0x9c, 0x10, 0xf, 0xa0,
    0x5c, 0x80, 0x3f, 0x8e, 0xf1, 0x80, 0x3f, 0x13,
    0x8c, 0x0, 0x7f, 0xf2, 0xa4, 0x2c, 0x3, 0xff,
    0x94, 0xa8, 0x6a, 0x1, 0xff, 0xca, 0xb0, 0xf0,
    0xf, 0xfe, 0x54, 0xb, 0x18, 0x7, 0xff, 0x24,
    0x9c, 0x64, 0x3, 0xff, 0x95, 0xc1, 0x60, 0x1f,
    0xfc, 0xa6, 0x35, 0x50, 0x7, 0xff, 0x24, 0xa4,
    0x6c, 0x3, 0xff, 0x95, 0xc1, 0x62, 0x1, 0xff,
    0xc9, 0x73, 0x55, 0x0, 0x7f, 0xf2, 0x4e, 0x6,
    0xc0, 0x3f, 0xf9, 0x23, 0xa1, 0x42, 0x1, 0xff,
    0xc9, 0xa1, 0x74, 0x0, 0xff, 0xe4, 0xc2, 0x22,
    0x0, 0x3f, 0xf9, 0x2c, 0xe5, 0x40, 0x1f, 0xfc,
    0x93, 0x91, 0xf1, 0x0, 0xff, 0xe4, 0xd2, 0x79,
    0x0, 0x7f, 0xf2, 0x0,

    /* U+0041 "A" */
    0x0, 0xff, 0xf3, 0x25, 0x77, 0xea, 0x80, 0x7f,
    0xf9, 0x93, 0x6d, 0x44, 0xa, 0x8c, 0x3, 0xff,
    0xc9, 0x36, 0x43, 0x19, 0xa8, 0x12, 0x1, 0xff,
    0xe2, 0x2d, 0x60, 0x7e, 0x73, 0x28, 0x7, 0x0,
    0xff, 0xf0, 0xa6, 0x91, 0x32, 0x0, 0x31, 0x81,
    0x80, 0x7f, 0xf8, 0x1a, 0xc1, 0x30, 0xc0, 0x3f,
    0xfc, 0xef, 0x20, 0xd6, 0x20, 0x1e, 0x10, 0x30,
    0xf, 0xfe, 0xf4, 0x40, 0x22, 0x40, 0x3f, 0x10,
    0x30, 0x7, 0xff, 0x76, 0x1c, 0x21, 0xc0, 0x3f,
    0x94, 0x8, 0x3, 0xff, 0xb8, 0xee, 0x9, 0x70,
    0xf, 0xf6, 0x7, 0x80, 0x7f, 0xf6, 0xda, 0x2,
    0x58, 0x3, 0xfe, 0x40, 0x40, 0xf, 0xfe, 0xd2,
    0xc8, 0x43, 0x0, 0x7f, 0xc4, 0x20, 0x40, 0x1f,
    0xfd, 0x93, 0xa0, 0x77, 0x0, 0x7f, 0xf0, 0x10,
    0x10, 0x3, 0xff, 0xb2, 0x5a, 0xd, 0x0, 0x1f,
    0xfc, 0x1d, 0xd, 0x0, 0xff, 0xec, 0xf, 0x8a,
    0x48, 0x7, 0xff, 0x4, 0x50, 0x10, 0x3, 0xff,
    0xb1, 0x44, 0x4b, 0x0, 0xff, 0xe1, 0x20, 0x11,
    0x0, 0x3f, 0xfa, 0xf2, 0x83, 0x80, 0x1f, 0xfc,
    0x3e, 0x5, 0x0, 0xff, 0xeb, 0xb3, 0x3, 0x44,
    0x3, 0xff, 0x84, 0x28, 0x16, 0x1, 0xff, 0xd6,
    0x39, 0xa, 0x30, 0xf, 0xfe, 0x1b, 0x80, 0x98,
    0x7, 0xff, 0x54, 0x74, 0x1d, 0x40, 0x3f, 0xf8,
    0x9a, 0xc, 0x1, 0xff, 0xd6, 0xa1, 0x48, 0x0,
    0xff, 0xe2, 0xa, 0x5, 0x80, 0x7f, 0xf5, 0x5d,
    0x6, 0x80, 0x3f, 0xf8, 0xac, 0x4, 0x60, 0x1f,
    0xfd, 0x44, 0x80, 0xd1, 0x0, 0xff, 0xe2, 0xd0,
    0x50, 0x7, 0xff, 0x50, 0x68, 0x24, 0xc0, 0x3f,
    0xf8, 0xa6, 0x40, 0xc0, 0x1f, 0xfd, 0x4a, 0x16,
    0x60, 0x7, 0xff, 0x1a, 0x81, 0x4, 0x3, 0xff,
    0xa6, 0xe8, 0x52, 0x1, 0xff, 0xc7, 0x60, 0xe0,
    0xf, 0xfe, 0x99, 0xc0, 0x78, 0x7, 0xff, 0x1d,
    0x80, 0x54, 0x3, 0xff, 0xa7, 0xc1, 0x44, 0x1,
    0xff, 0xc7, 0xa0, 0x70, 0xf, 0xfe, 0x9c, 0x92,
    0xa8, 0x3, 0xff, 0x8e, 0x66, 0xb, 0x0, 0xff,
    0xe9, 0x23, 0x15, 0x0, 0x7f, 0xf2, 0x28, 0xc,
    0x80, 0x3f, 0xfa, 0x23, 0x41, 0xc0, 0x1f, 0xfc,
    0x96, 0x9, 0x0, 0xff, 0xe9, 0x58, 0xc1, 0x80,
    0x7f, 0xf2, 0x18, 0x5, 0x40, 0x3f, 0xfa, 0x2a,
    0xa4, 0x70, 0xf, 0xfe, 0x4d, 0x83, 0x80, 0x7f,
    0xf4, 0x46, 0xc2, 0x80, 0x3f, 0xf9, 0x26, 0x41,
    0x60, 0x1f, 0xfd, 0x1a, 0x19, 0x10, 0xf, 0xfe,
    0x4c, 0x81, 0x90, 0x7, 0xff, 0x41, 0x51, 0xc,
    0x1, 0xff, 0xc9, 0x15, 0x6, 0x8a, 0xcd, 0xec,
    0x30, 0xf, 0xfe, 0x48, 0xd8, 0xd0, 0x7, 0xff,
    0x1c, 0xde, 0xb0, 0x0, 0xac, 0xc7, 0x7a, 0xc8,
    0x3, 0xff, 0x93, 0x63, 0x62, 0x1, 0xff, 0xc2,
    0x25, 0x9c, 0xfd, 0xb3, 0x20, 0x7f, 0xec, 0xba,
    0x97, 0x10, 0xf, 0xfe, 0x42, 0x2a, 0xc0, 0x1f,
    0xe1, 0x48, 0xbe, 0xde, 0x19, 0xee, 0x65, 0x0,
    0x24, 0x3, 0xff, 0xa1, 0x43, 0x60, 0x1e, 0x14,
    0x7a, 0xde, 0x91, 0xdc, 0xfb, 0x85, 0x10, 0x4,
    0x82, 0x88, 0x7, 0xff, 0x3e, 0x46, 0xc4, 0x9,
    0x5e, 0xb7, 0xaf, 0xa, 0x7b, 0x65, 0x88, 0x3,
    0xc2, 0xa1, 0xc0, 0x1f, 0xfc, 0x2, 0x97, 0x30,
    0xf, 0xf8, 0xd8, 0x7f, 0x7f, 0x6a, 0x87, 0x7b,
    0xf7, 0x8, 0x20, 0x1f, 0xe6, 0x2, 0x40, 0xf,
    0xfe, 0x3, 0xb4, 0x67, 0xf6, 0xe6, 0x7b, 0x7b,
    0x0, 0x59, 0x27, 0x3f, 0x65, 0x88, 0x3, 0xff,
    0x87, 0x41, 0x60, 0x1f, 0xfc, 0x15, 0xd8, 0x42,
    0x2, 0x33, 0x10, 0x83, 0x21, 0x83, 0xfe, 0x4b,
    0x18, 0x7, 0xff, 0x1d, 0x8, 0x18, 0x3, 0xff,
    0x84, 0x4f, 0x7b, 0xdf, 0xf7, 0x6e, 0x55, 0x91,
    0x20, 0x3, 0xff, 0x99, 0xe0, 0xc0, 0x1f, 0xfc,
    0xf9, 0xe, 0x0, 0xff, 0xe6, 0xa, 0x5, 0x80,
    0x7f, 0xf3, 0x91, 0xc, 0x60, 0x1f, 0xfc, 0xc9,
    0x3, 0x20, 0xf, 0xfe, 0x74, 0x8c, 0x0, 0x7f,
    0xf3, 0x58, 0x24, 0x3, 0xff, 0x9c, 0xe5, 0x62,
    0x1, 0xff, 0xcc, 0x51, 0x12, 0x80, 0x7f, 0xf3,
    0x46, 0xd, 0x40, 0x3f, 0xf9, 0xb2, 0xc, 0x1,
    0xff, 0xce, 0x80, 0xe0, 0xf, 0xfe, 0x69, 0x18,
    0x48, 0x7, 0xff, 0x34, 0x99, 0xc8, 0x3, 0xff,
    0x9b, 0x40, 0x82, 0x1, 0xff, 0xcd, 0x91, 0x80,
    0xf, 0xfe, 0x73, 0x7, 0x80, 0x7f, 0xf3, 0x51,
    0x10, 0x1, 0xff, 0xce, 0x51, 0x24, 0x0, 0xff,
    0xe6, 0xc1, 0x30, 0x7, 0xff, 0x3a, 0x42, 0x80,
    0x3f, 0xf9, 0xaa, 0x72, 0x1, 0xff, 0xce, 0x23,
    0x6, 0x0, 0xff, 0xe6, 0xc2, 0x20, 0x3, 0xff,
    0x9d, 0x40, 0x82, 0x1, 0xff, 0xcc, 0x62, 0x90,
    0xf, 0xfe, 0x7b, 0x7, 0x80, 0x7f, 0xf3, 0x6d,
    0x48, 0x3, 0xff, 0x9c, 0x82, 0x24, 0x0, 0xff,
    0xe6, 0x29, 0x40, 0x7, 0xff, 0x3f, 0x81, 0xc0,
    0x3f, 0xf9, 0xb0, 0xc4, 0x1, 0xff, 0xce, 0x15,
    0xa, 0x0, 0xff, 0xe6, 0x29, 0x40, 0x7, 0xff,
    0x3d, 0xc0, 0x8c, 0x3, 0xff, 0x99, 0x2c, 0x20,
    0x1f, 0xfc, 0xfa, 0xa, 0x0, 0xff, 0xe6, 0x19,
    0xac, 0x3, 0xff, 0x9e, 0x46, 0xa, 0x1, 0xff,
    0xcc, 0x94, 0x20, 0xf, 0xfe, 0x7a, 0x81, 0x10,
    0x3, 0xff, 0x96, 0x2b, 0xe0, 0x1f, 0xfd, 0xb,
    0xa, 0x0, 0xff, 0xe6, 0x31, 0x20, 0x7, 0xff,
    0x3c, 0x4c, 0x10, 0x3, 0xff, 0x99, 0x74, 0x1,
    0xff, 0xd0, 0x70, 0x13, 0x0, 0xff, 0xe5, 0x89,
    0xb0, 0x7, 0xff, 0x43, 0x1, 0x0, 0x3f, 0xf9,
    0x88, 0x42, 0x1, 0xff, 0xd0, 0x40, 0xc0, 0xf,
    0xfe, 0x66, 0xa0, 0x7, 0xff, 0x40, 0x44, 0xa,
    0x1, 0xff, 0xcc, 0x1e, 0x0, 0xff, 0xe8, 0x28,
    0x0, 0x80, 0x3f, 0xf9, 0x96, 0x20, 0x1f, 0xfd,
    0x1, 0x0, 0x30, 0x7, 0xff, 0x30, 0x98, 0x3,
    0xff, 0xa0, 0x20, 0xb, 0x0, 0xff, 0xf5, 0x22,
    0x84, 0x80, 0x7f, 0xf2, 0xc0,

    /* U+0042 "B" */
    0x0, 0xff, 0xf4, 0x1b, 0x45, 0xef, 0x7f, 0xbb,
    0x65, 0x40, 0x3f, 0xfd, 0x6, 0xf7, 0xf9, 0x2e,
    0x86, 0x2, 0x2, 0x4d, 0x5a, 0x60, 0x1f, 0xfe,
    0x35, 0xae, 0xc8, 0x76, 0x9c, 0xef, 0xee, 0xbf,
    0x60, 0x40, 0xb0, 0x80, 0x3f, 0xfb, 0xe9, 0x5f,
    0x48, 0xf7, 0xf9, 0x2c, 0x62, 0x1, 0xc4, 0xfe,
    0x60, 0xb, 0x0, 0xff, 0xee, 0x14, 0x75, 0xa3,
    0xe7, 0x4a, 0x0, 0x7f, 0xf0, 0x47, 0xc0, 0x4,
    0x1, 0xff, 0xda, 0x4b, 0xd7, 0x4b, 0xe8, 0x30,
    0xf, 0xfe, 0x29, 0x80, 0x4, 0x3, 0xff, 0xb0,
    0xdb, 0x6d, 0x1d, 0x48, 0x1, 0xff, 0xc8, 0x20,
    0x7, 0x80, 0x7f, 0xf5, 0x9f, 0xa5, 0xaf, 0x5c,
    0x40, 0x3f, 0xf9, 0x54, 0x2, 0xa0, 0x1f, 0xfd,
    0x47, 0xe8, 0x7d, 0xb4, 0x0, 0xff, 0xe6, 0xb,
    0x84, 0x80, 0x7f, 0xf4, 0xdb, 0xa1, 0xba, 0x48,
    0x3, 0xff, 0x9d, 0x40, 0x4e, 0x1, 0xff, 0xd1,
    0x4d, 0x96, 0xe8, 0x10, 0xf, 0xfe, 0x7b, 0xa0,
    0x70, 0x7, 0xff, 0x40, 0xae, 0xc9, 0xd0, 0x20,
    0x1f, 0xfd, 0x5, 0x80, 0x83, 0x0, 0xff, 0xe7,
    0xc6, 0x86, 0xc8, 0x80, 0x4c, 0x1, 0xff, 0xcd,
    0x4a, 0x5, 0x70, 0xf, 0xfe, 0x71, 0xeb, 0x55,
    0x90, 0x6, 0x89, 0x30, 0xf, 0xfe, 0x59, 0xd8,
    0x1d, 0x0, 0x7f, 0xf3, 0xa3, 0x1b, 0xd4, 0x3,
    0xce, 0x4, 0x1, 0xff, 0xca, 0x3c, 0x3, 0xc0,
    0xf, 0xfe, 0x68, 0xe3, 0xcd, 0x88, 0x7, 0x9c,
    0xc, 0x40, 0x3f, 0xf9, 0x29, 0x80, 0x7a, 0x1,
    0xff, 0xcd, 0x3f, 0x2c, 0x60, 0xf, 0xd2, 0x16,
    0x1, 0xff, 0xc9, 0x5b, 0x3, 0xd1, 0x0, 0xff,
    0xe6, 0x2e, 0x1f, 0x98, 0x7, 0xe5, 0x10, 0x50,
    0xf, 0xfe, 0x43, 0xd0, 0x26, 0x8, 0x7, 0xff,
    0x31, 0x68, 0xf0, 0x40, 0x3f, 0xa4, 0x4, 0x80,
    0x3f, 0xf8, 0xf5, 0x0, 0xb6, 0x1, 0xff, 0xcd,
    0x3a, 0x2d, 0x10, 0xf, 0xe3, 0x30, 0x38, 0x7,
    0xff, 0x18, 0x71, 0x41, 0xe8, 0x3, 0xff, 0x9d,
    0xa3, 0x82, 0x1, 0xfe, 0x90, 0x6, 0x0, 0x7f,
    0xf1, 0x53, 0xcc, 0x2a, 0x0, 0x3f, 0xf9, 0xd2,
    0x34, 0x20, 0x1f, 0xe1, 0x50, 0x17, 0x0, 0xff,
    0xe2, 0x3d, 0x88, 0xb1, 0x40, 0x3f, 0xf9, 0xc4,
    0xcc, 0x40, 0xf, 0xfa, 0x40, 0xb8, 0x80, 0x3f,
    0xf8, 0x43, 0x70, 0x7, 0xe6, 0x1, 0xff, 0xcf,
    0xb0, 0x80, 0xf, 0xfe, 0x3, 0x4, 0x0, 0x7f,
    0xf0, 0xd3, 0xd0, 0x1f, 0x4, 0x3, 0xff, 0xa0,
    0xce, 0x20, 0x1f, 0xf2, 0x88, 0x94, 0x3, 0xff,
    0x85, 0x16, 0x22, 0xb8, 0x0, 0xff, 0xe8, 0xa8,
    0x58, 0x7, 0xff, 0x2, 0x42, 0x0, 0x3f, 0xf8,
    0x25, 0x8e, 0x9, 0xe8, 0x1, 0xff, 0xd2, 0xc1,
    0x30, 0xf, 0xf8, 0xcc, 0x2c, 0x1, 0xff, 0xc0,
    0x6d, 0x30, 0x8b, 0x10, 0xf, 0xfe, 0x9a, 0x20,
    0x3, 0xff, 0x81, 0x21, 0x20, 0x1f, 0xf0, 0xdc,
    0x81, 0xeb, 0x80, 0x7f, 0xf5, 0x4b, 0x40, 0x3f,
    0xe1, 0x50, 0x60, 0xf, 0xf3, 0x72, 0x4, 0x61,
    0x0, 0x7f, 0xf5, 0x48, 0x4, 0x3, 0xfe, 0x60,
    0x61, 0x0, 0xfc, 0x57, 0x20, 0x32, 0x31, 0x59,
    0xba, 0xef, 0xfe, 0xdc, 0x96, 0x30, 0xf, 0xfe,
    0x38, 0x81, 0x0, 0x7f, 0xd2, 0x16, 0x1, 0xf9,
    0xf5, 0x0, 0x3, 0x30, 0x80, 0x95, 0x15, 0x79,
    0x8b, 0xab, 0x42, 0x9c, 0xd7, 0x0, 0xff, 0xe2,
    0xb0, 0x38, 0x7, 0xf9, 0x45, 0x8, 0x2, 0x14,
    0x8c, 0xf8, 0x4, 0x7a, 0xdf, 0xec, 0xa8, 0x75,
    0x44, 0x19, 0x91, 0x5a, 0x2f, 0xe8, 0x63, 0x8c,
    0x3, 0xff, 0xa1, 0x21, 0x0, 0x91, 0xbd, 0x6e,
    0x60, 0x79, 0x70, 0xa4, 0x1, 0xff, 0xc5, 0x5c,
    0x71, 0xc3, 0x0, 0xff, 0xe2, 0x8, 0x7, 0xf1,
    0x98, 0x6b, 0xad, 0xc8, 0x2, 0x19, 0xc3, 0x0,
    0xff, 0xe5, 0xc3, 0x7, 0x0, 0x7f, 0xf0, 0x84,
    0x4, 0x3, 0xfa, 0x40, 0x58, 0x49, 0x98, 0x43,
    0x1c, 0xc0, 0x1f, 0xfc, 0xe8, 0x2, 0x20, 0x7,
    0xff, 0xd, 0xc0, 0x3e, 0x1b, 0x50, 0x1, 0x5c,
    0x2b, 0xd7, 0x38, 0x7, 0xff, 0x40, 0x44, 0x8,
    0x1, 0xff, 0xc1, 0x70, 0xf, 0xc3, 0x88, 0x1,
    0x1d, 0x4c, 0xb9, 0xc0, 0x3f, 0xfa, 0xa6, 0x1,
    0xff, 0xc1, 0x20, 0x10, 0xf, 0x21, 0x0, 0x47,
    0x39, 0x85, 0x0, 0xff, 0xea, 0x88, 0x30, 0x7,
    0xff, 0x4, 0x40, 0xc0, 0x3c, 0xb0, 0xb, 0xf8,
    0xe4, 0x1, 0xff, 0xd6, 0x50, 0x1, 0x80, 0x7f,
    0xf0, 0x88, 0x40, 0x3e, 0xc0, 0xe0, 0xf, 0xfe,
    0xd7, 0x82, 0x0, 0x7f, 0xf0, 0xc7, 0xc0, 0x3c,
    0x28, 0x48, 0x1, 0xff, 0xd9, 0x25, 0xf, 0x0,
    0xff, 0xe1, 0xb1, 0x0, 0x7a, 0x42, 0x80, 0x3f,
    0xfb, 0x50, 0x6, 0x80, 0x1f, 0xfc, 0x32, 0x60,
    0xf, 0x30, 0x30, 0x7, 0xff, 0x65, 0x14, 0x20,
    0x3, 0xff, 0x89, 0xe2, 0x1, 0xca, 0x2a, 0x20,
    0x1f, 0xfd, 0x81, 0xa0, 0x54, 0x0, 0xff, 0xe2,
    0x11, 0x0, 0x3b, 0x83, 0x80, 0x3f, 0xfb, 0x34,
    0x22, 0xb0, 0xf, 0xfe, 0x2b, 0x0, 0x80, 0x44,
    0x84, 0x80, 0x1f, 0xfd, 0x88, 0x40, 0xa1, 0x0,
    0xff, 0xe2, 0x90, 0x18, 0x5, 0x41, 0x40, 0x1f,
    0xfd, 0x85, 0x70, 0x64, 0x0, 0xff, 0xe3, 0x8,
    0x30, 0x4, 0xc0, 0xc0, 0x1f, 0xfd, 0x74, 0xa0,
    0x49, 0x0, 0xff, 0xe4, 0x11, 0x0, 0xa, 0x2a,
    0x20, 0x1f, 0xfd, 0x63, 0xb0, 0x2b, 0x0, 0xff,
    0xe4, 0xb7, 0x0, 0x38, 0x38, 0x3, 0xff, 0xac,
    0x98, 0x5, 0x80, 0x1f, 0xfc, 0xa2, 0x20, 0x12,
    0x12, 0x0, 0x7f, 0xf5, 0x52, 0xc0, 0xb0, 0x40,
    0x3f, 0xf9, 0x5c, 0x21, 0x41, 0x40, 0x1f, 0xfd,
    0x56, 0xb0, 0x2c, 0x10, 0xf, 0xfe, 0x58, 0xb0,
    0x30, 0x30, 0x7, 0xff, 0x52, 0x64, 0x9, 0x82,
    0x1, 0xff, 0xcc, 0x33, 0x20, 0xa8, 0x80, 0x7f,
    0xf2, 0x4, 0xd1, 0x59, 0x8e, 0xcc, 0x54, 0xb6,
    0x6, 0xb1, 0x0, 0xff, 0xe6, 0x88, 0xb8, 0x24,
    0x3, 0xff, 0x84, 0x28, 0xf3, 0x7b, 0xf9, 0x1d,
    0x9c, 0x21, 0xdc, 0x9b, 0x40, 0x89, 0x0, 0xff,
    0xe7, 0xb8, 0x29, 0x18, 0x7, 0xf8, 0xda, 0xbb,
    0x93, 0xbd, 0xff, 0x6d, 0xd4, 0xc3, 0xba, 0x3c,
    0xc0, 0xb1, 0xc0, 0x3f, 0xfa, 0x76, 0x1, 0xf1,
    0x35, 0xfe, 0x51, 0x57, 0x6d, 0x3a, 0x10, 0x7,
    0xc5, 0x90, 0xb, 0x86, 0x1, 0xff, 0xd1, 0x70,
    0x3, 0x80, 0x63, 0x8d, 0xd5, 0x9d, 0xfe, 0x42,
    0x8, 0x7, 0xfc, 0xda, 0x61, 0x34, 0x20, 0x1f,
    0xfd, 0x45, 0x10, 0x28, 0xdc, 0x55, 0x66, 0xc2,
    0x0, 0x7f, 0xf0, 0x8b, 0x24, 0x13, 0x98, 0x3,
    0xff, 0xa9, 0x81, 0xcb, 0x9a, 0xc9, 0x9b, 0x6,
    0x1, 0xff, 0xc4, 0x8d, 0x31, 0x9b, 0x10, 0xf,
    0xfe, 0xab, 0x5, 0x51, 0xef, 0xa4, 0xc0, 0x3f,
    0xf8, 0xab, 0xce, 0xf, 0xcc, 0x1, 0xff, 0xd5,
    0x2a, 0x10, 0x6d, 0xb4, 0x0, 0xff, 0xe3, 0x1e,
    0x50, 0xa6, 0xc0, 0x7, 0xff, 0x54, 0xab, 0x54,
    0x1e, 0x8, 0x3, 0xff, 0x8c, 0x57, 0x86, 0x57,
    0x62, 0x0, 0xff, 0xea, 0xd, 0x6a, 0x38, 0x3,
    0x80, 0x3f, 0xf8, 0xc5, 0x3a, 0x83, 0x3a, 0x80,
    0x1f, 0xfd, 0x57, 0xe5, 0x7e, 0xc0, 0x1, 0x0,
    0x7f, 0xf1, 0xa, 0xb5, 0x86, 0x39, 0x80, 0x3f,
    0xfa, 0xab, 0xd0, 0x9b, 0x1, 0xa0, 0x5, 0x0,
    0xff, 0xe1, 0x1d, 0x6a, 0x8c, 0x73, 0x80, 0x7f,
    0xf5, 0xaa, 0x81, 0x56, 0x40, 0x7, 0x1, 0x10,
    0x7, 0xff, 0x1, 0x73, 0xa, 0x53, 0xce, 0x1,
    0xff, 0xd6, 0x1d, 0x53, 0xf5, 0x0, 0x8c, 0x41,
    0x0, 0x3f, 0xc3, 0x1d, 0x46, 0x97, 0xac, 0x1,
    0xff, 0xd8, 0xd2, 0x5c, 0x10, 0xd, 0x60, 0xc,
    0x0, 0xfc, 0xd9, 0xce, 0xd, 0xb6, 0x80, 0x1f,
    0xfd, 0x94, 0x32, 0xa0, 0xf, 0x20, 0x1, 0x0,
    0x30, 0xad, 0x7c, 0x9a, 0x57, 0x49, 0x0, 0x7f,
    0xf6, 0xc8, 0x10, 0x3, 0xc2, 0x60, 0x44, 0x3,
    0x7c, 0xea, 0x53, 0x8e, 0xb5, 0x0, 0xff, 0xef,
    0x20, 0x34, 0x18, 0x80, 0x48, 0x1, 0x67, 0xe4,
    0x19, 0xa3, 0x71, 0xc4, 0x3, 0xff, 0xc0, 0x56,
    0x4f, 0x9d, 0xff, 0x50, 0x0, 0x8c, 0x9a, 0xbb,
    0x1c, 0x80, 0x3f, 0xfc, 0x89, 0xb6, 0xe8, 0x22,
    0x0, 0x93, 0x3f, 0x65, 0x44, 0x3, 0xff, 0xd2,
    0x91, 0x7d, 0xcf, 0xa2, 0xa3, 0x0, 0xff, 0xf5,
    0x80,

    /* U+0043 "C" */
    0x0, 0xff, 0xf5, 0xb, 0x56, 0x77, 0xf6, 0x41,
    0x0, 0x7f, 0xfa, 0x9b, 0x3a, 0x54, 0xc9, 0x8,
    0xdf, 0x48, 0x3, 0xff, 0xcc, 0x31, 0xf2, 0x65,
    0x19, 0xf9, 0x79, 0xee, 0x12, 0x1, 0xff, 0xe4,
    0x18, 0xe7, 0x5, 0xcd, 0x73, 0x0, 0xe8, 0x45,
    0x0, 0xff, 0xf1, 0xbf, 0x38, 0x2e, 0xd1, 0x80,
    0x7f, 0x78, 0x80, 0x7f, 0xf8, 0x4f, 0x60, 0x13,
    0x68, 0x80, 0x3f, 0xe6, 0x0, 0xff, 0xf0, 0xce,
    0x10, 0xdd, 0x88, 0x3, 0xff, 0x84, 0x20, 0x1f,
    0xfd, 0xe4, 0xe6, 0x6, 0xe4, 0x0, 0xff, 0xe1,
    0xba, 0x0, 0x7f, 0xf7, 0x62, 0xc4, 0xb2, 0x40,
    0x3f, 0xf8, 0xb9, 0xe0, 0x1f, 0xfd, 0xb2, 0xc7,
    0x6, 0xd3, 0x0, 0xff, 0xe3, 0x22, 0x80, 0x7f,
    0xf6, 0x97, 0x4c, 0x2a, 0x40, 0x3f, 0xf8, 0xec,
    0xa0, 0x1f, 0xfd, 0xa8, 0xa0, 0x3d, 0x50, 0xf,
    0xfe, 0x45, 0x40, 0x7, 0xff, 0x60, 0x6d, 0xc1,
    0x70, 0x80, 0x3f, 0xf9, 0x13, 0x20, 0xf, 0xfe,
    0xc1, 0x7a, 0x4, 0x50, 0x7, 0xff, 0x25, 0x41,
    0x40, 0x3f, 0xfa, 0xe9, 0xa2, 0x2b, 0x70, 0xf,
    0xfe, 0x4a, 0x74, 0x80, 0x7f, 0xf5, 0xd6, 0xc0,
    0x71, 0x0, 0x3f, 0xf9, 0x2b, 0xf6, 0x1, 0xff,
    0xd7, 0x7a, 0x3, 0xf2, 0x0, 0xff, 0xe4, 0xc6,
    0x58, 0x7, 0xff, 0x5e, 0x20, 0x9, 0x82, 0x1,
    0xff, 0xc8, 0x3b, 0xd9, 0x0, 0xff, 0xeb, 0xcb,
    0x82, 0xd8, 0x7, 0xff, 0x20, 0xaa, 0xa5, 0x0,
    0xff, 0xeb, 0xcb, 0x3, 0x50, 0x7, 0xff, 0x18,
    0x9e, 0xed, 0x12, 0x20, 0x1f, 0xfd, 0x7a, 0x60,
    0x79, 0x0, 0xff, 0xe3, 0x1d, 0x9d, 0xc9, 0x0,
    0x7f, 0xf6, 0x25, 0x41, 0xe0, 0x3, 0xff, 0x8e,
    0x72, 0x80, 0x1f, 0xfd, 0xa9, 0x60, 0x78, 0x0,
    0xff, 0xf8, 0x43, 0x3, 0xc0, 0x7, 0xff, 0xc2,
    0x1c, 0x1e, 0x0, 0x3f, 0xfe, 0xc, 0xe0, 0xd0,
    0x1, 0xff, 0xf0, 0x59, 0x5, 0x90, 0xf, 0xff,
    0x81, 0xd0, 0x25, 0x0, 0x7f, 0xfc, 0xb, 0x40,
    0xec, 0x3, 0xff, 0xe0, 0x3e, 0x22, 0xd0, 0xf,
    0xff, 0x8d, 0x10, 0x68, 0x80, 0x7f, 0xfc, 0x21,
    0x2, 0x8c, 0x3, 0xff, 0xe0, 0xae, 0x10, 0xa0,
    0x1f, 0xff, 0x3, 0xa0, 0x57, 0x0, 0xff, 0xf8,
    0xf0, 0x15, 0x0, 0x7f, 0xfc, 0x68, 0x83, 0x80,
    0x3f, 0xfe, 0x2a, 0xa0, 0x93, 0x0, 0xff, 0xf8,
    0x15, 0x2, 0xb0, 0x7, 0xff, 0xc7, 0x80, 0x6c,
    0x3, 0xff, 0xe2, 0xc6, 0x14, 0x20, 0x1f, 0xff,
    0x2, 0x90, 0x64, 0x0, 0xff, 0xf0, 0x59, 0x0,
    0x7f, 0xf0, 0xe4, 0xa, 0x40, 0x3f, 0xfc, 0xc,
    0x44, 0x0, 0xff, 0xe1, 0x2a, 0x4, 0x80, 0x7f,
    0xf8, 0xa, 0xe0, 0x3, 0xff, 0x87, 0x60, 0x88,
    0x0, 0xff, 0xf0, 0x4c, 0x84, 0x3, 0xff, 0x85,
    0x2, 0x14, 0x1, 0xff, 0xe0, 0x61, 0x40, 0xf,
    0xfe, 0x11, 0x38, 0x40, 0x80, 0x7f, 0xf7, 0xca,
    0x2c, 0x3, 0xff, 0x87, 0x0, 0x2e, 0x1, 0xff,
    0xdf, 0x1f, 0xa1, 0x0, 0xff, 0xe1, 0x12, 0x84,
    0x0, 0x7f, 0xf8, 0x29, 0x50, 0x3, 0xff, 0x87,
    0x0, 0x2c, 0x1, 0xff, 0xdf, 0x80, 0x80, 0xf,
    0xfe, 0x19, 0x28, 0x40, 0x7, 0xff, 0x7d, 0x1a,
    0x80, 0x3f, 0xf8, 0x96, 0x2, 0xc0, 0x1f, 0xfd,
    0xe3, 0xad, 0x10, 0xf, 0xfe, 0x18, 0xb0, 0x30,
    0x7, 0xff, 0x78, 0xb6, 0xcc, 0x3, 0xff, 0x88,
    0xc0, 0xa, 0x0, 0xff, 0xee, 0x8e, 0x4a, 0x80,
    0x7f, 0xf1, 0x68, 0x10, 0x80, 0x3f, 0xfb, 0x83,
    0x8c, 0xe0, 0x1f, 0xfc, 0x52, 0x20, 0x70, 0x7,
    0xff, 0x70, 0x71, 0xe0, 0x3, 0xff, 0x8c, 0xa0,
    0x4, 0x0, 0xff, 0xed, 0x8e, 0x3d, 0x0, 0x7f,
    0xf1, 0xec, 0xc, 0x40, 0x3f, 0xfb, 0x43, 0x8f,
    0x40, 0x1f, 0xfc, 0x83, 0xb, 0x0, 0xff, 0xed,
    0x17, 0xbd, 0x0, 0x7f, 0xf2, 0x10, 0x0, 0x60,
    0x1f, 0xfd, 0x94, 0xc4, 0xa0, 0xf, 0xfe, 0x49,
    0x0, 0x14, 0x3, 0xff, 0xb0, 0xd6, 0xd4, 0x1,
    0xff, 0xca, 0xf0, 0x0, 0x80, 0x7f, 0xf5, 0xe6,
    0x68, 0x0, 0xff, 0xe5, 0x98, 0x10, 0x7, 0xff,
    0x58, 0x71, 0xed, 0x80, 0x3f, 0xf9, 0x82, 0x2,
    0x1, 0xff, 0xd5, 0x4f, 0x1c, 0x40, 0xf, 0xfe,
    0x68, 0x80, 0x80, 0x7f, 0xf5, 0x26, 0xdf, 0x48,
    0x3, 0xff, 0x9c, 0x60, 0x60, 0x1f, 0xfd, 0x24,
    0xd6, 0xa9, 0x0, 0xff, 0xe8, 0x70, 0x8, 0x7,
    0xff, 0x40, 0x66, 0xdb, 0x54, 0x3, 0xff, 0xa2,
    0x80, 0x4, 0x0, 0xff, 0xe7, 0x37, 0xbc, 0xd9,
    0x0, 0x7f, 0xf4, 0x8c, 0x43, 0x80, 0x3f, 0xf9,
    0x8b, 0xb2, 0x9e, 0xc0, 0x1f, 0xfd, 0x56, 0x5,
    0x20, 0xf, 0xfe, 0x4a, 0x65, 0x36, 0x50, 0x80,
    0x7f, 0xf5, 0xa4, 0x43, 0x80, 0x3f, 0xf8, 0xed,
    0xb6, 0x17, 0x63, 0x0, 0xff, 0xec, 0xe, 0x81,
    0xe9, 0x0, 0x7f, 0xf0, 0x92, 0x7e, 0x5a, 0xf1,
    0x0, 0x3f, 0xfb, 0x67, 0x82, 0x5b, 0x26, 0x1,
    0xf8, 0x9a, 0xbe, 0xdd, 0xdb, 0x68, 0x1, 0xff,
    0xde, 0x3f, 0x60, 0x6c, 0xfc, 0xa9, 0xab, 0xcf,
    0xd9, 0x46, 0xbe, 0x82, 0x0, 0xff, 0xf0, 0x8c,
    0xfd, 0x31, 0x92, 0xb2, 0x33, 0xba, 0xb7, 0xa5,
    0x0, 0x3f, 0xfb, 0xe0,

    /* U+0044 "D" */
    0x0, 0xff, 0xe7, 0x9, 0xab, 0xcd, 0x66, 0xeb,
    0xbf, 0xf7, 0x6e, 0xb2, 0xa1, 0x90, 0xc0, 0x3f,
    0xfd, 0xc3, 0x5d, 0xcf, 0xfd, 0xdf, 0xec, 0xff,
    0xdd, 0xfe, 0xe8, 0xcf, 0xc8, 0xdf, 0xda, 0x73,
    0x0, 0xff, 0xf4, 0xd3, 0x67, 0xe5, 0x43, 0x21,
    0x90, 0x88, 0x2, 0x11, 0x11, 0xa3, 0x3d, 0x67,
    0x72, 0xa, 0xf3, 0xed, 0xc8, 0x3, 0xff, 0xcb,
    0x34, 0x40, 0x1f, 0xfc, 0xb1, 0x58, 0xcf, 0xb3,
    0xad, 0xd4, 0x10, 0x7, 0xff, 0x88, 0x98, 0x3,
    0xff, 0xa2, 0x91, 0xba, 0x56, 0xdc, 0x60, 0xf,
    0xff, 0x7a, 0x7b, 0x0, 0x7f, 0xf1, 0xa, 0x3a,
    0xde, 0x7e, 0x44, 0x3, 0xff, 0xd9, 0x21, 0xe0,
    0x1f, 0xfc, 0x74, 0xbd, 0x56, 0xe8, 0x10, 0xf,
    0xff, 0x4a, 0x90, 0x78, 0x7, 0xff, 0x24, 0xab,
    0x51, 0xf9, 0xc0, 0x3f, 0xfd, 0x10, 0x0, 0x70,
    0xf, 0xfe, 0x59, 0x5d, 0x8a, 0x35, 0x0, 0x3f,
    0xfc, 0xaa, 0x40, 0xa2, 0x1, 0xff, 0xcd, 0x4d,
    0x72, 0xb9, 0x0, 0xff, 0xf2, 0x48, 0x3, 0x80,
    0x3f, 0xfa, 0x11, 0x82, 0xda, 0x40, 0x1f, 0xfe,
    0x14, 0x30, 0x14, 0x0, 0xff, 0xe8, 0x9f, 0x99,
    0x61, 0x80, 0x7f, 0xf8, 0x20, 0x1, 0x20, 0x1f,
    0xfd, 0x31, 0xc5, 0x1c, 0x40, 0xf, 0xfe, 0xf1,
    0x98, 0x0, 0xc0, 0x1f, 0xfd, 0x5a, 0x60, 0xb4,
    0x0, 0xff, 0xee, 0xd0, 0x82, 0x88, 0x7, 0xff,
    0x5a, 0x54, 0x2c, 0xc0, 0x3f, 0xfb, 0x8e, 0x21,
    0x20, 0x1f, 0xfd, 0x8a, 0x40, 0xd1, 0x0, 0xff,
    0xed, 0x10, 0x81, 0x18, 0x7, 0xff, 0x66, 0xc8,
    0x74, 0x3, 0xff, 0xb4, 0x60, 0xb, 0x0, 0xff,
    0xed, 0xf0, 0x1b, 0x80, 0x7f, 0xf6, 0x48, 0x5,
    0x80, 0x3f, 0xfb, 0x66, 0xe1, 0x4, 0x1, 0xff,
    0xd8, 0x90, 0x60, 0xf, 0xfe, 0xec, 0x88, 0x40,
    0x7, 0xff, 0x5c, 0x54, 0x24, 0x3, 0xff, 0xba,
    0x32, 0xa, 0x60, 0x1f, 0xfd, 0x69, 0x5, 0x10,
    0xf, 0xfe, 0xf3, 0x80, 0x24, 0x3, 0xff, 0xac,
    0xc1, 0x20, 0x1f, 0xfe, 0x6, 0x5, 0x10, 0xf,
    0xfe, 0xa2, 0x89, 0x98, 0x3, 0xff, 0xc1, 0x40,
    0x7, 0x0, 0xff, 0xea, 0x48, 0x48, 0x7, 0xff,
    0x84, 0xc0, 0x18, 0x1, 0xff, 0xd3, 0x33, 0xa,
    0x80, 0x7f, 0xf8, 0x90, 0x10, 0x3, 0xff, 0xa7,
    0x21, 0x20, 0x1f, 0xfe, 0x33, 0x1, 0x10, 0x7,
    0xff, 0x44, 0x54, 0x18, 0x3, 0xff, 0xc7, 0xc0,
    0x2, 0x0, 0xff, 0xe8, 0xc8, 0x30, 0x80, 0x7f,
    0xf8, 0xc8, 0x0, 0xc0, 0x1f, 0xfd, 0x16, 0xb,
    0x0, 0xff, 0xff, 0x80, 0x72, 0x8a, 0x10, 0x7,
    0xff, 0x91, 0xc0, 0x6, 0x1, 0xff, 0xd0, 0x90,
    0xf0, 0xf, 0xff, 0x41, 0x80, 0x7f, 0xf3, 0xcc,
    0xc4, 0x80, 0x1f, 0xfe, 0x56, 0x0, 0x8, 0x7,
    0xff, 0x3e, 0x42, 0xc0, 0x3f, 0xfc, 0xc4, 0x0,
    0x60, 0xf, 0xfe, 0x70, 0xa8, 0xb0, 0x7, 0xff,
    0x9b, 0x80, 0x4, 0x1, 0xff, 0xce, 0x90, 0x90,
    0xf, 0xff, 0x3a, 0x81, 0x0, 0x7f, 0xf3, 0xd8,
    0x18, 0x3, 0xff, 0xce, 0x60, 0x80, 0x1f, 0xfc,
    0xe5, 0x16, 0x10, 0xf, 0xff, 0x32, 0x0, 0x3c,
    0x3, 0xff, 0x9d, 0x21, 0x60, 0x1f, 0xfe, 0x7d,
    0x0, 0x38, 0x7, 0xff, 0x34, 0xcc, 0x84, 0x1,
    0xff, 0xe7, 0x70, 0x31, 0x0, 0xff, 0xe6, 0xc8,
    0x40, 0x7, 0xff, 0x9d, 0x4, 0x28, 0x3, 0xff,
    0x9a, 0x2a, 0x66, 0x0, 0xff, 0xf3, 0xc0, 0x1,
    0x80, 0x3f, 0xf9, 0xb2, 0x12, 0x1, 0xff, 0xc2,
    0x24, 0x68, 0xac, 0xde, 0xff, 0xee, 0xdb, 0x95,
    0x0, 0xff, 0xe3, 0x99, 0x81, 0x80, 0x3f, 0xf9,
    0xcc, 0x2a, 0x1, 0xfc, 0x6d, 0x39, 0xfb, 0x54,
    0x22, 0x5d, 0xf6, 0x65, 0xbd, 0xf8, 0x6a, 0x1,
    0xff, 0xc6, 0x80, 0x5, 0x80, 0x7f, 0xf3, 0x54,
    0x64, 0x3, 0xc6, 0xf9, 0xf9, 0x41, 0x59, 0xfd,
    0x95, 0xe, 0xca, 0x88, 0x33, 0xe4, 0x56, 0x50,
    0xf, 0xfe, 0x29, 0xa0, 0x31, 0x0, 0x7f, 0xf3,
    0x64, 0x18, 0x0, 0x2d, 0x7f, 0x96, 0x97, 0xf9,
    0x2c, 0x60, 0x1f, 0xfd, 0x8f, 0x0, 0x58, 0x7,
    0xff, 0x34, 0xcc, 0xc0, 0xf9, 0xd2, 0x35, 0xd9,
    0x8, 0x1, 0xff, 0xdc, 0x63, 0x7, 0x20, 0xf,
    0xfe, 0x6c, 0x82, 0x74, 0x35, 0x7d, 0x28, 0x80,
    0x7f, 0xf7, 0x86, 0x0, 0x60, 0x3, 0xff, 0x98,
    0x52, 0xa0, 0x9, 0xfa, 0x50, 0xf, 0xff, 0x15,
    0x8, 0x58, 0x7, 0xff, 0x2d, 0x2f, 0x58, 0x27,
    0x58, 0x3, 0xff, 0xc8, 0xc8, 0xa, 0xa0, 0xf,
    0xfe, 0x4a, 0x65, 0xac, 0x9, 0x30, 0x7, 0xff,
    0x94, 0xe4, 0x6, 0xc0, 0x3f, 0xf9, 0x7, 0x76,
    0x28, 0xe2, 0x1b, 0x0, 0xff, 0xf2, 0x8e, 0x80,
    0x34, 0x40, 0x3f, 0xf8, 0xc3, 0x38, 0x8f, 0xee,
    0x1c, 0x2c, 0x1, 0xff, 0xe4, 0x1c, 0x10, 0x93,
    0x0, 0xff, 0xe3, 0x2f, 0xb1, 0xec, 0x8, 0x12,
    0x30, 0x7, 0xff, 0x90, 0x74, 0x81, 0x98, 0x1,
    0xff, 0xc6, 0xaa, 0xc, 0xe1, 0x0, 0x56, 0x12,
    0x1, 0xff, 0xe3, 0x1d, 0x30, 0x59, 0x0, 0xff,
    0xe2, 0x96, 0xa9, 0xeb, 0x0, 0x73, 0x28, 0x80,
    0x7f, 0xf8, 0x8b, 0xc, 0x12, 0x80, 0x3f, 0xf8,
    0xa9, 0xa4, 0xd8, 0x40, 0x1c, 0xc1, 0x20, 0x1f,
    0xfe, 0x23, 0xc2, 0x5, 0xb0, 0xf, 0xfe, 0x2a,
    0x58, 0x4c, 0x80, 0x3e, 0xb4, 0x30, 0xf, 0xff,
    0xa, 0xe0, 0x83, 0x50, 0x7, 0xff, 0x15, 0x2c,
    0x29, 0x80, 0x3e, 0x42, 0xf0, 0xf, 0xff, 0xc,
    0x50, 0x2, 0x24, 0x3, 0xff, 0x8a, 0x54, 0x14,
    0xa0, 0x1f, 0xb8, 0x90, 0x3, 0xff, 0xbe, 0x5a,
    0xe0, 0xa, 0x70, 0xf, 0xfe, 0x37, 0x8c, 0x28,
    0x7, 0xe1, 0x5b, 0x0, 0xff, 0xef, 0xb6, 0x90,
    0x16, 0xa8, 0x7, 0xff, 0x19, 0xc9, 0x1c, 0x3,
    0xfa, 0x45, 0x80, 0x3f, 0xfb, 0xa5, 0x72, 0x0,
    0x5d, 0x20, 0xf, 0xfe, 0x30, 0xc8, 0x48, 0x7,
    0xf9, 0x98, 0x1, 0xff, 0xdd, 0x7d, 0x40, 0x4,
    0xd0, 0x7, 0xff, 0x21, 0x85, 0x88, 0x3, 0xf9,
    0x46, 0x40, 0x3f, 0xfb, 0x69, 0xb0, 0x0, 0x4d,
    0x60, 0xf, 0xfe, 0x4d, 0x85, 0x80, 0x7f, 0xb9,
    0x44, 0x3, 0xff, 0xb2, 0x77, 0x62, 0x1, 0xab,
    0x20, 0xf, 0xfe, 0x51, 0x89, 0x0, 0x7f, 0x12,
    0x48, 0x7, 0xff, 0x60, 0xef, 0x10, 0x0, 0xdc,
    0xa0, 0x1f, 0xfc, 0xb1, 0x3, 0x0, 0xff, 0x51,
    0x18, 0x7, 0xff, 0x58, 0xef, 0x10, 0x0, 0xbb,
    0x20, 0x1f, 0xfc, 0xf3, 0x0, 0xff, 0x2d, 0x80,
    0x7f, 0xf5, 0x57, 0x30, 0x80, 0x5, 0xda, 0x20,
    0xf, 0xfe, 0x70, 0x8c, 0x80, 0x1f, 0xca, 0xc0,
    0x1f, 0xfd, 0x21, 0x8e, 0xa3, 0x0, 0x2e, 0xd1,
    0x0, 0x7f, 0xf4, 0x58, 0x20, 0x3, 0xfa, 0x0,
    0x3f, 0xfa, 0x2d, 0x7c, 0xe2, 0x3, 0x1d, 0x44,
    0x1, 0xff, 0xd3, 0x82, 0x3b, 0x0, 0xff, 0xeb,
    0xad, 0x7c, 0xa0, 0x1, 0x2b, 0x9c, 0x40, 0x3f,
    0xfa, 0xde, 0x29, 0xa8, 0x1, 0xff, 0xd1, 0x27,
    0xbf, 0xa5, 0x0, 0x1c, 0x75, 0xa8, 0x7, 0xff,
    0x64, 0xbd, 0xa, 0xf1, 0x40, 0x3f, 0xf9, 0x66,
    0xd5, 0xdb, 0x8, 0x0, 0x38, 0xdc, 0x71, 0x0,
    0xff, 0xee, 0xd, 0xd9, 0xe, 0xbe, 0xdd, 0x8,
    0x3, 0xfe, 0x13, 0x57, 0x9c, 0xfc, 0x95, 0x10,
    0x15, 0xae, 0xc7, 0x20, 0xf, 0xff, 0xa, 0x5f,
    0x42, 0x22, 0x2f, 0x7f, 0xb7, 0x31, 0x79, 0x8d,
    0xef, 0xec, 0xa8, 0x63, 0x0, 0x13, 0x56, 0xf5,
    0x28, 0x80, 0x7f, 0xf9, 0x85, 0xef, 0xf6, 0xa1,
    0x94, 0x44, 0x48, 0x66, 0x21, 0x11, 0x1a, 0x34,
    0x56, 0xfe, 0xca, 0x90, 0x7, 0xff, 0x8c,

    /* U+0045 "E" */
    0x0, 0xff, 0xf5, 0x89, 0xab, 0xb9, 0x40, 0x3f,
    0xff, 0xa2, 0xb5, 0xbd, 0x95, 0x10, 0xab, 0x0,
    0xff, 0xfc, 0x8b, 0x67, 0x52, 0x8b, 0xde, 0xfe,
    0x83, 0x80, 0x7f, 0xfd, 0xd6, 0xfa, 0x4c, 0xd1,
    0xd9, 0x8, 0x40, 0x21, 0x0, 0x1f, 0xff, 0x57,
    0xea, 0x40, 0x6d, 0xc7, 0x10, 0xc, 0x3d, 0x8,
    0x1, 0xff, 0xf2, 0x18, 0xf8, 0x11, 0x47, 0xc9,
    0x0, 0x78, 0x72, 0x9c, 0x3, 0xff, 0xe2, 0x33,
    0xce, 0x5, 0x3c, 0xe0, 0x1f, 0xcb, 0xee, 0x1,
    0xff, 0xf1, 0x7e, 0x60, 0x19, 0xd6, 0x0, 0xff,
    0x90, 0x80, 0x3f, 0xfe, 0x9, 0xb0, 0x0, 0x7e,
    0x60, 0xf, 0xff, 0xf4, 0xd9, 0x2, 0x6c, 0x0,
    0x7f, 0xff, 0x8b, 0x58, 0x6, 0xec, 0x40, 0x1f,
    0xff, 0xe5, 0xd2, 0x5, 0xf4, 0x0, 0xff, 0xff,
    0xb5, 0x0, 0x26, 0x84, 0x3, 0xff, 0xfe, 0xb2,
    0x3, 0x8c, 0x1, 0xff, 0xff, 0x3, 0xa0, 0x2f,
    0x30, 0xf, 0xff, 0xf8, 0x3, 0xc0, 0x70, 0x40,
    0x3f, 0xff, 0xe0, 0x3, 0x30, 0x50, 0x80, 0x7f,
    0xff, 0xc0, 0x24, 0x2, 0x40, 0xf, 0xff, 0xf8,
    0x6, 0x20, 0x30, 0xf, 0xfe, 0x38, 0xa3, 0x44,
    0xc0, 0x80, 0x7f, 0xfa, 0x90, 0x45, 0xae, 0x84,
    0x20, 0x18, 0x49, 0x15, 0xe2, 0xaf, 0x7f, 0xae,
    0x5d, 0x9e, 0xc0, 0x3f, 0xfd, 0x43, 0x86, 0x51,
    0x7b, 0xdf, 0xfb, 0xb6, 0xea, 0x1d, 0x54, 0x24,
    0x1, 0xef, 0x0, 0xff, 0xf5, 0x96, 0x6c, 0x29,
    0x91, 0x4, 0x8d, 0x15, 0xa2, 0xb3, 0xac, 0x8,
    0x3, 0x36, 0x28, 0x7, 0xff, 0xb4, 0x9e, 0xb3,
    0x75, 0xdb, 0x97, 0x52, 0xea, 0xac, 0xa3, 0x0,
    0x25, 0x7c, 0x98, 0x7, 0xff, 0xe9, 0xb6, 0x48,
    0x0, 0xdb, 0x6a, 0x1, 0xff, 0xfb, 0x5d, 0x92,
    0x1, 0x8e, 0x92, 0x0, 0xff, 0xfd, 0x9e, 0x51,
    0x0, 0xc7, 0x38, 0x80, 0x7f, 0xfe, 0xca, 0xb0,
    0xc0, 0x63, 0x9c, 0x3, 0xff, 0xfb, 0x1a, 0xa0,
    0x7, 0xe7, 0x0, 0xff, 0xfe, 0xaf, 0x38, 0x1,
    0xba, 0x0, 0x3f, 0xff, 0xa5, 0x74, 0x20, 0x9b,
    0x22, 0x1, 0xff, 0xfd, 0x7d, 0x40, 0x1a, 0xb2,
    0x0, 0xff, 0xfe, 0x96, 0x40, 0x1, 0xf9, 0x40,
    0x3f, 0xff, 0xcf, 0xa6, 0x7, 0xb0, 0x1, 0xff,
    0xfe, 0x2c, 0x80, 0x4, 0x61, 0x0, 0x7f, 0xff,
    0x9b, 0x4c, 0xf, 0x5c, 0x3, 0xff, 0xff, 0x52,
    0x0, 0x9c, 0x20, 0xf, 0xff, 0xf1, 0xea, 0x81,
    0x6b, 0x0, 0x7f, 0xff, 0xdb, 0x8, 0x1f, 0x48,
    0x3, 0xff, 0xff, 0x32, 0x1, 0xb8, 0x0, 0xff,
    0xff, 0x8e, 0x30, 0x1f, 0xa0, 0x7, 0xff, 0xfc,
    0xfc, 0xc1, 0xb0, 0x40, 0x3f, 0xff, 0xe9, 0x82,
    0x15, 0x20, 0x1f, 0xfe, 0xe2, 0xb1, 0x0, 0xff,
    0xe1, 0xb5, 0x80, 0xe2, 0x80, 0x7f, 0xfb, 0x8b,
    0xc, 0x40, 0x3f, 0xf8, 0x51, 0x20, 0x5e, 0x60,
    0x1f, 0xfe, 0xe3, 0xc9, 0x80, 0xf, 0xfe, 0x14,
    0x38, 0x26, 0x88, 0x7, 0xff, 0xb9, 0xb2, 0x1c,
    0x3, 0xff, 0x85, 0x2e, 0xb, 0x60, 0x1f, 0xfe,
    0xf8, 0x85, 0xb0, 0x7, 0xff, 0xa, 0x58, 0x1a,
    0x80, 0x3f, 0xfd, 0xc3, 0x8b, 0x88, 0x1, 0xff,
    0xc2, 0x96, 0x6, 0x90, 0xf, 0xff, 0x72, 0xfa,
    0xe9, 0x0, 0x7f, 0xf0, 0xa1, 0x81, 0xe4, 0x3,
    0xff, 0xdd, 0x35, 0x72, 0x1, 0xff, 0xc3, 0x67,
    0x6, 0x80, 0xf, 0xff, 0x69, 0xea, 0xea, 0x80,
    0x7f, 0xf0, 0xd2, 0x41, 0x64, 0x3, 0xff, 0xdb,
    0x19, 0x58, 0x40, 0x1f, 0xfc, 0x32, 0xb0, 0x4a,
    0x0, 0xff, 0xf6, 0x1e, 0xae, 0x38, 0x7, 0xff,
    0x17, 0xc0, 0xa8, 0x3, 0xff, 0xd6, 0x35, 0x95,
    0xa6, 0x1, 0xff, 0xc5, 0xa2, 0xf, 0x10, 0xf,
    0xff, 0x53, 0x7b, 0x6b, 0x80, 0x7f, 0xf1, 0x95,
    0x41, 0x24, 0x1, 0xff, 0xe9, 0x3c, 0x88, 0x61,
    0x0, 0x7f, 0xf1, 0xec, 0x11, 0x80, 0x3f, 0xfd,
    0x5, 0x58, 0xbe, 0xc0, 0x1f, 0xfc, 0x88, 0x10,
    0x90, 0xf, 0xff, 0x44, 0x6b, 0x64, 0x88, 0x7,
    0xff, 0x20, 0x5c, 0x1c, 0x80, 0x3f, 0xfc, 0xcf,
    0xcd, 0x58, 0x60, 0x1f, 0xfc, 0xa8, 0x1, 0x80,
    0xf, 0xff, 0x2b, 0x74, 0x4f, 0x28, 0x7, 0xff,
    0x2c, 0x58, 0x18, 0x3, 0xff, 0xc8, 0xdb, 0x2f,
    0xce, 0x1, 0xff, 0xcd, 0x70, 0x5, 0x0, 0x7f,
    0xf8, 0x9b, 0xa5, 0x3a, 0x44, 0x3, 0xff, 0x9d,
    0xa0, 0x64, 0x1, 0xff, 0xe0, 0x7e, 0x94, 0xd9,
    0x10, 0xf, 0xfe, 0x82, 0x82, 0x0, 0x7f, 0xf7,
    0x86, 0x3e, 0x13, 0x68, 0x80, 0x3f, 0xfa, 0x22,
    0x20, 0xe0, 0xf, 0xfe, 0xe1, 0xd7, 0x3b, 0x6d,
    0x10, 0x7, 0xff, 0x4c, 0xc0, 0x6, 0x1, 0xff,
    0xda, 0x6c, 0xc2, 0xbf, 0x49, 0x0, 0x7f, 0xf5,
    0x4c, 0x0, 0x60, 0x1f, 0xfd, 0x72, 0x8e, 0x91,
    0x9f, 0x81, 0x0, 0xff, 0xeb, 0x88, 0x3, 0xc0,
    0x3f, 0xfa, 0x82, 0xd9, 0xae, 0x55, 0xac, 0x1,
    0xff, 0xdb, 0x50, 0x70, 0xf, 0xfe, 0x92, 0x57,
    0x49, 0x3e, 0xe2, 0x80, 0x7f, 0xf7, 0x64, 0x5,
    0xc0, 0x3f, 0xf9, 0xcb, 0x5f, 0x6a, 0x95, 0xd0,
    0x40, 0x1f, 0xfd, 0xf3, 0x50, 0x84, 0x0, 0xff,
    0xe4, 0x93, 0x5f, 0xd2, 0x94, 0x75, 0xa8, 0x7,
    0xff, 0x8e, 0x8c, 0x2e, 0x0, 0x3f, 0xf8, 0x84,
    0xd3, 0xdb, 0x28, 0x4f, 0xba, 0x71, 0x0, 0xff,
    0xf3, 0x62, 0x3, 0xfd, 0x31, 0x0, 0x70, 0x92,
    0x34, 0xdf, 0xec, 0xb0, 0xa4, 0xf6, 0xc1, 0x0,
    0x7f, 0xfa, 0xae, 0xc6, 0xb, 0x3b, 0xfe, 0xef,
    0xf7, 0x6d, 0xcb, 0x20, 0x24, 0x5f, 0xdb, 0x8,
    0x7, 0xff, 0xb9, 0x33, 0x65, 0x4c, 0x40, 0x40,
    0x48, 0xd6, 0x2b, 0x7e, 0xdd, 0x0, 0x3f, 0xfd,
    0xa0,

    /* U+0046 "F" */
    0x0, 0xff, 0xf0, 0x1d, 0xb0, 0x7, 0xff, 0xfc,
    0x3, 0xff, 0xb5, 0xa9, 0x0, 0x1f, 0xff, 0xf0,
    0xf, 0xfe, 0xcb, 0x88, 0x20, 0x7, 0xff, 0xfc,
    0x3, 0xff, 0xb3, 0x20, 0x8, 0x0, 0xff, 0xff,
    0x80, 0x7f, 0xf6, 0x1c, 0x41, 0x88, 0x3, 0xff,
    0xfe, 0x1, 0xff, 0xd8, 0x90, 0x4, 0x0, 0x7f,
    0xf3, 0x84, 0x8d, 0x15, 0x66, 0x6f, 0xfe, 0x6a,
    0xa9, 0xc, 0x40, 0x3f, 0xfc, 0x8c, 0x21, 0x2,
    0x1, 0xff, 0xc3, 0x23, 0x57, 0x8a, 0xbd, 0xef,
    0xf7, 0x6e, 0x5d, 0x55, 0x33, 0xff, 0xcd, 0xaa,
    0x5e, 0x77, 0xf5, 0xc1, 0x80, 0x7f, 0xf7, 0xe0,
    0x5, 0xc0, 0x3c, 0x24, 0x8d, 0x15, 0x9b, 0xfe,
    0xdc, 0xa8, 0x75, 0x42, 0x10, 0xf, 0xfe, 0xe0,
    0xa3, 0xe4, 0x80, 0x7f, 0xf7, 0x58, 0x42, 0x49,
    0x1a, 0x2f, 0x7f, 0xb6, 0xe5, 0xd4, 0xc8, 0x3,
    0xfc, 0x24, 0x8a, 0xcf, 0x13, 0x57, 0x9b, 0xae,
    0xeb, 0xff, 0xff, 0xa3, 0x20, 0x1f, 0xfd, 0x82,
    0x47, 0x9b, 0x80, 0x4, 0x6d, 0xcb, 0xa1, 0x0,
    0x7e, 0x13, 0x45, 0x78, 0xab, 0xde, 0xfe, 0xdb,
    0xa9, 0x87, 0x65, 0x43, 0x22, 0x8, 0xc0, 0x1f,
    0xfe, 0xf2, 0x47, 0x9b, 0xef, 0xdb, 0x86, 0x41,
    0x0, 0xfc, 0x48, 0xcf, 0x37, 0x9d, 0xfd, 0x97,
    0x50, 0xea, 0x84, 0x20, 0x1f, 0xff, 0xa3, 0x58,
    0xbd, 0xfd, 0xb8, 0x64, 0x10, 0xf, 0x85, 0x5e,
    0x6f, 0x7b, 0xf6, 0xe6, 0x19, 0xc, 0x40, 0x3f,
    0xff, 0xe4, 0xb1, 0x7b, 0xf9, 0x4e, 0x84, 0x1,
    0xe2, 0x46, 0x8a, 0x80, 0x5, 0xd4, 0x32, 0x10,
    0x80, 0x7f, 0xff, 0xc0, 0x31, 0xb4, 0xe7, 0xed,
    0x3a, 0x10, 0x7, 0x12, 0xbc, 0xdf, 0x7e, 0xdc,
    0xba, 0xe0, 0x12, 0x80, 0x7f, 0xff, 0xc0, 0x38,
    0x56, 0x33, 0xf2, 0x58, 0xc0, 0x30, 0x9b, 0x4d,
    0xf7, 0xed, 0x43, 0x20, 0x80, 0x71, 0x20, 0x40,
    0x7, 0xff, 0xfc, 0x2, 0x59, 0xde, 0xa7, 0x30,
    0xc, 0x4b, 0x17, 0xdc, 0xc9, 0x64, 0x10, 0xf,
    0xfe, 0x5, 0x81, 0x28, 0x7, 0xff, 0xfc, 0x6b,
    0xe9, 0x88, 0x3, 0x24, 0x5f, 0xed, 0x3a, 0x8,
    0x7, 0xff, 0x14, 0x58, 0x2c, 0x3, 0xff, 0xfe,
    0xc, 0xa0, 0x18, 0x9f, 0x3e, 0xdd, 0x0, 0x3f,
    0xf9, 0x72, 0x2, 0xc0, 0x1f, 0xff, 0xf0, 0x10,
    0x8, 0x6f, 0x60, 0xc0, 0x3f, 0xf9, 0xec, 0x12,
    0x1, 0xff, 0xff, 0x0, 0x38, 0x80, 0x6, 0xff,
    0xdd, 0x95, 0x2c, 0x60, 0x1f, 0xfc, 0x97, 0x11,
    0x38, 0x7, 0xff, 0xfc, 0x0, 0x3f, 0x10, 0xab,
    0xbd, 0x44, 0x77, 0x9f, 0xb2, 0x80, 0x1f, 0xfc,
    0x59, 0x9, 0x0, 0xff, 0xff, 0x80, 0x61, 0x77,
    0x2a, 0x24, 0xad, 0x15, 0xbf, 0x94, 0x57, 0xd4,
    0x60, 0x1f, 0xfc, 0x15, 0x10, 0x60, 0xf, 0xff,
    0xf8, 0x7, 0xff, 0x14, 0xde, 0xfe, 0xc3, 0x30,
    0xa0, 0x1f, 0xf4, 0x83, 0x8, 0x7, 0xff, 0xfc,
    0x3, 0xff, 0x92, 0xb5, 0xc9, 0x7a, 0x60, 0x1f,
    0x8c, 0xc1, 0x60, 0x1f, 0xff, 0xf0, 0xf, 0xfe,
    0x60, 0xc7, 0x2e, 0x50, 0x80, 0x7a, 0x41, 0x48,
    0x3, 0xff, 0xfe, 0x1, 0xff, 0xcf, 0x8d, 0x1f,
    0x30, 0xc, 0x2a, 0x12, 0x1, 0xff, 0xff, 0x0,
    0xff, 0xe8, 0x95, 0xb6, 0x30, 0x5, 0x20, 0x66,
    0x0, 0xff, 0xff, 0x80, 0x7f, 0xf4, 0xe2, 0xa5,
    0xc0, 0xc, 0x12, 0x1, 0xff, 0xff, 0x0, 0xff,
    0xea, 0xad, 0x43, 0x30, 0x44, 0xa0, 0x1f, 0xff,
    0xf0, 0xf, 0xfe, 0xb2, 0xc4, 0xc0, 0x48, 0x7,
    0xff, 0xfc, 0x3, 0xff, 0xb0, 0xe8, 0x20, 0xe0,
    0x1f, 0xff, 0xf0, 0xf, 0xfe, 0xc8, 0x82, 0x80,
    0x7f, 0xff, 0xc0, 0x3f, 0xfb, 0x22, 0xa0, 0x80,
    0x1f, 0xff, 0xf0, 0xf, 0xfe, 0xcc, 0x80, 0x89,
    0x0, 0x3f, 0xff, 0xe0, 0x1f, 0xfd, 0x86, 0xb,
    0xc, 0x0, 0xff, 0xff, 0x80, 0x7f, 0xf5, 0xd4,
    0x49, 0x48, 0xc0, 0x3f, 0xff, 0xe0, 0x1f, 0xfd,
    0x7e, 0xa, 0x6, 0x60, 0x7, 0xff, 0xfc, 0x3,
    0xff, 0xac, 0x48, 0xc, 0x2, 0x1, 0xff, 0xff,
    0x0, 0xff, 0xeb, 0xd8, 0x28, 0x80, 0x7f, 0xff,
    0xc0, 0x3f, 0xfb, 0x2e, 0x12, 0x0, 0x10, 0xf,
    0xff, 0xf8, 0x7, 0xff, 0x59, 0x84, 0x8c, 0x0,
    0xcc, 0x0, 0xff, 0xff, 0x80, 0x7f, 0xf5, 0x68,
    0x2c, 0x2, 0x21, 0x0, 0xff, 0xff, 0x80, 0x7f,
    0xf5, 0xc, 0xc0, 0xc0, 0x2, 0xd, 0x0, 0xff,
    0xff, 0x80, 0x7f, 0xf5, 0x28, 0x18, 0x2, 0x60,
    0x20, 0xf, 0xff, 0xf8, 0x7, 0xff, 0x51, 0x82,
    0x80, 0x2c, 0x7, 0x0, 0xff, 0xff, 0x80, 0x7f,
    0xf4, 0xd8, 0x8, 0xc0, 0x24, 0x12, 0x0, 0xff,
    0xff, 0x80, 0x7f, 0xf4, 0xe8, 0x2c, 0x3, 0x1a,
    0x0, 0x7f, 0xff, 0xc0, 0x3f, 0xfa, 0x64, 0x60,
    0xe0, 0x12, 0x6, 0x92, 0x33, 0xcd, 0x66, 0x37,
    0xb9, 0xff, 0xee, 0xdc, 0xb9, 0x75, 0x20, 0xf,
    0xff, 0xf8, 0x7, 0xa8, 0xd, 0x22, 0xfa, 0xc2,
    0x36, 0xe6, 0x19, 0xdc, 0xcb, 0x31, 0x57, 0x6c,
    0xca, 0xa6, 0xb0, 0x32, 0x37, 0x88, 0x3, 0xff,
    0xfe, 0x0, 0x36, 0x60, 0x1d, 0x3a, 0x8, 0x1,
    0x1e, 0x73, 0xbf, 0x6e, 0xa1, 0xd9, 0x51, 0x6,
    0x72, 0x21, 0x9e, 0x6f, 0x7a, 0x88, 0x3, 0xff,
    0xfa, 0x4f, 0x7f, 0x92, 0x20, 0x2, 0x69, 0xa0,
    0x7b, 0x86, 0x31, 0x0, 0xff, 0xe4, 0xa, 0x0,
    0x7f, 0xfe, 0xce, 0x37, 0x50, 0x80, 0x19, 0xbf,
    0x65, 0x8c, 0x28, 0x3, 0xff, 0xfe, 0x1, 0xff,
    0xc8, 0x17, 0xdc, 0x72, 0x1, 0x6b, 0xd0, 0x5,
    0x80, 0x6a, 0x22, 0x0, 0x7f, 0xff, 0xc0, 0x3f,
    0xf8, 0xc3, 0x3d, 0x4, 0x4, 0xf9, 0xd2, 0x8a,
    0x6, 0x40, 0x11, 0x1d, 0x0, 0x7f, 0xff, 0xc0,
    0x3f, 0xf8, 0xcd, 0xcc, 0x0, 0x6c, 0xd8, 0x30,
    0xa, 0x82, 0x80, 0x35, 0x3, 0x0, 0x7f, 0xff,
    0xc0, 0x3f, 0xf8, 0xb3, 0x20, 0x18, 0xf9, 0x30,
    0xe, 0x32, 0x7, 0x0, 0xcc, 0xa2, 0x1, 0xff,
    0xff, 0x0, 0xff, 0xe2, 0x2b, 0x3, 0x73, 0x80,
    0x7e, 0xa0, 0x51, 0x0, 0x98, 0x78, 0x3, 0xff,
    0xfe, 0x1, 0xff, 0xc5, 0x70, 0x79, 0x0, 0xff,
    0x38, 0x78, 0x6, 0xb2, 0x40, 0xf, 0xff, 0xf8,
    0x7, 0xff, 0x14, 0xb3, 0x40, 0x3f, 0xca, 0x22,
    0x50, 0x9, 0xa, 0xc0, 0x3f, 0xff, 0xe0, 0x1f,
    0xfc, 0x73, 0x50, 0xf, 0xf7, 0x3, 0x80, 0x6f,
    0x16, 0x0, 0xff, 0xff, 0x80, 0x7f, 0xf4, 0x85,
    0x3, 0x40, 0x23, 0x49, 0x0, 0xff, 0xff, 0x80,
    0x7f, 0xf4, 0xdc, 0x5, 0x0, 0x29, 0x6, 0x0,
    0xff, 0xff, 0x80, 0x7f, 0xf4, 0xe8, 0x18, 0x2,
    0x35, 0x61, 0x0, 0xff, 0xff, 0x80, 0x7f, 0xf4,
    0x88, 0xc2, 0xc0, 0x28, 0x8, 0x0, 0xff, 0xff,
    0x80, 0x7f, 0xf4, 0xd4, 0x4, 0xc0, 0x6, 0x8e,
    0x20, 0x1f, 0xff, 0xf0, 0xf, 0xfe, 0x9d, 0x3,
    0x0, 0x5e, 0x12, 0x1, 0xff, 0xff, 0x0, 0xff,
    0xe9, 0x91, 0x2, 0xc0, 0xa, 0x6e, 0x20, 0x1f,
    0xff, 0xf0, 0xf, 0xfe, 0x9d, 0x0, 0x98, 0x2,
    0x6, 0x40, 0x3f, 0xff, 0xe0, 0x1f, 0xfd, 0x45,
    0x7, 0x0, 0x39, 0x48, 0x80, 0x7f, 0xff, 0xc0,
    0x3f, 0xfa, 0x64, 0x40, 0xd0, 0x28, 0x27, 0x0,
    0xff, 0xff, 0x80, 0x7f, 0xf5, 0x14, 0x0, 0x81,
    0xc1, 0x0, 0x1f, 0xff, 0xf0, 0xf, 0xfe, 0xad,
    0x82, 0x3, 0x19, 0x94, 0x3, 0xff, 0xfe, 0x1,
    0xff, 0xd4, 0x13, 0xc, 0x39, 0xe, 0x0, 0xff,
    0xff, 0x80, 0x7f, 0xf5, 0x5c, 0x0, 0x3a, 0xc,
    0x40, 0x1f, 0xff, 0xf0, 0xf, 0xfe, 0xae, 0x0,
    0x24, 0x45, 0x0, 0x1f, 0xff, 0xf0, 0xf, 0xfe,
    0xb2, 0x0, 0x6b, 0x10, 0xf, 0xff, 0xf8, 0x7,
    0xff, 0x54, 0x44, 0x1, 0x22, 0x80, 0x7f, 0xff,
    0xc0, 0x3f, 0xfa, 0xca, 0x1, 0xa8, 0x3, 0xff,
    0xfe, 0x1, 0xff, 0xd7, 0x20, 0xa, 0x84, 0x3,
    0xff, 0xfe, 0x1, 0xff, 0xd7, 0x20, 0x3, 0x28,
    0x7, 0xff, 0xfc, 0x3, 0xff, 0xb0, 0x8d, 0x12,
    0x1, 0xff, 0xff, 0x0, 0xff, 0xe6, 0x0,

    /* U+0047 "G" */
    0x0, 0xff, 0xf8, 0xad, 0x6f, 0xfb, 0x58, 0x3,
    0xff, 0xe2, 0x53, 0xf4, 0xa4, 0x0, 0x29, 0x70,
    0xf, 0xff, 0x71, 0x56, 0xb0, 0x4, 0x22, 0x0,
    0xa4, 0x3, 0xff, 0xdb, 0x1a, 0xa0, 0x5, 0xae,
    0xeb, 0xd8, 0x4, 0x3, 0xff, 0xd6, 0x9c, 0xe0,
    0x31, 0xd4, 0xa2, 0x1, 0x49, 0x0, 0x80, 0x7f,
    0xfa, 0x6, 0xac, 0x45, 0x1c, 0xe2, 0x1, 0xf2,
    0x0, 0x80, 0x7f, 0xf9, 0xd3, 0xd4, 0x1b, 0xdc,
    0x3, 0xfe, 0x20, 0xf, 0xff, 0x3c, 0x58, 0x96,
    0x48, 0x80, 0x7f, 0xca, 0x80, 0x1f, 0xfe, 0x51,
    0xc7, 0x7, 0xd3, 0x0, 0xff, 0xe0, 0x9e, 0x0,
    0x7f, 0xf9, 0xf, 0xcc, 0x6e, 0x0, 0x3f, 0xf8,
    0x48, 0x2a, 0x1, 0xff, 0xe3, 0x6c, 0x13, 0xf4,
    0x0, 0xff, 0xe1, 0xeb, 0x80, 0x7f, 0xf8, 0xe6,
    0x40, 0xf8, 0x20, 0x1f, 0xfc, 0x31, 0x6b, 0x0,
    0xff, 0xf1, 0x5b, 0x5, 0x40, 0x7, 0xff, 0x15,
    0x90, 0x80, 0x3f, 0xfc, 0x3, 0xa8, 0x38, 0xa0,
    0x1f, 0xfc, 0x69, 0x80, 0xf, 0xff, 0x1, 0x79,
    0x13, 0xc, 0x3, 0xff, 0x8c, 0xea, 0x60, 0x1f,
    0xfd, 0xf3, 0xc1, 0x3c, 0x20, 0xf, 0xfe, 0x30,
    0xc4, 0x80, 0x7f, 0xf7, 0xd3, 0x5, 0x30, 0x40,
    0x3f, 0xf8, 0xf6, 0xc4, 0x1, 0xff, 0xde, 0x4b,
    0x6, 0xb0, 0xf, 0xfe, 0x42, 0x22, 0x0, 0x3f,
    0xfb, 0xcb, 0x60, 0xd2, 0x1, 0xff, 0xc9, 0x9b,
    0x10, 0xf, 0xfe, 0xea, 0xd0, 0x3c, 0x80, 0x7f,
    0xf2, 0x65, 0x94, 0x3, 0xff, 0xba, 0xd4, 0xf,
    0x0, 0x1f, 0xfc, 0x95, 0x7a, 0x0, 0xff, 0xee,
    0xac, 0x83, 0xc0, 0x7, 0xff, 0x24, 0xaa, 0x82,
    0x1, 0xff, 0xdc, 0x5a, 0x6, 0x80, 0xf, 0xfe,
    0x48, 0xfc, 0x20, 0x7, 0xff, 0x71, 0x28, 0x1a,
    0x40, 0x3f, 0xf9, 0x5a, 0xee, 0x0, 0xff, 0xee,
    0x25, 0x83, 0x48, 0x7, 0xff, 0x2a, 0xde, 0x80,
    0x3f, 0xfb, 0x89, 0x60, 0x92, 0x1, 0xff, 0xca,
    0xc0, 0xb0, 0xf, 0xfe, 0xe1, 0x58, 0x1d, 0x80,
    0x7f, 0xf2, 0xea, 0xc0, 0x3f, 0xfb, 0x85, 0x80,
    0x58, 0x1, 0xff, 0xcc, 0x60, 0xf, 0xfe, 0xe0,
    0xf8, 0x96, 0x0, 0x7f, 0xfd, 0xb4, 0x87, 0xc4,
    0x3, 0xff, 0xeb, 0x66, 0x1a, 0x40, 0x1f, 0xff,
    0x59, 0x40, 0x93, 0x0, 0xff, 0xfa, 0xbb, 0x3,
    0xb0, 0x7, 0xff, 0xd5, 0x20, 0x16, 0x0, 0x3f,
    0xfe, 0xa5, 0x60, 0x74, 0x1, 0xff, 0xf5, 0x1f,
    0x1, 0xe0, 0xf, 0xff, 0xb6, 0x90, 0x51, 0x0,
    0x7f, 0xf7, 0xe, 0xbb, 0x90, 0x1, 0xff, 0xc8,
    0x83, 0x8, 0x40, 0xf, 0xfe, 0xd8, 0xd6, 0x28,
    0x89, 0xc8, 0x3, 0xff, 0x8c, 0xae, 0x8, 0xe0,
    0x1f, 0xfd, 0xb3, 0xf5, 0x3, 0x60, 0xf, 0xfe,
    0x41, 0x50, 0x15, 0x80, 0x7f, 0xf6, 0xd3, 0x4,
    0x55, 0x9e, 0x6, 0x40, 0x1f, 0xfc, 0x5f, 0x0,
    0x70, 0x7, 0xff, 0x6d, 0x6c, 0xb, 0x16, 0x24,
    0x78, 0x3, 0xff, 0x8b, 0x44, 0x12, 0x60, 0x1f,
    0xfd, 0xa4, 0xa0, 0x4d, 0x3b, 0x72, 0xc2, 0x0,
    0xff, 0xe2, 0x32, 0x82, 0x30, 0x7, 0xff, 0x68,
    0xec, 0x16, 0xd7, 0xd1, 0xb0, 0x80, 0x3f, 0xf8,
    0x85, 0x20, 0x34, 0x1, 0xff, 0xda, 0x2c, 0x6,
    0xbb, 0x51, 0xdc, 0x88, 0x7, 0xff, 0x17, 0x80,
    0x14, 0x20, 0x1f, 0xfd, 0x91, 0xc0, 0x5e, 0xe2,
    0x46, 0xa0, 0x7, 0xff, 0x1a, 0xc, 0x1d, 0x0,
    0x3f, 0xfb, 0x5a, 0x22, 0x78, 0x5e, 0x70, 0xf,
    0xfe, 0x39, 0xb8, 0x14, 0x0, 0x7f, 0xf6, 0xa8,
    0xc0, 0x45, 0x94, 0x20, 0x1f, 0xfc, 0x8e, 0x0,
    0x70, 0x7, 0xff, 0x69, 0x94, 0xe, 0xf0, 0xc0,
    0x3f, 0xf9, 0x32, 0x40, 0xe6, 0x1, 0xff, 0xd9,
    0x39, 0xa, 0xc4, 0x0, 0xff, 0xe5, 0x1b, 0x1,
    0x40, 0x7, 0xff, 0x61, 0x2f, 0x2, 0x54, 0x3,
    0xff, 0x99, 0xc0, 0xe, 0x0, 0xff, 0xe2, 0xc9,
    0x80, 0x7f, 0xf1, 0x17, 0x2d, 0x1, 0x18, 0x3,
    0xff, 0x99, 0x4, 0xc, 0x60, 0x1f, 0xfc, 0x42,
    0x62, 0x0, 0xff, 0xe0, 0x9c, 0xfd, 0x2c, 0x80,
    0xd0, 0x7, 0xff, 0x30, 0x9c, 0x6, 0x0, 0x3f,
    0xf8, 0xa6, 0x8, 0x1, 0xfe, 0x27, 0xcc, 0x24,
    0x74, 0xd8, 0x68, 0x80, 0x7f, 0xf3, 0x24, 0x1,
    0x62, 0x1, 0xff, 0xc5, 0x1a, 0xa4, 0x10, 0x6,
    0x36, 0x9e, 0xda, 0x4d, 0xd3, 0x8c, 0x13, 0x18,
    0x7, 0xff, 0x31, 0x10, 0x6, 0xa0, 0x1f, 0xfc,
    0x75, 0xe0, 0xff, 0xec, 0xb3, 0x8e, 0xd8, 0x20,
    0x1, 0xb8, 0xc8, 0x7, 0xff, 0x36, 0x40, 0x1c,
    0x1, 0xff, 0xc9, 0x18, 0xdf, 0xee, 0xbf, 0x69,
    0x84, 0x3, 0xbc, 0x28, 0x3, 0xff, 0x9a, 0xc4,
    0xa, 0x40, 0x1f, 0xfc, 0xd1, 0x18, 0x3, 0xfa,
    0x8d, 0x50, 0x3, 0xff, 0x9b, 0x0, 0xb, 0x0,
    0xff, 0xec, 0xc2, 0x8d, 0x80, 0x7f, 0xf3, 0x5c,
    0x41, 0xc4, 0x3, 0xff, 0xb0, 0xce, 0x12, 0x20,
    0x1f, 0xfc, 0xd9, 0x0, 0x48, 0x7, 0xff, 0x61,
    0xa4, 0x9, 0xc0, 0x3f, 0xf9, 0xae, 0x20, 0xe2,
    0x1, 0xff, 0xd7, 0x59, 0x0, 0x48, 0x7, 0xff,
    0x3a, 0x40, 0x12, 0x1, 0xff, 0xd7, 0x5a, 0x50,
    0x44, 0x0, 0x7f, 0xf3, 0x54, 0x41, 0x84, 0x3,
    0xff, 0xac, 0xd4, 0xe0, 0x8, 0x0, 0xff, 0xe7,
    0x48, 0x2, 0xc0, 0x3f, 0xfa, 0xcd, 0x31, 0x4a,
    0xa3, 0x0, 0xff, 0xe6, 0x91, 0x82, 0x10, 0x7,
    0xff, 0x56, 0x26, 0x9e, 0x42, 0x0, 0x3f, 0xf9,
    0xd4, 0x0, 0xe0, 0xf, 0xfe, 0xad, 0x3d, 0xa9,
    0x22, 0x90, 0x7, 0xff, 0x39, 0x40, 0x54, 0x3,
    0xff, 0xa9, 0x69, 0x88, 0x10, 0x10, 0x1, 0xff,
    0xce, 0x22, 0x3, 0x80, 0x7f, 0xf4, 0xcb, 0x5f,
    0xcc, 0x9, 0x50, 0x80, 0x3f, 0xf9, 0xc8, 0x0,
    0xc0, 0xf, 0xfe, 0x92, 0x6b, 0xe0, 0x80, 0x2c,
    0x3c, 0x3, 0xff, 0x9f, 0x80, 0x5, 0x0, 0xff,
    0xe8, 0xbd, 0xc5, 0x0, 0x66, 0x24, 0x0, 0xff,
    0xe7, 0xb8, 0x10, 0x7, 0xff, 0x40, 0x6e, 0x2d,
    0xc0, 0x33, 0x85, 0x80, 0x7f, 0xf4, 0x8, 0x1c,
    0x3, 0xff, 0x9e, 0x9e, 0xfc, 0x80, 0x1d, 0x42,
    0xc0, 0x1f, 0xfc, 0xf1, 0x0, 0x10, 0x7, 0xff,
    0x3a, 0x6d, 0xb0, 0x40, 0x39, 0x9, 0xc0, 0x3f,
    0xfa, 0x6, 0x0, 0xf0, 0xf, 0xfe, 0x62, 0x6b,
    0xe4, 0x0, 0x7d, 0xc1, 0x40, 0x1f, 0xfd, 0x3,
    0x0, 0x8, 0x7, 0xff, 0x28, 0x66, 0xdf, 0xcc,
    0x3, 0xf2, 0x91, 0x80, 0x7f, 0xf4, 0x4, 0x1,
    0xc0, 0x1f, 0xfc, 0x96, 0xf7, 0x9a, 0x10, 0xf,
    0xca, 0x14, 0x1, 0xff, 0xd2, 0x10, 0x30, 0xf,
    0xfe, 0x3a, 0x6c, 0xa7, 0xb0, 0x7, 0xfb, 0xc1,
    0x40, 0x3f, 0xfa, 0x4e, 0x8, 0x20, 0x1f, 0xfc,
    0x44, 0xcb, 0xb, 0xa1, 0x0, 0xff, 0x94, 0x88,
    0x1, 0xff, 0xd2, 0xa0, 0x5, 0x80, 0x7f, 0xf0,
    0x97, 0x2c, 0xa7, 0x50, 0x3, 0xff, 0x80, 0x60,
    0xa0, 0x1f, 0xfd, 0x33, 0x60, 0x5a, 0x10, 0xf,
    0xe3, 0x9e, 0xa2, 0x8e, 0x60, 0xf, 0xfe, 0x12,
    0x6, 0x0, 0x7f, 0xf5, 0x25, 0x1, 0x7a, 0x94,
    0xc8, 0x88, 0xd5, 0xd8, 0xc7, 0x3c, 0xe0, 0x1f,
    0xfc, 0x4d, 0x4, 0x0, 0xff, 0xea, 0xdb, 0x80,
    0x16, 0xb3, 0x75, 0x72, 0xa2, 0xb7, 0xac, 0x1,
    0xff, 0xc6, 0x62, 0x0, 0xff, 0xeb, 0xc7, 0x41,
    0x88, 0x9, 0x23, 0xdf, 0xd2, 0x0, 0x7f, 0xf2,
    0x5, 0xc0, 0x3f, 0xfb, 0x2, 0xf9, 0xdf, 0xdb,
    0x70, 0x80, 0x1f, 0xfc, 0xb6, 0xd0, 0xf, 0xff,
    0xcc, 0x30, 0x7, 0xff, 0x4c,

    /* U+0048 "H" */
    0x0, 0xff, 0xf3, 0x8, 0x7, 0xff, 0xfc, 0x3,
    0xfc, 0xdd, 0xa0, 0x1f, 0xff, 0xf0, 0xf, 0xc3,
    0x20, 0x40, 0x1f, 0xfd, 0x59, 0x10, 0xf, 0xff,
    0x25, 0x80, 0x1c, 0x3, 0xff, 0xa9, 0xc, 0xe0,
    0x1f, 0xfe, 0x34, 0x50, 0x28, 0x0, 0xff, 0xe9,
    0x8b, 0x81, 0x0, 0x7f, 0xf8, 0xe4, 0x1, 0x20,
    0x1f, 0xfd, 0x49, 0x1, 0x40, 0xf, 0xff, 0x13,
    0x10, 0x2a, 0x0, 0x7f, 0xf4, 0xc5, 0xc2, 0x40,
    0x3f, 0xfc, 0x43, 0x0, 0xb, 0x0, 0xff, 0xea,
    0x48, 0xb, 0x80, 0x7f, 0xf8, 0xa0, 0x42, 0x44,
    0x3, 0xff, 0xa6, 0x2e, 0x12, 0x1, 0xff, 0xe2,
    0x26, 0x3, 0x60, 0xf, 0xfe, 0xa4, 0x0, 0xb8,
    0x7, 0xff, 0x8a, 0x40, 0x1e, 0x1, 0xff, 0xd4,
    0x16, 0x8, 0x0, 0xff, 0xf1, 0x22, 0x1, 0x8c,
    0x3, 0xff, 0xa9, 0x0, 0x4c, 0x1, 0xff, 0xe2,
    0x90, 0x18, 0x0, 0xff, 0xea, 0x13, 0x4, 0x80,
    0x7f, 0xf8, 0x98, 0x82, 0x4, 0x3, 0xff, 0xa9,
    0x0, 0x68, 0x1, 0xff, 0xe2, 0x80, 0x26, 0x0,
    0xff, 0xea, 0x12, 0x87, 0x80, 0x7f, 0xf8, 0x9c,
    0x42, 0x40, 0x3f, 0xfa, 0xb2, 0xa, 0x60, 0x1f,
    0xfe, 0x11, 0x80, 0x54, 0x0, 0xff, 0xea, 0x1a,
    0x5, 0x80, 0x7f, 0xf8, 0xa4, 0x1, 0x0, 0x1f,
    0xfd, 0x58, 0x7, 0x10, 0xf, 0xff, 0x8, 0xb8,
    0x39, 0x0, 0x7f, 0xf5, 0x11, 0x3, 0x0, 0x1f,
    0xfe, 0x28, 0x1, 0x80, 0xf, 0xfe, 0xac, 0x4,
    0x0, 0x7f, 0xf8, 0x89, 0x82, 0x0, 0x3f, 0xfa,
    0xa8, 0x64, 0xc0, 0x1f, 0xfe, 0x28, 0x2, 0x60,
    0xf, 0xfe, 0xac, 0x4, 0x80, 0x7f, 0xf8, 0x8d,
    0x42, 0x40, 0x3f, 0xfa, 0xaa, 0x68, 0x80, 0xf,
    0xff, 0x14, 0x1, 0xa0, 0x7, 0xff, 0x56, 0x2,
    0x0, 0x3f, 0xfc, 0x46, 0x81, 0xe0, 0x1f, 0xfd,
    0x55, 0x25, 0x30, 0xf, 0xff, 0x14, 0x2, 0x98,
    0x7, 0xff, 0x56, 0x2, 0xc0, 0x3f, 0xfc, 0x46,
    0x81, 0x0, 0x1f, 0xfd, 0x56, 0x27, 0x10, 0xf,
    0xff, 0x14, 0x3, 0x10, 0x7, 0xff, 0x56, 0x6,
    0x0, 0x3f, 0xfc, 0x46, 0x81, 0x0, 0x1f, 0xfd,
    0x56, 0x19, 0x0, 0xff, 0xf1, 0xc0, 0x30, 0x80,
    0x7f, 0xf5, 0x60, 0x5c, 0x3, 0xff, 0xc4, 0x68,
    0x10, 0x1, 0xff, 0xd5, 0x71, 0xb0, 0xf, 0xff,
    0x1c, 0x3, 0x88, 0x7, 0xff, 0x56, 0x49, 0x40,
    0x3f, 0xfc, 0x44, 0x81, 0x20, 0x1f, 0xfd, 0x57,
    0x18, 0x0, 0xff, 0xf1, 0xc0, 0x38, 0x80, 0x7f,
    0xf5, 0x64, 0xd4, 0x3, 0xff, 0xc4, 0x4a, 0x12,
    0x1, 0xff, 0xd5, 0x71, 0x80, 0xf, 0xff, 0x1c,
    0x3, 0x88, 0x7, 0xff, 0x56, 0x51, 0x0, 0x1f,
    0xfe, 0x21, 0x50, 0x90, 0xf, 0xfe, 0xab, 0x8c,
    0x0, 0x7f, 0xf8, 0xe4, 0x1c, 0x40, 0x3f, 0xfa,
    0xb2, 0x86, 0x1, 0xff, 0xe2, 0x17, 0x9, 0x0,
    0xff, 0xea, 0xb8, 0xc8, 0x7, 0xff, 0x8d, 0x81,
    0x84, 0x3, 0xff, 0xab, 0x2a, 0x40, 0x1f, 0xfe,
    0x39, 0x8, 0x0, 0xff, 0xea, 0x1d, 0x89, 0x80,
    0x7f, 0xf8, 0xd8, 0x58, 0x40, 0x3f, 0xfa, 0x49,
    0x98, 0x45, 0x90, 0xf, 0xff, 0x1d, 0x85, 0x80,
    0x7f, 0xf4, 0x5b, 0x6c, 0xc, 0x20, 0x3, 0xff,
    0xc6, 0xa4, 0xa4, 0x1, 0xff, 0xce, 0x28, 0xe9,
    0x6b, 0xc2, 0x52, 0x0, 0xff, 0xf1, 0xc8, 0x48,
    0x7, 0xff, 0x35, 0x2f, 0x59, 0x9b, 0x68, 0xc3,
    0x0, 0x1f, 0xfe, 0x33, 0x3c, 0x1, 0xff, 0xca,
    0x28, 0xeb, 0x7a, 0xe8, 0x20, 0x5, 0xa9, 0x0,
    0x7f, 0xf8, 0xe4, 0x20, 0x3, 0xff, 0x90, 0x2f,
    0xba, 0x56, 0xdc, 0x50, 0xc, 0xa5, 0x20, 0x1f,
    0xfe, 0x32, 0x52, 0x40, 0xf, 0xfe, 0x29, 0x3e,
    0x74, 0xa6, 0x6c, 0x10, 0x7, 0xa5, 0xc, 0x3,
    0xff, 0xc7, 0x41, 0x60, 0x1f, 0xfc, 0x34, 0x8d,
    0xd4, 0xae, 0x74, 0x98, 0x7, 0xe4, 0x38, 0x0,
    0xff, 0xf2, 0x38, 0xb0, 0x7, 0xfc, 0x4d, 0x7f,
    0x69, 0x59, 0xd2, 0x60, 0x1f, 0xf7, 0xa1, 0x80,
    0x7f, 0xf3, 0x4, 0x40, 0x1f, 0xfc, 0x96, 0x6,
    0x0, 0xfc, 0x6f, 0x7d, 0xb6, 0x55, 0xd8, 0xe6,
    0x1, 0xff, 0xc1, 0x24, 0xf0, 0xf, 0xfe, 0x6f,
    0xf6, 0xc1, 0x80, 0x7f, 0xf1, 0xac, 0x24, 0x0,
    0x48, 0xf5, 0xbf, 0x94, 0x57, 0xdb, 0x2a, 0x20,
    0x1f, 0xfc, 0x48, 0x24, 0x0, 0xff, 0xe6, 0x10,
    0x81, 0x3e, 0x7e, 0x4b, 0xa9, 0x90, 0x88, 0x3,
    0x9, 0x1a, 0x39, 0xd, 0x6f, 0xed, 0xd0, 0x55,
    0xfe, 0xca, 0x88, 0x7, 0xff, 0x1c, 0x56, 0x0,
    0x3f, 0xf9, 0xe4, 0xe8, 0x20, 0x6d, 0x15, 0x9b,
    0xdc, 0xff, 0xdd, 0xb9, 0x70, 0x4, 0x4a, 0xa6,
    0xfe, 0xd3, 0xa0, 0x7, 0xff, 0x32, 0x45, 0x40,
    0x3f, 0xf9, 0xa4, 0x3, 0x17, 0xdf, 0xb7, 0x53,
    0xe, 0xe6, 0x6f, 0x3c, 0x40, 0x17, 0x25, 0xd4,
    0x80, 0x3f, 0xfa, 0x2d, 0x20, 0x1f, 0xfd, 0x52,
    0x45, 0x67, 0x88, 0x4c, 0xfa, 0x1f, 0x82, 0x40,
    0x3f, 0xfa, 0xaa, 0x2c, 0x1, 0xff, 0xcf, 0x21,
    0x0, 0xff, 0xe3, 0xb1, 0x18, 0x7, 0xff, 0x56,
    0x54, 0x40, 0x3f, 0xf9, 0xec, 0x40, 0x1f, 0xfc,
    0x66, 0xb, 0x0, 0xff, 0xea, 0x99, 0xa4, 0x3,
    0xff, 0xa0, 0x60, 0x20, 0x1f, 0xfc, 0x5b, 0x6,
    0x0, 0xff, 0xea, 0xd1, 0x98, 0x3, 0xff, 0xa1,
    0xa0, 0x40, 0x1f, 0xfc, 0x44, 0x26, 0x0, 0xff,
    0xeb, 0x35, 0x0, 0x7f, 0xf4, 0x5c, 0x14, 0x3,
    0xff, 0x89, 0xe1, 0x60, 0x1f, 0xfd, 0x56, 0x6,
    0x0, 0xff, 0xe8, 0x90, 0x78, 0x7, 0xff, 0xc,
    0x50, 0xc8, 0x3, 0xff, 0xab, 0x4c, 0x1, 0xff,
    0xd3, 0x32, 0x0, 0xff, 0xe1, 0xc8, 0x50, 0x7,
    0xff, 0x54, 0x8e, 0x80, 0x3f, 0xfa, 0x68, 0xa0,
    0x1f, 0xfc, 0x36, 0x6, 0x0, 0xff, 0xea, 0xd1,
    0x18, 0x7, 0xff, 0x4f, 0x4, 0x80, 0x3f, 0xf8,
    0x2a, 0x2c, 0x1, 0xff, 0xd6, 0x6a, 0x0, 0xff,
    0xea, 0x28, 0x20, 0x7, 0xff, 0x6, 0x42, 0x80,
    0x3f, 0xfa, 0xa8, 0x2a, 0x1, 0xff, 0xd4, 0x13,
    0xc0, 0xf, 0xfe, 0x1, 0x19, 0x18, 0x7, 0xff,
    0x57, 0x4c, 0x80, 0x3f, 0xfa, 0xa8, 0x80, 0xf,
    0xfe, 0x5, 0x85, 0x0, 0x7f, 0xf5, 0x9a, 0xc0,
    0x3f, 0xfa, 0xd6, 0x24, 0x1, 0xff, 0x30, 0x30,
    0x7, 0xff, 0x55, 0x1, 0x40, 0x3f, 0xfa, 0xc6,
    0x8, 0x1, 0xfe, 0x60, 0x41, 0x0, 0xff, 0xea,
    0xe9, 0x90, 0x7, 0xff, 0x5d, 0x74, 0x3, 0xfd,
    0x61, 0xe0, 0x1f, 0xfd, 0x67, 0xb0, 0xf, 0xfe,
    0xc7, 0xa0, 0x7, 0xf1, 0x90, 0xa0, 0x7, 0xff,
    0x54, 0xc5, 0x0, 0x3f, 0xfb, 0xa, 0xa, 0x1,
    0xfa, 0x41, 0x80, 0x3f, 0xfa, 0xc8, 0x6, 0x1,
    0xff, 0xd9, 0x5c, 0x0, 0xf8, 0x54, 0x28, 0x3,
    0xff, 0xad, 0x88, 0x1, 0xff, 0xda, 0xf7, 0x0,
    0xf9, 0x80, 0xc8, 0x3, 0xff, 0xac, 0x98, 0x1,
    0xff, 0xda, 0x51, 0x40, 0xf, 0x50, 0x48, 0x7,
    0xff, 0x58, 0xc0, 0xc0, 0x3f, 0xfb, 0x6d, 0xc0,
    0x1c, 0x84, 0xa, 0x1, 0xff, 0xd6, 0x50, 0x50,
    0xf, 0xfe, 0xde, 0xa8, 0x7, 0x78, 0x30, 0x7,
    0xff, 0x5f, 0xc8, 0x40, 0x3f, 0xfb, 0x68, 0x4c,
    0x1, 0xa, 0x5, 0x80, 0x7f, 0xf5, 0xd5, 0x80,
    0x3f, 0xfb, 0xb5, 0x40, 0xa, 0x40, 0xc8, 0x3,
    0xff, 0xae, 0x44, 0x0, 0xff, 0xee, 0xb1, 0x90,
    0x1, 0x82, 0x40, 0x3f, 0xfb, 0x2, 0x20, 0xf,
    0xfe, 0xe8, 0xad, 0x83, 0x9, 0x28, 0x7, 0xff,
    0x5c, 0x83, 0x80, 0x3f, 0xfb, 0xd2, 0xcb, 0x1,
    0x20, 0x1f, 0xfd, 0x81, 0x0, 0xff, 0xf0, 0x1b,
    0xd0, 0xba, 0x0, 0x7f, 0xf6, 0x1c, 0x3, 0xff,
    0xc3, 0x1b, 0x90, 0x1, 0xff, 0xff, 0x0, 0xfe,
    0x23, 0x0, 0xff, 0xed, 0x30, 0x78, 0x7, 0xff,
    0xfc, 0x3, 0xf8, 0xc0, 0x80, 0x3f, 0xff, 0xe0,
    0x1f, 0xc2, 0x48, 0x60, 0x1f, 0xff, 0xf0, 0xf,
    0xed, 0xb3, 0x0, 0xff, 0xea, 0x80,

    /* U+0049 "I" */
    0x0, 0xff, 0xff, 0x80, 0x7f, 0xff, 0x44, 0xd5,
    0xe6, 0xb3, 0x7b, 0xff, 0xba, 0xd8, 0x3, 0xff,
    0xdb, 0x8, 0x26, 0xd1, 0x59, 0xdc, 0xca, 0xa1,
    0x2, 0x54, 0x55, 0xe5, 0xda, 0x6, 0x60, 0x3,
    0xff, 0xce, 0x48, 0xd1, 0x8f, 0x7d, 0x96, 0x66,
    0xbb, 0x67, 0x7e, 0xdd, 0x43, 0xb2, 0xa1, 0xa2,
    0x1a, 0xbe, 0x40, 0x3f, 0xfa, 0x2c, 0xc3, 0x10,
    0xf, 0xe1, 0x24, 0x68, 0xac, 0xef, 0xdb, 0x97,
    0x30, 0x9e, 0xfd, 0xb9, 0x75, 0x31, 0x0, 0xff,
    0xe1, 0x88, 0x7, 0xff, 0x41, 0x66, 0x59, 0xdf,
    0xff, 0xdd, 0xb7, 0x2e, 0xa6, 0x6, 0xae, 0xe0,
    0x9, 0x84, 0x3, 0xff, 0xd0, 0x86, 0x1, 0xff,
    0x9, 0x23, 0x45, 0x67, 0x73, 0x2a, 0x10, 0x0,
    0xa0, 0x1f, 0xfe, 0xa1, 0xcd, 0xb9, 0x9d, 0x57,
    0x9d, 0xfd, 0xb7, 0x2e, 0xa6, 0x20, 0x12, 0x98,
    0x87, 0x0, 0x7f, 0xfb, 0x9, 0x19, 0xb2, 0xa1,
    0x88, 0x7, 0xff, 0x2, 0xc8, 0x5, 0x0, 0x3f,
    0xff, 0xe0, 0x6, 0x17, 0x19, 0x0, 0xff, 0xff,
    0x80, 0x56, 0x68, 0xc, 0x1, 0xff, 0xff, 0x0,
    0x29, 0x28, 0xa8, 0x80, 0x7f, 0xff, 0xc0, 0x10,
    0x88, 0x8, 0x0, 0xff, 0xff, 0x80, 0x10, 0x84,
    0x90, 0x80, 0x3f, 0xff, 0xe0, 0xf, 0x37, 0xf,
    0x0, 0xff, 0xff, 0x80, 0x5, 0x1c, 0x88, 0x80,
    0x1f, 0xff, 0xf0, 0x3, 0x8a, 0x84, 0x0, 0x7f,
    0xff, 0xc0, 0x2a, 0x31, 0x25, 0x0, 0xff, 0xff,
    0x80, 0x4, 0xc8, 0x2c, 0x3, 0xff, 0xfe, 0x1,
    0x28, 0x0, 0x58, 0x3, 0xff, 0xfe, 0x1, 0x60,
    0x2, 0x0, 0x3f, 0xff, 0xe0, 0x18, 0x40, 0x58,
    0x3, 0xff, 0xfe, 0x1, 0x94, 0x24, 0x3, 0xff,
    0xfe, 0x1, 0x90, 0xc5, 0xc0, 0x3f, 0xff, 0xe0,
    0x1a, 0x2, 0x40, 0x3f, 0xff, 0xe0, 0x19, 0xc,
    0x5c, 0x3, 0xff, 0xfe, 0x1, 0xa0, 0x24, 0x3,
    0xff, 0xfe, 0x1, 0x90, 0xc5, 0xc0, 0x3f, 0xff,
    0xe0, 0x1a, 0x2, 0x40, 0x3f, 0xff, 0xe0, 0x19,
    0xc, 0x5c, 0x3, 0xff, 0xfe, 0x1, 0xa0, 0x24,
    0x3, 0xff, 0xfe, 0x1, 0x90, 0xc5, 0xc0, 0x3f,
    0xff, 0xe0, 0x1a, 0x2, 0x40, 0x3f, 0xff, 0xe0,
    0x19, 0xc, 0x5c, 0x3, 0xff, 0xfe, 0x1, 0xa0,
    0x24, 0x3, 0xff, 0xfe, 0x1, 0x90, 0xc5, 0xc0,
    0x3f, 0xff, 0xe0, 0x1a, 0x2, 0x0, 0x3f, 0xff,
    0xe0, 0x19, 0xc, 0x58, 0x3, 0xff, 0xfe, 0x1,
    0xa0, 0x20, 0x3, 0xff, 0xfe, 0x1, 0x90, 0xc9,
    0x80, 0x3f, 0xff, 0xe0, 0x1a, 0x2, 0xc0, 0x3f,
    0xff, 0xe0, 0x19, 0xc, 0x98, 0x3, 0xff, 0xfe,
    0x1, 0xa0, 0x20, 0x3, 0xff, 0xfe, 0x1, 0x90,
    0xc9, 0x40, 0x3f, 0xff, 0xe0, 0x1b, 0xc2, 0x0,
    0x3f, 0xff, 0xe0, 0x18, 0xd0, 0x94, 0x3, 0xff,
    0xfe, 0x1, 0xa0, 0x20, 0x3, 0xff, 0xfe, 0x1,
    0x8d, 0xd, 0x40, 0x3f, 0xff, 0xe0, 0x1a, 0x2,
    0x0, 0x3f, 0xff, 0xe0, 0x18, 0xd0, 0xd0, 0x3,
    0xff, 0xfe, 0x1, 0xa0, 0x20, 0x3, 0xff, 0xfe,
    0x1, 0x8d, 0xd, 0x0, 0x3f, 0xff, 0xe0, 0x1a,
    0x2, 0x0, 0x3f, 0xff, 0xe0, 0x18, 0xd0, 0xd0,
    0x3, 0xff, 0xfe, 0x1, 0xa0, 0x20, 0x3, 0xff,
    0xfe, 0x1, 0x8d, 0xd, 0x0, 0x3f, 0xff, 0xe0,
    0x1a, 0x42, 0x0, 0x3f, 0xff, 0xe0, 0x18, 0x94,
    0xd0, 0x3, 0xff, 0xfe, 0x1, 0xa0, 0x20, 0x3,
    0xff, 0xfe, 0x1, 0x89, 0x4d, 0x0, 0x3f, 0xff,
    0xe0, 0x1a, 0x2, 0x0, 0x3f, 0xff, 0xe0, 0x18,
    0x94, 0xd0, 0x3, 0xff, 0xfe, 0x1, 0xac, 0x20,
    0x3, 0xff, 0xfe, 0x1, 0x85, 0x8d, 0x0, 0x3f,
    0xff, 0xe0, 0x1a, 0x42, 0x0, 0x3f, 0xff, 0xe0,
    0x18, 0x5c, 0xd0, 0x3, 0xff, 0xfe, 0x1, 0xa4,
    0x24, 0x3, 0xff, 0xfe, 0x1, 0xcc, 0x4a, 0x1,
    0xff, 0xff, 0x0, 0xce, 0x30, 0x1, 0xff, 0xff,
    0x0, 0xe9, 0x25, 0x0, 0xff, 0xff, 0x80, 0x65,
    0x1b, 0x0, 0xff, 0xff, 0x80, 0x74, 0xb, 0x0,
    0x7f, 0xff, 0xc0, 0x32, 0x14, 0x80, 0x7f, 0xff,
    0xc0, 0x3b, 0xc1, 0x80, 0x3f, 0xff, 0xe0, 0x18,
    0x91, 0x84, 0x3, 0xff, 0xfe, 0x1, 0xa0, 0x2c,
    0x3, 0xff, 0xfe, 0x1, 0x85, 0x50, 0x80, 0x3f,
    0xfd, 0xe2, 0x40, 0x1f, 0xfc, 0x69, 0xd, 0x23,
    0x56, 0x89, 0xac, 0xde, 0xff, 0xfd, 0xd8, 0x80,
    0x1f, 0xfd, 0xbd, 0xda, 0x59, 0x50, 0xcf, 0xf2,
    0x2a, 0x99, 0xa0, 0x9d, 0xca, 0x97, 0x73, 0x31,
    0x66, 0xae, 0xd9, 0x9a, 0xec, 0xb0, 0x1, 0xff,
    0xdb, 0x70, 0x26, 0x9a, 0xbc, 0xcf, 0xd7, 0x54,
    0x99, 0x9, 0x2b, 0xcd, 0xef, 0xf6, 0x54, 0x3a,
    0xa2, 0xc, 0xf2, 0x2c, 0xc0, 0x7, 0xff, 0x6e,
    0xe5, 0x8, 0x3, 0x84, 0x8d, 0x15, 0xa2, 0x6b,
    0x14, 0x3a, 0xa1, 0x90, 0x80, 0x3f, 0xf8, 0x88,
    0x1, 0xff, 0xdc, 0x6b, 0xdf, 0xfe, 0xed, 0xcb,
    0xa9, 0x76, 0x53, 0x8a, 0x30, 0xf, 0xff, 0x88,

    /* U+004A "J" */
    0x0, 0xff, 0xf2, 0x1b, 0xcd, 0x4b, 0x88, 0x7,
    0xff, 0x9c, 0xa7, 0xb2, 0x1d, 0x5a, 0x3a, 0xc4,
    0x3, 0xff, 0xc6, 0x77, 0xa5, 0x7d, 0xfd, 0xfb,
    0x24, 0x9e, 0x60, 0x1f, 0xfe, 0x1, 0xac, 0x2d,
    0xb5, 0x10, 0x8, 0x9b, 0x5c, 0x70, 0x80, 0x3f,
    0xfb, 0xcd, 0xc3, 0xb2, 0x40, 0x1f, 0xd0, 0xe1,
    0xc0, 0x1f, 0xfd, 0xc1, 0xb8, 0xab, 0x20, 0xf,
    0xfe, 0x4, 0x11, 0xa0, 0x7, 0xff, 0x68, 0xfc,
    0x3d, 0x40, 0x3f, 0xf8, 0x70, 0x1c, 0x1, 0xff,
    0xd9, 0x6c, 0x6b, 0x10, 0xf, 0xfe, 0x22, 0x82,
    0x80, 0x7f, 0xf6, 0x22, 0x6a, 0x0, 0x3f, 0xf8,
    0xe6, 0x4, 0x1, 0xff, 0xd6, 0xa7, 0xc5, 0x0,
    0xff, 0xe4, 0x28, 0x38, 0x7, 0xff, 0x56, 0x93,
    0xc, 0x3, 0xff, 0x93, 0xc0, 0x40, 0x1f, 0xfd,
    0x4a, 0x4c, 0x30, 0xf, 0xfe, 0x50, 0x87, 0x80,
    0x7f, 0xf4, 0xe9, 0x30, 0x80, 0x3f, 0xfd, 0x90,
    0xba, 0x40, 0x1f, 0xfc, 0xc1, 0x0, 0xff, 0xe9,
    0xb3, 0xd9, 0x80, 0x7f, 0xf3, 0x7c, 0x3c, 0x3,
    0xff, 0xa0, 0x53, 0x8, 0x1, 0xff, 0xce, 0x20,
    0x10, 0xf, 0xfe, 0x87, 0xab, 0x80, 0x7f, 0xf3,
    0xd8, 0x8, 0x3, 0xff, 0x9f, 0x1, 0x40, 0x1f,
    0xfd, 0x3, 0x6, 0x0, 0xff, 0xe7, 0xb, 0xf0,
    0x7, 0xff, 0x40, 0xc0, 0x4, 0x1, 0xff, 0xce,
    0x66, 0x18, 0x7, 0xff, 0x41, 0x40, 0xc0, 0x3f,
    0xf9, 0xfb, 0xa0, 0xf, 0xfe, 0x8f, 0x82, 0x80,
    0x7f, 0xf3, 0xe0, 0x3, 0xff, 0xa4, 0xe1, 0x80,
    0x1f, 0xfc, 0xf2, 0x40, 0xf, 0xfe, 0x81, 0x8,
    0x20, 0x7, 0xff, 0xb5, 0x40, 0xc4, 0x3, 0xff,
    0xdb, 0x80, 0x80, 0x1f, 0xfe, 0xa2, 0x46, 0x84,
    0xb, 0x0, 0xff, 0xf2, 0xa, 0x3d, 0x6f, 0xfb,
    0xb8, 0x60, 0x26, 0x1, 0xff, 0xe0, 0x37, 0xae,
    0xff, 0xf6, 0xd4, 0x30, 0x38, 0x7, 0xff, 0x74,
    0x9a, 0xff, 0x75, 0x98, 0xeb, 0x85, 0x20, 0x8,
    0xc8, 0x34, 0x3, 0xff, 0xb4, 0x51, 0xbb, 0xdd,
    0x4c, 0x40, 0x1f, 0xa8, 0x9, 0x0, 0x3f, 0xfa,
    0xe5, 0x1b, 0xa2, 0x8f, 0xb6, 0x20, 0xf, 0xfe,
    0x3, 0x5, 0x0, 0x7f, 0xf5, 0x96, 0xf4, 0xe3,
    0xe9, 0x40, 0x3f, 0xf8, 0x6c, 0x0, 0x60, 0xf,
    0xfe, 0x98, 0xc7, 0x46, 0x75, 0xa8, 0x7, 0xff,
    0x1a, 0xc1, 0x4, 0x3, 0xff, 0xa2, 0x55, 0xc7,
    0x5a, 0xe2, 0x1, 0xff, 0xc7, 0x42, 0xe, 0x0,
    0xff, 0xe8, 0x15, 0x68, 0x6d, 0xa0, 0x7, 0xff,
    0x2b, 0xc0, 0x94, 0x3, 0xff, 0x9c, 0x33, 0xa1,
    0xb4, 0x40, 0x1f, 0xfc, 0xb2, 0x40, 0xb0, 0xf,
    0xfe, 0x73, 0x7a, 0xe5, 0x10, 0x7, 0xff, 0x36,
    0x0, 0x58, 0x3, 0xff, 0x98, 0x59, 0x17, 0x86,
    0x1, 0xff, 0xce, 0x25, 0x6, 0x0, 0xff, 0xe6,
    0x3e, 0xaf, 0x28, 0x7, 0xff, 0x42, 0x0, 0x12,
    0x1, 0xff, 0xca, 0x1b, 0xac, 0x90, 0xf, 0xfe,
    0x89, 0x28, 0x30, 0x80, 0x7f, 0xf2, 0x4f, 0xc7,
    0xc, 0x3, 0xff, 0xa5, 0x0, 0x8, 0x0, 0xff,
    0xe4, 0xb6, 0x4d, 0x8, 0x7, 0xff, 0x48, 0xd4,
    0x1c, 0x40, 0x3f, 0xf9, 0xf, 0x36, 0xe0, 0x1f,
    0xfd, 0x4f, 0x0, 0x48, 0x7, 0xff, 0x22, 0x27,
    0x50, 0x3, 0xff, 0xa8, 0x86, 0x10, 0x20, 0x1f,
    0xfc, 0x79, 0x6c, 0x20, 0xf, 0xfe, 0xac, 0x80,
    0xb8, 0x7, 0xff, 0x1e, 0x1f, 0x8, 0x3, 0xff,
    0xaa, 0xe4, 0x16, 0x1, 0xff, 0xc7, 0x66, 0x61,
    0x0, 0x7f, 0xf5, 0x46, 0x0, 0xd4, 0x3, 0xff,
    0x8c, 0x93, 0xa4, 0x1, 0xff, 0xd6, 0xb0, 0x7,
    0x80, 0x7f, 0xf1, 0x86, 0xa4, 0xc0, 0x3f, 0xfa,
    0xc8, 0xa0, 0xc6, 0x1, 0xff, 0xc6, 0xd7, 0x60,
    0xf, 0xfe, 0xbc, 0x80, 0x20, 0x3, 0xff, 0x8c,
    0xe3, 0x20, 0x1f, 0xfd, 0x78, 0x20, 0x91, 0x0,
    0xff, 0xe2, 0x8c, 0x70, 0x7, 0xff, 0x5c, 0xdc,
    0x11, 0x80, 0x3f, 0xf8, 0xd4, 0xc6, 0x1, 0xff,
    0xd7, 0xe0, 0x4, 0x80, 0x7f, 0xf1, 0x8d, 0x60,
    0x3, 0xff, 0xaf, 0x4, 0x12, 0x40, 0x1f, 0xfc,
    0x68, 0x91, 0x0, 0xff, 0xeb, 0x1b, 0x81, 0xb0,
    0x7, 0xff, 0x18, 0xd1, 0xc0, 0x3f, 0xfa, 0xfc,
    0x0, 0xe0, 0xf, 0xfe, 0x3d, 0x30, 0x7, 0xff,
    0x5e, 0x88, 0x28, 0x80, 0x3f, 0xf8, 0xed, 0x40,
    0x1f, 0xfd, 0x66, 0x50, 0x65, 0x0, 0xff, 0xe3,
    0xa1, 0x18, 0x7, 0xff, 0x54, 0xe4, 0xa, 0x40,
    0x3f, 0xf9, 0x1a, 0xa0, 0x1f, 0xfd, 0x6e, 0x0,
    0x70, 0x7, 0xff, 0x25, 0x30, 0x3, 0xff, 0xab,
    0x64, 0x14, 0x60, 0x1f, 0xfc, 0x92, 0x50, 0xf,
    0xfe, 0xa4, 0x20, 0x3a, 0x80, 0x7f, 0xf2, 0x4c,
    0x44, 0x1, 0xff, 0xd3, 0x57, 0x4, 0x80, 0xf,
    0xfe, 0x53, 0x98, 0x7, 0xff, 0x4c, 0xe8, 0xa,
    0xc0, 0x3f, 0xf9, 0x64, 0xc0, 0x1f, 0xfd, 0x22,
    0xd0, 0x1f, 0x0, 0xff, 0xf5, 0x96, 0x8, 0x69,
    0x0, 0x7f, 0xf3, 0x5c, 0x3, 0xff, 0xa0, 0x3e,
    0x21, 0x66, 0x1, 0xff, 0xcd, 0x21, 0x0, 0xff,
    0xe7, 0x8e, 0x10, 0x5a, 0x0, 0x7f, 0xf3, 0x98,
    0x80, 0x3f, 0xf9, 0xc3, 0x84, 0x14, 0x80, 0x1f,
    0xfc, 0xf2, 0x3, 0x0, 0xff, 0xe6, 0x16, 0x10,
    0x5a, 0x80, 0x7f, 0xf4, 0x56, 0xc0, 0x3f, 0xf9,
    0x67, 0x84, 0x16, 0x80, 0x1f, 0xfd, 0x2f, 0x60,
    0xf, 0xfe, 0x52, 0xe0, 0x8b, 0x50, 0x3, 0xff,
    0xa6, 0xa0, 0xc0, 0x1f, 0xfc, 0x88, 0xa0, 0x3f,
    0x20, 0xf, 0xfe, 0xad, 0xc0, 0x80, 0x7f, 0xf1,
    0x4b, 0x1c, 0x1b, 0x4, 0x3, 0xff, 0xac, 0xaa,
    0xd0, 0xf, 0xfe, 0x23, 0xe9, 0x8d, 0xc8, 0x7,
    0xff, 0x66, 0x87, 0x4, 0x3, 0xff, 0x80, 0xbb,
    0x0, 0xde, 0x80, 0x1f, 0xfd, 0xa1, 0xc0, 0xf5,
    0x0, 0xfe, 0x5d, 0xa2, 0x3c, 0x91, 0x0, 0xff,
    0xee, 0xe, 0x35, 0x6c, 0x21, 0x92, 0x35, 0x75,
    0x11, 0xde, 0x18, 0x7, 0xff, 0x82, 0x39, 0x55,
    0x79, 0xb7, 0x2a, 0x4f, 0xb8, 0x80, 0x1f, 0xfe,
    0x31, 0x8d, 0xec, 0xbb, 0x67, 0xe4, 0x10, 0x7,
    0xff, 0x78,

    /* U+004B "K" */
    0x0, 0xff, 0xec, 0x8, 0x80, 0x3f, 0xfe, 0x93,
    0xdc, 0x20, 0xf, 0xff, 0x94, 0xb0, 0x1, 0x0,
    0x3f, 0xfe, 0x2a, 0xc0, 0x12, 0x0, 0x7f, 0xfc,
    0x6, 0xc0, 0x2, 0x84, 0x1, 0xff, 0xc2, 0x76,
    0x0, 0xff, 0xf0, 0x40, 0x81, 0x8c, 0x80, 0x7f,
    0xf0, 0xaa, 0x38, 0x3, 0xff, 0xbe, 0x6c, 0x4,
    0x6e, 0x40, 0x1f, 0xfc, 0x19, 0x54, 0x80, 0xf,
    0xfe, 0xff, 0x80, 0x80, 0xc0, 0x7, 0xff, 0x5,
    0xd9, 0x2c, 0x3, 0xff, 0xbe, 0xc6, 0x4, 0x4a,
    0x0, 0xff, 0xe0, 0xb4, 0x2d, 0x80, 0x7f, 0xf8,
    0x20, 0x8, 0xd5, 0x0, 0x3f, 0xf8, 0xb, 0x2b,
    0x40, 0x1f, 0xfe, 0x8, 0x10, 0x0, 0xd8, 0x7,
    0xff, 0x0, 0xe9, 0x28, 0x3, 0xff, 0xc0, 0x2e,
    0x4, 0x4a, 0x10, 0xf, 0xf8, 0xb5, 0x2c, 0x3,
    0xff, 0xc3, 0x60, 0x2, 0x64, 0x0, 0xff, 0x87,
    0xa, 0xc0, 0x3f, 0xfc, 0x24, 0xa0, 0x2, 0x90,
    0xf, 0xf8, 0x70, 0xf4, 0x3, 0xff, 0xc5, 0x20,
    0x17, 0x0, 0x7f, 0xf0, 0x34, 0x30, 0x40, 0x3f,
    0xfc, 0x26, 0x80, 0x7, 0x30, 0xf, 0xfa, 0x8b,
    0xc4, 0x3, 0xff, 0xc5, 0xe0, 0x3, 0x80, 0xf,
    0xfa, 0x57, 0x48, 0x3, 0xff, 0xc4, 0x86, 0x0,
    0xe0, 0xf, 0xf9, 0xda, 0xcc, 0x3, 0xff, 0xc7,
    0x0, 0x9, 0x20, 0xf, 0xf3, 0x45, 0x20, 0x7,
    0xff, 0x8d, 0xc, 0x11, 0x80, 0x3f, 0xc9, 0x32,
    0x50, 0xf, 0xff, 0x24, 0x0, 0xd0, 0x7, 0xf8,
    0xed, 0xd8, 0x3, 0xff, 0xc8, 0xa6, 0x14, 0x20,
    0x1f, 0xc5, 0xab, 0x0, 0x1f, 0xfe, 0x58, 0x6,
    0x40, 0xf, 0xe1, 0xf5, 0xa0, 0xf, 0xff, 0x2a,
    0x91, 0x24, 0x3, 0xfd, 0x81, 0x60, 0x1f, 0xfe,
    0x69, 0x8, 0x0, 0xff, 0x61, 0xe0, 0x7, 0xff,
    0x99, 0xc, 0xca, 0x1, 0xfd, 0x47, 0x82, 0x1,
    0xff, 0xe6, 0x80, 0x80, 0xf, 0xe9, 0x5b, 0x20,
    0xf, 0xff, 0x32, 0x19, 0x90, 0x3, 0xf4, 0x35,
    0x20, 0x7, 0xff, 0x9e, 0x2, 0x0, 0x3f, 0x33,
    0xc2, 0x80, 0x7f, 0xf9, 0xd0, 0xcc, 0x80, 0x1f,
    0x2c, 0xb3, 0x80, 0x7f, 0xfa, 0x3c, 0x20, 0x3,
    0xe4, 0xa5, 0x90, 0xf, 0xff, 0x41, 0xa1, 0xa0,
    0x7, 0x8e, 0xce, 0x80, 0x3f, 0xfd, 0x32, 0x10,
    0x1, 0xe2, 0xd2, 0xd0, 0xf, 0xff, 0x49, 0x29,
    0xa0, 0x7, 0xe, 0x6, 0x8, 0x7, 0xff, 0xa6,
    0xc2, 0x0, 0x38, 0x70, 0x30, 0x40, 0x3f, 0xfd,
    0x22, 0xc4, 0x80, 0x1d, 0xa5, 0xa4, 0x1, 0xff,
    0xea, 0x90, 0x80, 0xe, 0xc3, 0xb3, 0x0, 0xff,
    0xf5, 0xb9, 0x28, 0x6, 0xb3, 0xb4, 0x0, 0xff,
    0xf5, 0xb8, 0x58, 0x6, 0xa4, 0xa4, 0x0, 0xff,
    0xf6, 0x48, 0xb0, 0x5, 0x2b, 0x2a, 0x1, 0xff,
    0xec, 0x51, 0x90, 0xa, 0x5a, 0x58, 0x3, 0xff,
    0xdb, 0x20, 0xc0, 0x9, 0x69, 0x60, 0xf, 0xff,
    0x6a, 0x1b, 0x8, 0x4b, 0x53, 0x0, 0x7f, 0xfb,
    0xbc, 0x2c, 0x29, 0xad, 0x40, 0x3f, 0xfd, 0x84,
    0xd2, 0x81, 0x38, 0xa8, 0x44, 0x0, 0xff, 0xf4,
    0x8c, 0x6e, 0xa5, 0x80, 0x8, 0x24, 0x93, 0xbd,
    0x48, 0x1, 0xff, 0xe4, 0x19, 0xe7, 0x36, 0x90,
    0xa, 0x37, 0x5f, 0xb4, 0xe9, 0x7c, 0xe0, 0x1f,
    0xfe, 0x16, 0xe6, 0x3a, 0xe9, 0xf0, 0x2c, 0x70,
    0x8, 0x96, 0x7a, 0xd6, 0x39, 0xc0, 0x3f, 0xfb,
    0xd1, 0x23, 0x38, 0xad, 0xcc, 0x5a, 0x60, 0x1f,
    0x92, 0xf1, 0x63, 0x4c, 0x3, 0xff, 0xb6, 0x4e,
    0x16, 0x73, 0xf2, 0x21, 0x60, 0x1f, 0xfc, 0x3,
    0xba, 0x3c, 0x80, 0xf, 0xfe, 0xd3, 0x0, 0x2a,
    0x8c, 0x96, 0x62, 0xc0, 0x1f, 0xfc, 0x25, 0xf5,
    0x7c, 0x10, 0xf, 0xfe, 0xc2, 0x53, 0xc5, 0x75,
    0xb1, 0xb0, 0x7, 0xff, 0x10, 0x6a, 0x4f, 0xcc,
    0x3, 0xff, 0xb0, 0xb0, 0xea, 0x21, 0x61, 0x20,
    0x1f, 0xfc, 0x66, 0xc0, 0xc4, 0x0, 0xff, 0xee,
    0xb2, 0x88, 0x7, 0xff, 0x1c, 0xf0, 0x6d, 0x40,
    0x3f, 0xfb, 0x6c, 0x1c, 0x1, 0xff, 0xc9, 0x2c,
    0x2a, 0x60, 0xf, 0xfe, 0xd5, 0x92, 0x0, 0x7f,
    0xf2, 0x8b, 0xa, 0x5c, 0x3, 0xff, 0xb0, 0x65,
    0x40, 0x1f, 0xfc, 0xc1, 0xc2, 0x87, 0x0, 0xff,
    0xeb, 0xc8, 0x30, 0x7, 0xff, 0x34, 0x70, 0xa2,
    0x0, 0x1f, 0xfd, 0x65, 0x50, 0x80, 0x7f, 0xf3,
    0x87, 0x9, 0xe4, 0x3, 0xff, 0xa8, 0xc1, 0x20,
    0x1f, 0xfd, 0x1, 0xc3, 0x69, 0x0, 0xff, 0xe9,
    0xd9, 0x18, 0x7, 0xff, 0x44, 0x70, 0xda, 0x80,
    0x3f, 0xfa, 0x26, 0x56, 0x1, 0xff, 0xd4, 0xc4,
    0x5b, 0x0, 0xff, 0xe8, 0x50, 0x38, 0x7, 0xff,
    0x56, 0xd5, 0x34, 0x40, 0x3f, 0xf9, 0xce, 0xa2,
    0x1, 0xff, 0xd6, 0xa7, 0x2f, 0x30, 0xf, 0xfe,
    0x62, 0x8f, 0x0, 0x7f, 0xf6, 0x22, 0x47, 0x18,
    0x3, 0xff, 0x97, 0xc4, 0x80, 0x1f, 0xfd, 0x96,
    0xc1, 0x99, 0x0, 0x7f, 0xf2, 0x45, 0x28, 0x3,
    0xff, 0xb6, 0x7e, 0x6d, 0x84, 0x1, 0xff, 0xc7,
    0x60, 0x60, 0xf, 0xfe, 0xe0, 0xe3, 0x1e, 0xb0,
    0x7, 0xff, 0x1a, 0x90, 0x40, 0x3f, 0xfb, 0xd3,
    0x43, 0x36, 0x40, 0x1f, 0xfc, 0x32, 0x27, 0x0,
    0x7f, 0xf8, 0x17, 0xd1, 0x1b, 0x2, 0x1, 0xff,
    0xc1, 0xa0, 0x50, 0xf, 0xff, 0x8, 0xdd, 0xb,
    0xfb, 0x88, 0x7, 0xce, 0xa0, 0x5, 0x60, 0xf,
    0xff, 0x22, 0xf4, 0x4, 0x75, 0x31, 0x91, 0x1b,
    0x65, 0x80, 0xca, 0x80, 0x3f, 0xfc, 0xcf, 0xd4,
    0xa9, 0x39, 0xba, 0x8a, 0xf3, 0xa, 0x23, 0x0,
    0xff, 0xf4, 0x2d, 0x76, 0xe5, 0xef, 0x38, 0x80,
    0x1e, 0x80, 0x3f, 0xfd, 0x84, 0x68, 0x40, 0x1c,
    0x8c, 0x1, 0xff, 0xf4,

    /* U+004C "L" */
    0x0, 0xff, 0xf0, 0xaf, 0x10, 0x7, 0xff, 0xa9,
    0xa8, 0xc8, 0x3, 0xff, 0xd2, 0x92, 0x1e, 0x1,
    0xff, 0xe9, 0x1a, 0x9, 0x20, 0xf, 0xff, 0x4d,
    0x8a, 0xb0, 0x7, 0xff, 0xa5, 0x14, 0x6c, 0x3,
    0xff, 0xd5, 0x21, 0x2, 0x1, 0xff, 0xe9, 0x72,
    0x36, 0x0, 0xff, 0xf4, 0x8c, 0x7, 0x80, 0x7f,
    0xfa, 0xa4, 0x14, 0xc0, 0x3f, 0xfd, 0x22, 0xe1,
    0x60, 0x1f, 0xfe, 0xa8, 0x7, 0x10, 0xf, 0xff,
    0x49, 0x30, 0x48, 0x7, 0xff, 0xaa, 0xc1, 0xc4,
    0x3, 0xff, 0xd2, 0x2c, 0x12, 0x1, 0xff, 0xea,
    0x80, 0x71, 0x0, 0xff, 0xf4, 0x8b, 0x4, 0x80,
    0x7f, 0xfa, 0xa4, 0x18, 0x40, 0x3f, 0xfd, 0x4c,
    0x16, 0x1, 0xff, 0xea, 0x71, 0x52, 0x0, 0xff,
    0xf5, 0x48, 0x48, 0x7, 0xff, 0xa9, 0x44, 0xcc,
    0x1, 0xff, 0xea, 0x90, 0x90, 0xf, 0xff, 0x51,
    0x98, 0x54, 0x3, 0xff, 0xd5, 0x21, 0x20, 0x1f,
    0xfe, 0xa1, 0x50, 0x60, 0xf, 0xff, 0x54, 0x82,
    0x88, 0x7, 0xff, 0xa9, 0x82, 0x40, 0x3f, 0xfd,
    0x4c, 0x26, 0x60, 0xf, 0xff, 0x55, 0x84, 0x80,
    0x7f, 0xfa, 0x90, 0x85, 0x40, 0x3f, 0xfd, 0x5e,
    0xc, 0x1, 0xff, 0xea, 0x14, 0xa, 0x0, 0xff,
    0xf5, 0x48, 0x21, 0x0, 0x7f, 0xfa, 0x98, 0x3c,
    0x3, 0xff, 0xd4, 0xc2, 0x24, 0x0, 0xff, 0xf5,
    0x50, 0x48, 0x7, 0xff, 0xa8, 0xcc, 0xc, 0x1,
    0xff, 0xea, 0x90, 0x51, 0x0, 0xff, 0xf4, 0x8a,
    0x87, 0x0, 0x7f, 0xfa, 0x98, 0x9, 0x0, 0x3f,
    0xfd, 0x52, 0x14, 0x1, 0xff, 0xea, 0x51, 0x6,
    0x0, 0xff, 0xf5, 0x48, 0x30, 0x80, 0x7f, 0xfa,
    0x4c, 0xc1, 0x40, 0x1f, 0xfe, 0xaa, 0x3, 0x30,
    0x7, 0xff, 0xa4, 0x58, 0x28, 0x3, 0xff, 0xd4,
    0xc0, 0x6, 0x0, 0xff, 0xf5, 0x48, 0x30, 0x7,
    0xff, 0xa9, 0x44, 0x2c, 0x3, 0xff, 0xd5, 0x20,
    0x84, 0x1, 0xff, 0xe9, 0x23, 0xe, 0x0, 0xff,
    0xf5, 0x58, 0xa, 0x80, 0x7f, 0xfa, 0x45, 0x82,
    0x40, 0x3f, 0xfd, 0x4c, 0x0, 0x60, 0xf, 0xff,
    0x54, 0x82, 0x88, 0x7, 0xff, 0xa5, 0x84, 0x24,
    0x3, 0xff, 0xd5, 0x60, 0x66, 0x0, 0xff, 0xf4,
    0xa1, 0x4, 0x80, 0x7f, 0xfa, 0xbc, 0x9, 0x40,
    0x3f, 0xfd, 0x26, 0x81, 0x60, 0x1f, 0xfe, 0xa8,
    0x1, 0x60, 0xf, 0xff, 0x49, 0x20, 0x30, 0x7,
    0xff, 0xaa, 0x0, 0x12, 0x1, 0xff, 0xe9, 0x25,
    0x6, 0x10, 0xf, 0xff, 0x4d, 0x80, 0x20, 0x3,
    0xff, 0xd2, 0x4c, 0xc, 0x20, 0x1f, 0xfe, 0x52,
    0x55, 0xa0, 0x1, 0x0, 0x1f, 0xfe, 0x32, 0xaf,
    0xda, 0xa9, 0x40, 0x19, 0x2a, 0x20, 0x1f, 0xfd,
    0xfa, 0xd4, 0x6a, 0xde, 0x30, 0x3, 0x8b, 0x57,
    0x63, 0x90, 0x7, 0xff, 0x68, 0xb5, 0x27, 0xa5,
    0x49, 0x4c, 0x1e, 0x33, 0xe9, 0xe, 0x37, 0x4e,
    0x20, 0x1f, 0xfd, 0x28, 0x90, 0x0, 0xf8, 0xfb,
    0x0, 0x69, 0x1, 0x80, 0x9, 0x6f, 0xa4, 0xca,
    0x3b, 0x18, 0x40, 0x3f, 0xf9, 0xa9, 0xa9, 0x0,
    0xa, 0xd, 0x10, 0xc, 0xc4, 0x10, 0x1, 0xe1,
    0x6c, 0xd7, 0x13, 0x9e, 0xb6, 0x10, 0xf, 0xfe,
    0x41, 0xdd, 0x97, 0x4, 0xd, 0x38, 0x40, 0x30,
    0xc8, 0x1b, 0x0, 0x7f, 0x14, 0x75, 0xa8, 0x24,
    0xf6, 0x39, 0x80, 0x7f, 0xf0, 0x85, 0xb3, 0xd,
    0x90, 0x1, 0x42, 0x18, 0x7, 0x58, 0x3, 0xc0,
    0x3f, 0xf8, 0x29, 0x5f, 0x4a, 0x7, 0x19, 0xd7,
    0xa, 0x42, 0x1, 0x9, 0xac, 0x67, 0x49, 0x4e,
    0x98, 0x6, 0x4e, 0x0, 0xe5, 0x50, 0x39, 0x80,
    0x7f, 0xf1, 0x16, 0xbe, 0xd8, 0x85, 0x1e, 0xb7,
    0xbf, 0xee, 0xca, 0x73, 0x5b, 0xe6, 0x0, 0xe3,
    0x7, 0x0, 0xc5, 0x60, 0x70, 0x1, 0xff, 0xc8,
    0x49, 0xde, 0xb8, 0x54, 0x32, 0x29, 0x1a, 0x73,
    0xe9, 0x0, 0x3e, 0x60, 0x30, 0xd, 0xc2, 0x2e,
    0x0, 0xff, 0xe6, 0xa, 0x3d, 0x5e, 0x6e, 0xd7,
    0x2c, 0x60, 0x1f, 0xe1, 0x2, 0x0, 0xa8, 0xc2,
    0x88, 0x3, 0xff, 0xc6, 0xc1, 0x20, 0x36, 0xa1,
    0x48, 0x1, 0xff, 0xe4, 0x24, 0x5f, 0xe4, 0x1b,
    0x50, 0xf, 0xff, 0x35, 0x20, 0x13, 0xfa, 0x0,
    0x7f, 0xf9, 0x80,

    /* U+004D "M" */
    0x0, 0xff, 0xeb, 0xa5, 0x77, 0xd0, 0x7, 0xff,
    0xf4, 0xae, 0xca, 0x20, 0xae, 0x1, 0xff, 0xfb,
    0x7d, 0x44, 0x54, 0x80, 0x34, 0x3, 0xff, 0xf5,
    0x50, 0x37, 0x65, 0x64, 0x1, 0x0, 0xff, 0xfc,
    0x16, 0xa9, 0xfa, 0x0, 0x42, 0x2, 0x1, 0xff,
    0xf7, 0x3c, 0x25, 0xc1, 0x0, 0xc2, 0x6, 0x1,
    0xff, 0xf6, 0x4c, 0x17, 0xa0, 0xf, 0x30, 0x70,
    0x7, 0xff, 0xd5, 0x2c, 0x22, 0x0, 0x1f, 0x10,
    0x20, 0x7, 0xff, 0xd1, 0x6c, 0x21, 0xc0, 0x3e,
    0x30, 0x1, 0x80, 0x7f, 0xc4, 0xf9, 0xdf, 0xb0,
    0x20, 0x1f, 0xfe, 0x4, 0xa0, 0x77, 0x0, 0x7e,
    0x40, 0x30, 0xf, 0xf2, 0x66, 0xc1, 0x88, 0x13,
    0xe0, 0x7, 0xff, 0x7d, 0x2c, 0x1e, 0x0, 0x3f,
    0xac, 0x10, 0x3, 0xf1, 0x5d, 0x8d, 0xaf, 0xbf,
    0x9c, 0x9, 0x40, 0x3f, 0xfb, 0xa7, 0x60, 0xd0,
    0x1, 0xfc, 0x26, 0x18, 0x1, 0xf4, 0x6a, 0x3f,
    0x4a, 0x8, 0xc, 0x8, 0x68, 0x7, 0xff, 0x70,
    0xb4, 0x16, 0x40, 0x3f, 0xce, 0x0, 0x40, 0xe,
    0x2c, 0x75, 0xe8, 0x10, 0xf, 0x10, 0x8, 0x7,
    0xff, 0x6c, 0x70, 0x52, 0x80, 0x3f, 0xea, 0x5,
    0x0, 0xe6, 0xd2, 0xaa, 0x8, 0x7, 0xe1, 0x1,
    0x0, 0xff, 0xed, 0xe8, 0x9d, 0x80, 0x7f, 0xc4,
    0x61, 0xe0, 0x1a, 0x64, 0x9e, 0xa0, 0x1f, 0xe2,
    0xe, 0x0, 0xff, 0xed, 0x51, 0x8e, 0x80, 0x7f,
    0xf0, 0x14, 0x0, 0xa0, 0x1, 0xb6, 0x7b, 0x10,
    0xf, 0xf2, 0x0, 0x14, 0x3, 0xff, 0xb3, 0xa,
    0x18, 0x20, 0x1f, 0xfc, 0xa, 0x5, 0x0, 0x16,
    0x25, 0x40, 0x7, 0xff, 0x3, 0x0, 0x6, 0x1,
    0xff, 0xd8, 0x57, 0xb, 0x20, 0xf, 0xfe, 0x2,
    0x10, 0x70, 0x16, 0x1e, 0x28, 0x7, 0xff, 0x5,
    0x81, 0x0, 0x3f, 0xfb, 0x7, 0x41, 0x28, 0x1,
    0xff, 0xc1, 0xe0, 0x14, 0x3c, 0xc, 0x30, 0xf,
    0xfe, 0xa, 0x8, 0x68, 0x7, 0xff, 0x5c, 0x74,
    0x1d, 0x80, 0x3f, 0xf8, 0x22, 0xa0, 0xc7, 0x87,
    0xe4, 0x1, 0xff, 0xc2, 0xe0, 0x3, 0x80, 0x7f,
    0xf0, 0x45, 0xb3, 0xfd, 0xa4, 0x1, 0xff, 0xc3,
    0xd1, 0x58, 0x0, 0xff, 0xe1, 0x30, 0x3, 0xb0,
    0xb0, 0x40, 0x3f, 0xf8, 0x42, 0xa0, 0x82, 0x1,
    0xff, 0xc0, 0x7e, 0x96, 0xa4, 0x29, 0x0, 0xff,
    0xe1, 0x49, 0x9a, 0x80, 0x3f, 0xf8, 0x72, 0x0,
    0x92, 0xc1, 0x0, 0xff, 0xe1, 0xc8, 0x3, 0x80,
    0x3f, 0xe4, 0xe8, 0x4d, 0xa5, 0xc0, 0x60, 0xf,
    0xfe, 0xb, 0x30, 0x78, 0x3, 0xff, 0x86, 0xa2,
    0x0, 0x2c, 0x10, 0xf, 0xfe, 0x23, 0x0, 0xa8,
    0x7, 0xf0, 0xd5, 0x9d, 0xd8, 0x80, 0x1c, 0x2,
    0x1, 0xff, 0xc0, 0x39, 0xa, 0x20, 0xf, 0xfe,
    0x1c, 0x80, 0xb, 0x4, 0x3, 0xff, 0x88, 0xe2,
    0xc, 0x1, 0xfc, 0x78, 0xad, 0xa8, 0x1, 0x90,
    0x18, 0x3, 0xfe, 0x1e, 0x8, 0x40, 0xf, 0xfe,
    0x19, 0x98, 0x7, 0x4, 0x3, 0xff, 0x8b, 0x20,
    0x9, 0x0, 0xfc, 0xd8, 0x77, 0x20, 0x1c, 0x44,
    0xc, 0x0, 0xff, 0xa8, 0x95, 0xc0, 0x3f, 0xf8,
    0x92, 0x0, 0xc1, 0x0, 0xff, 0xe2, 0xb0, 0x82,
    0x88, 0x7, 0xd3, 0x23, 0xf4, 0x0, 0xf5, 0x0,
    0x10, 0x3, 0xfc, 0xe8, 0x54, 0x1, 0xff, 0xc4,
    0x25, 0x5, 0x20, 0xf, 0xfe, 0x35, 0x80, 0x20,
    0x3, 0xc3, 0x8c, 0xcc, 0x10, 0xf, 0x98, 0xc,
    0x80, 0x3f, 0x8e, 0x3, 0xc0, 0x3f, 0xf8, 0x83,
    0xe0, 0x9, 0x0, 0xff, 0xe3, 0x31, 0x2, 0x90,
    0x7, 0xe, 0x1c, 0xc8, 0x3, 0xf2, 0x88, 0x50,
    0x7, 0xfb, 0x82, 0x88, 0x3, 0xff, 0x89, 0xa4,
    0x6, 0x60, 0xf, 0xfe, 0x34, 0x0, 0x20, 0x3,
    0x8b, 0xa, 0xd8, 0x3, 0xfa, 0x40, 0xe, 0x1,
    0xfd, 0x24, 0xca, 0x1, 0xff, 0xc4, 0xa3, 0x0,
    0x48, 0x7, 0xff, 0x19, 0x84, 0x14, 0x80, 0x31,
    0xe1, 0xe2, 0x0, 0x7f, 0x19, 0x81, 0x84, 0x3,
    0xf2, 0x31, 0xc8, 0x7, 0xff, 0x11, 0xd4, 0x0,
    0x2a, 0x1, 0xff, 0xc6, 0x80, 0x4, 0x0, 0x63,
    0xc0, 0xc3, 0x0, 0xff, 0x40, 0x2, 0x80, 0x3f,
    0xd, 0x7, 0x0, 0x7f, 0xf1, 0x16, 0x0, 0x29,
    0x0, 0xff, 0xe3, 0x38, 0x82, 0x90, 0x4, 0x98,
    0x38, 0x40, 0x1f, 0xe2, 0x40, 0x43, 0x0, 0xfd,
    0x63, 0x44, 0x1, 0xff, 0xc3, 0x2a, 0x11, 0x0,
    0xb8, 0x7, 0xff, 0x14, 0x64, 0x1, 0x0, 0x12,
    0x58, 0xe1, 0x0, 0x7f, 0xd0, 0x0, 0xf0, 0xf,
    0xca, 0xb8, 0x3, 0xff, 0x86, 0x3e, 0xc, 0x20,
    0xc0, 0x1f, 0xfc, 0x69, 0x10, 0x62, 0x0, 0x25,
    0x8e, 0x10, 0x7, 0xfc, 0x4a, 0x6, 0x80, 0x1f,
    0xd, 0x8d, 0x0, 0x7f, 0xf1, 0x28, 0xa5, 0x0,
    0x12, 0x1, 0xff, 0xc5, 0x17, 0x0, 0x40, 0x1,
    0x2c, 0x34, 0x80, 0x3f, 0xf8, 0x16, 0x0, 0x90,
    0xf, 0xd0, 0x3a, 0x1, 0xff, 0xc4, 0x74, 0x52,
    0x30, 0x61, 0x0, 0xff, 0xe2, 0xc0, 0x2, 0x4,
    0xe, 0xc2, 0xcc, 0x3, 0xff, 0x80, 0x4c, 0x4,
    0xa0, 0x1f, 0x1b, 0x30, 0xc0, 0x3f, 0xf8, 0x69,
    0x5, 0x50, 0x0, 0x80, 0xf, 0xfe, 0x29, 0x30,
    0xb, 0x81, 0xe0, 0x52, 0x0, 0x7f, 0xf0, 0x6c,
    0x1, 0x0, 0x1f, 0xbc, 0x64, 0x3, 0xff, 0x86,
    0x34, 0x3e, 0x86, 0xc, 0x20, 0x1f, 0xfc, 0x58,
    0x0, 0x58, 0x16, 0x83, 0xa8, 0x7, 0xff, 0x4,
    0x98, 0xd, 0x40, 0x3e, 0x63, 0xa0, 0xf, 0xfe,
    0x25, 0xd, 0x14, 0x0, 0x20, 0x3, 0xff, 0x8a,
    0x6a, 0x6, 0xa5, 0x82, 0xb0, 0x1, 0xff, 0xc2,
    0xb0, 0x4, 0x0, 0x7e, 0x84, 0x40, 0x7, 0xff,
    0xe, 0x11, 0xd1, 0x6, 0xc, 0x20, 0x1f, 0xfc,
    0x58, 0x0, 0x78, 0xf8, 0x9d, 0x0, 0x7f, 0xf0,
    0x85, 0x80, 0xd0, 0x3, 0xe6, 0x19, 0x0, 0xff,
    0xe1, 0xa3, 0x9c, 0x4, 0x0, 0x20, 0x3, 0xff,
    0x8a, 0x88, 0x5, 0x3d, 0x22, 0x68, 0x7, 0xff,
    0xe, 0x0, 0x1e, 0x1, 0xfa, 0xd8, 0x80, 0x3f,
    0xf8, 0x43, 0x43, 0xa0, 0x86, 0xc, 0x20, 0x1f,
    0xfc, 0x58, 0x0, 0x45, 0x18, 0xf8, 0x80, 0x7f,
    0xf0, 0x85, 0x81, 0xc, 0x3, 0xe2, 0x25, 0x0,
    0x7f, 0xf0, 0xf4, 0x68, 0x42, 0x0, 0x16, 0x1,
    0xff, 0xc5, 0x53, 0x7, 0xa5, 0xa, 0x20, 0xf,
    0xfe, 0x1c, 0x0, 0x20, 0x3, 0xf8, 0x48, 0x3,
    0xff, 0x84, 0xe6, 0xc8, 0xa, 0x60, 0xc4, 0x1,
    0xff, 0xc5, 0x80, 0x1e, 0x70, 0x84, 0x0, 0xff,
    0xe1, 0x8b, 0x2, 0x98, 0x7, 0xe2, 0xe1, 0x0,
    0xff, 0xe0, 0x9c, 0x14, 0x80, 0x20, 0x1, 0x60,
    0x1f, 0xfc, 0x56, 0x20, 0x69, 0x4, 0x70, 0xf,
    0xfe, 0x24, 0x0, 0x20, 0x3, 0xff, 0x9b, 0xc1,
    0xc0, 0x5, 0x20, 0x62, 0x0, 0xff, 0xe2, 0xc0,
    0x1b, 0x0, 0xd0, 0x7, 0xff, 0x10, 0x58, 0x18,
    0x80, 0x3f, 0xf9, 0x90, 0x50, 0x60, 0x8, 0x0,
    0x40, 0x7, 0xff, 0x15, 0xc4, 0x4, 0x41, 0x42,
    0x1, 0xff, 0xc4, 0x90, 0x4, 0x0, 0x7f, 0xf3,
    0xd, 0xcd, 0xc0, 0xc, 0x40, 0xe2, 0x1, 0xff,
    0xc5, 0x90, 0x1, 0x3, 0xa0, 0x7, 0xff, 0x15,
    0x81, 0xc4, 0x3, 0xff, 0x99, 0xc1, 0xc0, 0x14,
    0x0, 0x24, 0x3, 0xff, 0x8a, 0xe2, 0x1, 0x1c,
    0x0, 0x7f, 0xf1, 0x5c, 0x42, 0x40, 0x3f, 0xf9,
    0x90, 0x50, 0x40, 0x8, 0x10, 0x81, 0x0, 0xff,
    0xe2, 0xc8, 0x6, 0xe0, 0xf, 0xfe, 0x34, 0x84,
    0x8, 0x7, 0xff, 0x2c, 0xdc, 0xdc, 0x0, 0x2e,
    0x2, 0xe0, 0x1f, 0xfc, 0x57, 0x10, 0xa, 0x8,
    0x3, 0xff, 0x8a, 0xa2, 0x27, 0x0, 0xff, 0xe6,
    0x78, 0x70, 0x5, 0x0, 0x8, 0x0, 0xff, 0xe3,
    0x48, 0x4, 0x6e, 0x1, 0xff, 0xc6, 0x90, 0x90,
    0xf, 0xfe, 0x63, 0x9b, 0x90, 0x0, 0x98, 0x9,
    0x80, 0x3f, 0xf8, 0xae, 0x20, 0x17, 0x0, 0x7f,
    0xf1, 0x8c, 0xc0, 0xe0, 0x1f, 0xfc, 0xb1, 0x82,
    0x80, 0xa, 0x40, 0x12, 0x1, 0xff, 0xc6, 0x90,
    0x9, 0xc8, 0x3, 0xff, 0x8d, 0x20, 0xe0, 0x1f,
    0xfc, 0xcb, 0x9, 0x0, 0x91, 0x0, 0x88, 0x0,
    0xff, 0xe2, 0xb8, 0x80, 0xa, 0x0, 0x3f, 0xf8,
    0xea, 0x12, 0x1, 0xff, 0xcb, 0x45, 0x44, 0x0,
    0x52, 0x0, 0x90, 0xf, 0xfe, 0x34, 0x80, 0x52,
    0x1, 0xff, 0xc7, 0x50, 0x61, 0x0, 0xff, 0xe5,
    0xc8, 0x48, 0x4, 0xe4, 0xc, 0x40, 0x1f, 0xfc,
    0x55, 0x10, 0x2, 0x20, 0x3, 0xff, 0x8f, 0xe1,
    0x40, 0x1f, 0xfc, 0xb6, 0x27, 0x20, 0x0, 0xc8,
    0x2, 0x0, 0x3f, 0xf8, 0xd2, 0x1, 0x40, 0x7,
    0xff, 0x21, 0x8, 0xc0, 0x3f, 0xf9, 0x70, 0x12,
    0x1, 0x40, 0x84, 0x8, 0x7, 0xff, 0x14, 0xcc,
    0x0, 0x53, 0x0, 0xff, 0xe3, 0x90, 0xa0, 0x7,
    0xff, 0x2d, 0xc6, 0x4, 0x0, 0x6c, 0x4, 0xe0,
    0x1f, 0xfc, 0x6a, 0x0, 0xa0, 0x3, 0xff, 0x90,
    0xe0, 0x40, 0x1f, 0xfc, 0xa1, 0x81, 0x70, 0xb,
    0xc0, 0x12, 0x1, 0xff, 0xc7, 0x60, 0x2, 0x90,
    0x7, 0xff, 0x20, 0xc1, 0x40, 0x3f, 0xf9, 0x52,
    0x10, 0x1, 0x31, 0x82, 0xa0, 0x7, 0xff, 0x18,
    0x80, 0x2e, 0x0, 0xff, 0xe4, 0xa0, 0x7, 0xff,
    0x2c, 0x5c, 0x58, 0x0, 0x30, 0x0, 0xb0, 0xf,
    0xfe, 0x39, 0x8, 0xa, 0x0, 0x7f, 0xf2, 0x4b,
    0x30, 0x1, 0xff, 0xc9, 0x60, 0x90, 0xa, 0xc4,
    0x24, 0x40, 0x3f, 0xf9, 0x18, 0xda, 0x1, 0xff,
    0xcb, 0x32, 0x0, 0xff, 0xe4, 0xc8, 0x30, 0x1,
    0x14, 0xd, 0x80, 0x3f, 0xf9, 0x25, 0x26, 0x1,
    0xff, 0xe1, 0x51, 0x51, 0x1, 0xa0, 0x7, 0x0,
    0x7f, 0xfe, 0xb8, 0x24, 0x1, 0x62, 0x10, 0x40,
    0x1f, 0xff, 0x91, 0x41, 0x30, 0x55, 0x1, 0xb8,
    0x7, 0xff, 0xe9, 0xc1, 0xc0, 0xa8, 0x1, 0xc0,
    0x1f, 0xff, 0xbc, 0xd, 0xe, 0x0, 0x49, 0x0,
    0x7f, 0xfe, 0xdc, 0x16, 0xcc, 0x15, 0x80, 0x3f,
    0xff, 0x84, 0x1a, 0x80, 0x74, 0x1, 0xff, 0xff,
    0x30, 0x2d, 0x0, 0xff, 0xff, 0x10, 0x0, 0xb0,
    0x40, 0x3f, 0xff, 0xd2, 0x91, 0xa2, 0x1, 0xff,
    0xfc,

    /* U+004E "N" */
    0x0, 0xff, 0xe8, 0x2b, 0xa0, 0x7, 0xff, 0x80,
    0x63, 0xea, 0x2e, 0x0, 0x3f, 0xfb, 0xc9, 0xee,
    0x1, 0x9c, 0x3, 0xff, 0xba, 0xd6, 0x2d, 0xb6,
    0x1, 0x8, 0x7, 0xff, 0x6d, 0xe4, 0x72, 0x49,
    0x0, 0x21, 0x0, 0xff, 0xed, 0x34, 0x17, 0x98,
    0x0, 0x80, 0x6, 0x1, 0xff, 0xda, 0x49, 0x3c,
    0x10, 0x9, 0x0, 0x8, 0x1, 0xff, 0xd9, 0x2a,
    0x2d, 0x10, 0xd, 0x80, 0xb, 0x0, 0xff, 0xec,
    0xf0, 0x78, 0x80, 0x72, 0x0, 0x98, 0x7, 0xff,
    0x1, 0x6b, 0xb9, 0x40, 0x1f, 0xfc, 0x78, 0x3a,
    0x20, 0xe, 0x41, 0x7, 0x0, 0xff, 0x97, 0x69,
    0x44, 0x4a, 0x80, 0x1f, 0xfc, 0x52, 0x77, 0x20,
    0x7, 0xb4, 0x1, 0xa0, 0x1f, 0xc3, 0x54, 0x26,
    0xcf, 0xb0, 0x30, 0xf, 0xfe, 0x2f, 0x1c, 0x0,
    0x7c, 0xe0, 0x28, 0x1, 0xf9, 0x3d, 0x55, 0xd2,
    0x60, 0xe0, 0x1f, 0xfc, 0x65, 0x3f, 0x0, 0xf9,
    0x44, 0x18, 0x3, 0xf3, 0xd8, 0x55, 0x4, 0x2,
    0x40, 0x10, 0xf, 0xfe, 0x24, 0x39, 0x80, 0x7d,
    0xc0, 0xa, 0x0, 0xfa, 0xa0, 0xfd, 0x40, 0x3b,
    0x1, 0x40, 0x3f, 0xf8, 0x6a, 0x70, 0x1, 0xf1,
    0x20, 0x21, 0x0, 0x7a, 0xd5, 0x58, 0x20, 0x1e,
    0x40, 0x30, 0xf, 0xfe, 0x1c, 0xc8, 0x3, 0xf5,
    0x80, 0x3c, 0x3, 0x87, 0x12, 0x28, 0x3, 0xe5,
    0x3, 0x0, 0xff, 0xe1, 0x91, 0xb0, 0x7, 0xe6,
    0x1, 0x40, 0xc, 0x38, 0x72, 0xe0, 0x1f, 0xb8,
    0x10, 0x3, 0xff, 0x86, 0x80, 0x1f, 0xcc, 0x0,
    0x90, 0xc, 0x38, 0x54, 0xc0, 0x1f, 0x85, 0x2,
    0xc0, 0x3f, 0xf8, 0x6b, 0x62, 0x1, 0xf5, 0x80,
    0x1c, 0x2, 0x1c, 0x2a, 0x50, 0xf, 0xe9, 0x1,
    0x30, 0xf, 0xfe, 0x19, 0xa0, 0x7, 0xca, 0x40,
    0xe0, 0x1b, 0x4a, 0x94, 0x3, 0xfc, 0xc0, 0xe0,
    0x1f, 0xfc, 0xd9, 0x0, 0x48, 0x5, 0x87, 0x4a,
    0x1, 0xfe, 0x41, 0xa, 0x0, 0xff, 0xe6, 0x19,
    0x81, 0x44, 0x1, 0x67, 0x2a, 0x1, 0xff, 0x78,
    0x9, 0x80, 0x7f, 0xf3, 0x20, 0x1, 0x20, 0x9,
    0x48, 0x60, 0xf, 0xf8, 0x90, 0x18, 0x3, 0xff,
    0x98, 0x48, 0x8, 0x61, 0xc, 0xee, 0x0, 0xff,
    0xe0, 0x50, 0x2, 0x80, 0x3f, 0xf9, 0x90, 0x0,
    0x80, 0x67, 0x58, 0x0, 0xff, 0xe0, 0xb0, 0x19,
    0x0, 0x7f, 0xf2, 0xc9, 0x40, 0xcc, 0x92, 0x94,
    0x1, 0xff, 0xc1, 0x51, 0x9, 0x0, 0xff, 0xe6,
    0x58, 0x2, 0xa, 0x8a, 0xc0, 0x3f, 0xf8, 0x52,
    0x0, 0x50, 0xf, 0xfe, 0x58, 0xb0, 0x1a, 0x78,
    0x60, 0x7, 0xff, 0x8, 0xcc, 0xc, 0x1, 0xff,
    0xcc, 0x80, 0x4, 0xd9, 0x68, 0x80, 0x7f, 0xf0,
    0xa8, 0x1, 0x40, 0x1f, 0xfc, 0xb1, 0x60, 0x2d,
    0x4a, 0x30, 0xf, 0xfe, 0x10, 0xb0, 0x19, 0x80,
    0x3f, 0xf9, 0x70, 0x0, 0x67, 0x85, 0x0, 0xff,
    0xe1, 0xb0, 0x2, 0x80, 0x3f, 0xf9, 0x62, 0xc0,
    0x4, 0x43, 0x80, 0x7f, 0xf1, 0x28, 0x0, 0xc0,
    0x1f, 0xfc, 0xb8, 0x0, 0x8a, 0xc0, 0x3f, 0xf8,
    0x88, 0x40, 0xc0, 0x1f, 0xfc, 0xb1, 0x60, 0xb,
    0xc0, 0x3f, 0xf8, 0xbe, 0x0, 0xa0, 0xf, 0xfe,
    0x5c, 0x80, 0x54, 0x40, 0x1f, 0xfc, 0x41, 0x40,
    0x33, 0x0, 0x7f, 0xf2, 0x85, 0xc0, 0xc, 0xa0,
    0x1f, 0xfc, 0x59, 0x0, 0x50, 0x7, 0xff, 0x2e,
    0x40, 0x7, 0x20, 0x1f, 0xfc, 0x66, 0x0, 0x30,
    0x7, 0xff, 0x28, 0x5c, 0x7, 0x40, 0x3f, 0xf8,
    0xc8, 0x20, 0xc0, 0x1f, 0xfc, 0xb9, 0x0, 0x58,
    0x80, 0x7f, 0xf1, 0xbc, 0x1, 0x40, 0x1f, 0xfc,
    0xa1, 0x70, 0x35, 0x0, 0xff, 0xe3, 0xa, 0x1,
    0x98, 0x3, 0xff, 0x95, 0x20, 0x8, 0x0, 0xff,
    0xe3, 0xb0, 0x2, 0x80, 0x3f, 0xf9, 0x42, 0xe0,
    0x88, 0x0, 0xff, 0xe3, 0xc8, 0x1, 0x80, 0x3f,
    0xf9, 0x50, 0x0, 0x80, 0xf, 0xfe, 0x39, 0x88,
    0x30, 0x7, 0xff, 0x28, 0x98, 0x14, 0xc0, 0x3f,
    0xf8, 0xf4, 0x0, 0xa0, 0xf, 0xfe, 0x57, 0x0,
    0x20, 0x3, 0xff, 0x90, 0xe0, 0x46, 0x1, 0xff,
    0xc9, 0x73, 0x6, 0x20, 0xf, 0xfe, 0x3a, 0x88,
    0x50, 0x7, 0xff, 0x24, 0xe0, 0x1, 0x0, 0x1f,
    0xfc, 0x8f, 0x0, 0x30, 0x7, 0xff, 0x27, 0x80,
    0xe, 0x20, 0x1f, 0xfc, 0x71, 0x50, 0x41, 0x0,
    0xff, 0xe4, 0x41, 0x0, 0xc8, 0x7, 0xff, 0x21,
    0xc0, 0x1a, 0x1, 0xff, 0xc8, 0x37, 0x0, 0x48,
    0x80, 0x7f, 0xf2, 0x34, 0x0, 0xe0, 0x1f, 0xfc,
    0x8e, 0x0, 0x13, 0x80, 0x7f, 0xf2, 0x5, 0x1,
    0x44, 0x3, 0xff, 0x8e, 0xe4, 0x0, 0x80, 0xf,
    0xfe, 0x4a, 0x0, 0x3c, 0x3, 0xff, 0x8e, 0x50,
    0x0, 0x35, 0x0, 0xff, 0xe4, 0xf8, 0x1, 0x40,
    0x3f, 0xf8, 0xfc, 0x1, 0x78, 0x7, 0xff, 0x29,
    0x41, 0x0, 0x3f, 0xf8, 0xec, 0x60, 0x5, 0x30,
    0xf, 0xfe, 0x4a, 0x0, 0x34, 0x3, 0xff, 0x8c,
    0x30, 0x1, 0x40, 0x7, 0xff, 0x2b, 0x0, 0xe,
    0x1, 0xff, 0xc6, 0x81, 0x0, 0x39, 0x0, 0x7f,
    0xf2, 0x90, 0xc, 0x40, 0x3f, 0xf8, 0xa6, 0xc0,
    0x1, 0x80, 0xf, 0xfe, 0x59, 0x82, 0x0, 0x7f,
    0xf1, 0xbc, 0x2, 0x80, 0xf, 0xfe, 0x5a, 0x0,
    0x30, 0x3, 0xff, 0x8a, 0xa6, 0x0, 0x36, 0x0,
    0xff, 0xe5, 0x98, 0x1, 0x0, 0x3f, 0xf8, 0xb0,
    0x1, 0x78, 0x7, 0xff, 0x33, 0x40, 0xc0, 0x3f,
    0xf8, 0xa6, 0x40, 0x6, 0x30, 0xf, 0xfe, 0x63,
    0x82, 0x80, 0x7f, 0xf1, 0x50, 0x0, 0x52, 0x1,
    0xff, 0xcd, 0x20, 0xc0, 0xf, 0xfe, 0x2f, 0x80,
    0xf8, 0x7, 0xff, 0x34, 0x80, 0xe, 0x1, 0xff,
    0xc5, 0x99, 0x71, 0x0, 0x7f, 0xf3, 0x58, 0x0,
    0x40, 0x1f, 0xfc, 0x51, 0x60, 0xf, 0xfe, 0x78,
    0x80, 0x7f, 0xf9, 0x4c, 0x4, 0x3, 0xff, 0xca,
    0x60, 0x1f, 0xfe, 0x33, 0x0, 0xff, 0xf2, 0x88,
    0x10, 0x7, 0xff, 0x8d, 0x40, 0x2, 0x1, 0xff,
    0xe2, 0x11, 0x3, 0x80, 0x7f, 0xf8, 0xe4, 0x28,
    0x3, 0xff, 0xc6, 0xe2, 0x6c, 0x1, 0xff, 0xe3,
    0xd0, 0x97, 0x0, 0xff, 0xf1, 0x1d, 0x8c, 0x74,
    0xca, 0x9c, 0x3, 0xff, 0xbc, 0x9d, 0x4, 0xce,
    0x24, 0x1, 0xfe,

    /* U+004F "O" */
    0x0, 0xff, 0xe9, 0xa, 0xcd, 0xee, 0xb2, 0xe5,
    0x40, 0x3f, 0xfb, 0x2d, 0x9d, 0x4c, 0x84, 0x43,
    0x46, 0xaf, 0x80, 0xf, 0xfe, 0xac, 0x74, 0x98,
    0xad, 0x67, 0x7f, 0xb6, 0xd8, 0x5f, 0x48, 0x3,
    0xff, 0xa2, 0xdc, 0xe2, 0x97, 0xd4, 0xa6, 0x20,
    0x2, 0x49, 0xf6, 0x2c, 0x20, 0xf, 0xfe, 0x71,
    0x64, 0x89, 0xe5, 0xa0, 0x7, 0xf8, 0x66, 0x43,
    0xe0, 0x1f, 0xfc, 0xd6, 0xd3, 0x1a, 0xc3, 0x0,
    0xff, 0xe1, 0x34, 0x14, 0x0, 0x7f, 0xf2, 0xea,
    0x41, 0x3d, 0x40, 0x3f, 0xf8, 0xae, 0x8e, 0x40,
    0x1f, 0xfc, 0x81, 0xc5, 0x8, 0xb1, 0x0, 0xff,
    0xe3, 0xc8, 0x58, 0x7, 0xff, 0x1c, 0xb0, 0xc2,
    0x9c, 0x3, 0xff, 0x92, 0x4a, 0xe0, 0x1f, 0xfc,
    0x61, 0xf2, 0x1c, 0x50, 0xf, 0xfe, 0x5f, 0x9,
    0x80, 0x7f, 0xf1, 0x7, 0x8, 0x70, 0xc0, 0x3f,
    0xf9, 0x88, 0x16, 0x1, 0xff, 0xc4, 0xc2, 0x1c,
    0x20, 0xf, 0xfe, 0x72, 0x20, 0x3, 0xff, 0x87,
    0x64, 0x1a, 0x40, 0x1f, 0xfc, 0xfc, 0x30, 0xf,
    0xfe, 0x14, 0x20, 0x59, 0x80, 0x7f, 0xf4, 0xc,
    0x4, 0x3, 0xff, 0x80, 0xae, 0x10, 0x80, 0x1f,
    0xfd, 0x17, 0x5, 0x0, 0xff, 0x86, 0x81, 0x1c,
    0x3, 0xff, 0xa4, 0x40, 0x20, 0x1f, 0xf5, 0x1,
    0x50, 0x7, 0xff, 0x4c, 0x40, 0x3f, 0xf8, 0xe,
    0x81, 0x22, 0x1, 0x8e, 0xfb, 0x84, 0x1, 0xff,
    0xcc, 0x30, 0xf, 0xe1, 0x80, 0x64, 0x0, 0xd3,
    0x88, 0x22, 0xa0, 0xf, 0xfe, 0x60, 0x80, 0x7f,
    0x58, 0xc, 0x0, 0x45, 0xac, 0xb, 0x61, 0xe0,
    0x1f, 0xfc, 0xc1, 0x0, 0xfc, 0x8a, 0x16, 0x20,
    0x2, 0xc2, 0x9, 0xa4, 0x16, 0x0, 0xff, 0xe6,
    0x18, 0x7, 0xe8, 0x3, 0x50, 0x0, 0xe0, 0x85,
    0x30, 0x3, 0xc4, 0x3, 0xff, 0x98, 0x20, 0x1f,
    0x21, 0x84, 0x0, 0x7, 0x4, 0x29, 0x40, 0x21,
    0x0, 0xff, 0xe5, 0x90, 0x38, 0x7, 0xd0, 0x6,
    0x80, 0xa, 0x20, 0x85, 0x0, 0xff, 0xe8, 0x8,
    0x10, 0x7, 0x90, 0xc2, 0x0, 0xe, 0x80, 0xce,
    0x1, 0xff, 0xd1, 0x60, 0x10, 0xf, 0x70, 0x12,
    0x1, 0xc0, 0x1c, 0x80, 0x7f, 0xf4, 0x88, 0x80,
    0x1e, 0x15, 0xa, 0x0, 0x70, 0x3, 0x80, 0x3f,
    0xfa, 0x7a, 0xe0, 0x1e, 0x60, 0x3, 0x4, 0x10,
    0x51, 0x0, 0x7f, 0xf4, 0xdc, 0x80, 0x3d, 0x60,
    0xa2, 0x4e, 0x8, 0xa0, 0x1f, 0xfd, 0x42, 0xc0,
    0xe, 0x13, 0xf, 0x9, 0x0, 0x48, 0x7, 0xff,
    0x50, 0xc1, 0x40, 0x39, 0x0, 0xa, 0x88, 0x8,
    0x20, 0xf, 0xfe, 0xa2, 0x10, 0x80, 0x76, 0x1,
    0x84, 0x81, 0x38, 0x7, 0xff, 0x57, 0x10, 0x3,
    0xca, 0x8, 0xa4, 0x10, 0x1, 0xff, 0xd6, 0x4f,
    0x0, 0xf1, 0x87, 0x40, 0x1a, 0x80, 0x7f, 0xf5,
    0x4c, 0x1c, 0x3, 0x84, 0x1, 0xe4, 0x10, 0x1,
    0xff, 0xd6, 0xb3, 0x10, 0xe, 0x20, 0x3, 0x81,
    0xa0, 0x7, 0xff, 0x59, 0x6c, 0x3, 0xce, 0x0,
    0x10, 0x80, 0xf, 0xfe, 0xb1, 0x11, 0x40, 0x3c,
    0x20, 0x11, 0xa0, 0x7, 0xff, 0x5a, 0x88, 0x80,
    0x1e, 0x10, 0xa, 0x80, 0x3f, 0xfa, 0xeb, 0x40,
    0x1f, 0x38, 0x0, 0x58, 0x3, 0xff, 0xac, 0x64,
    0xc0, 0x1f, 0x8, 0x1, 0x80, 0x3f, 0xfa, 0xf2,
    0x82, 0x1, 0xf0, 0x80, 0x38, 0x3, 0xff, 0xac,
    0x2b, 0xe0, 0x1f, 0xa8, 0x1, 0x80, 0x1f, 0xfd,
    0x69, 0x14, 0x0, 0xfc, 0xe0, 0x4, 0x0, 0xff,
    0xeb, 0x30, 0x8, 0x7, 0xc6, 0x20, 0x1, 0x60,
    0xf, 0xfe, 0x99, 0xe8, 0xe0, 0x80, 0x7d, 0x60,
    0x6c, 0x16, 0x1, 0xff, 0xd2, 0x8c, 0x27, 0x20,
    0xf, 0xca, 0x17, 0x0, 0x50, 0x1, 0xff, 0xcf,
    0x3d, 0x47, 0x9, 0x0, 0xfc, 0x24, 0xa, 0x32,
    0xe, 0x80, 0x1f, 0xfc, 0xc1, 0xac, 0xac, 0x56,
    0x10, 0xf, 0xc8, 0x2, 0x40, 0xca, 0x16, 0x80,
    0x1f, 0xfc, 0x91, 0x9e, 0x6d, 0x76, 0x28, 0x0,
    0xfe, 0xc0, 0x40, 0xa, 0x94, 0x2d, 0x80, 0x3f,
    0xf8, 0xc7, 0x3c, 0xf5, 0x84, 0x11, 0x1, 0x0,
    0xfe, 0x50, 0xc0, 0xd, 0x4e, 0x13, 0x86, 0x1,
    0xff, 0xc1, 0x16, 0xcc, 0x3c, 0xf2, 0x80, 0x20,
    0x1c, 0x3, 0xfc, 0x60, 0xa0, 0x1d, 0x16, 0x47,
    0x98, 0x62, 0x0, 0xf9, 0x1e, 0xfa, 0x42, 0xb9,
    0x80, 0x22, 0x78, 0x0, 0xff, 0x10, 0x0, 0xc0,
    0x3c, 0x9b, 0x24, 0x73, 0xbd, 0xb9, 0x8d, 0xef,
    0xb8, 0x67, 0xcc, 0x28, 0x7, 0x49, 0xb0, 0x7,
    0xf9, 0x80, 0x40, 0x3f, 0x9b, 0x72, 0x10, 0xcf,
    0x1, 0x34, 0xee, 0xa0, 0xc0, 0x3c, 0xc9, 0xc0,
    0x1f, 0xf1, 0x81, 0x0, 0x7f, 0xc6, 0xf7, 0xbd,
    0xfe, 0xdc, 0x96, 0x20, 0xf, 0xc3, 0xe, 0x40,
    0x1f, 0xf7, 0x83, 0x0, 0x7f, 0xf4, 0xe8, 0xe0,
    0x3, 0xff, 0x80, 0x20, 0x40, 0x1f, 0xfd, 0x26,
    0x4e, 0x0, 0xff, 0xe0, 0x98, 0x7, 0xff, 0x4c,
    0xa5, 0xcc, 0x3, 0xff, 0x82, 0x21, 0xe0, 0x1f,
    0xfd, 0x1f, 0x38, 0x0, 0xff, 0xe1, 0x8, 0x7,
    0xff, 0x4a, 0x8f, 0x80, 0x3f, 0xf8, 0xbe, 0x1,
    0xff, 0xcf, 0x65, 0xb2, 0x0, 0xff, 0xe1, 0x90,
    0x10, 0x7, 0xff, 0x39, 0x26, 0x14, 0x3, 0xff,
    0x89, 0xc0, 0xc0, 0x1f, 0xfc, 0xd3, 0xb5, 0x70,
    0xf, 0xfe, 0x2a, 0x81, 0x80, 0x7f, 0xf3, 0xb,
    0x4e, 0x80, 0x3f, 0xf8, 0xc6, 0x0, 0x30, 0xf,
    0xfe, 0x51, 0x61, 0xe8, 0x7, 0xff, 0x21, 0x42,
    0xc0, 0x3f, 0xf9, 0x23, 0x87, 0x82, 0x1, 0xff,
    0xc8, 0xe0, 0x60, 0xf, 0xfe, 0x41, 0x78, 0x78,
    0x80, 0x7f, 0xf2, 0x50, 0xc5, 0x80, 0x3f, 0xf8,
    0xc7, 0x87, 0xe4, 0x1, 0xff, 0xcb, 0x80, 0x81,
    0x0, 0xff, 0xe2, 0x2e, 0x1e, 0x8, 0x7, 0xff,
    0x31, 0x18, 0x74, 0x40, 0x3f, 0xf8, 0x53, 0x49,
    0x82, 0x1, 0xff, 0xce, 0x94, 0x3c, 0x20, 0xf,
    0xf9, 0xb9, 0x9e, 0xc4, 0x3, 0xff, 0xa1, 0x6a,
    0x5b, 0x24, 0x1, 0xe3, 0x8d, 0x92, 0xc8, 0x0,
    0xff, 0xe9, 0xd5, 0x5, 0xb7, 0xae, 0xa9, 0x9d,
    0x8e, 0x37, 0x86, 0x1, 0xff, 0xd5, 0x5e, 0xa5,
    0x34, 0x55, 0xa, 0xc6, 0xe2, 0x0, 0x7f, 0xf4,
    0x40,

    /* U+0050 "P" */
    0x0, 0xff, 0xeb, 0x88, 0xe0, 0xf, 0xff, 0x80,
    0x9b, 0x45, 0x66, 0xff, 0xdd, 0xdb, 0xfe, 0xed,
    0xb9, 0x86, 0x30, 0xf, 0xff, 0x11, 0x35, 0x77,
    0x32, 0x5d, 0x1, 0xda, 0x26, 0x55, 0x5a, 0x66,
    0x51, 0x25, 0x9c, 0xfd, 0xa7, 0x30, 0xf, 0xfe,
    0xd1, 0xce, 0xea, 0x54, 0x9e, 0xb7, 0xfb, 0x2a,
    0x5d, 0x98, 0xab, 0x99, 0x8f, 0x15, 0x7b, 0xfb,
    0x54, 0x9, 0xce, 0xa5, 0x0, 0xff, 0xea, 0xb6,
    0xe3, 0xb, 0xe7, 0xe4, 0x29, 0x0, 0x7f, 0xf2,
    0x9, 0x5e, 0xbb, 0x24, 0x6b, 0xe9, 0x0, 0x3f,
    0xfa, 0xf, 0xd2, 0xf, 0xb9, 0x6, 0x1, 0xfe,
    0x20, 0xf, 0xfe, 0x39, 0xbd, 0xf4, 0x3d, 0xeb,
    0x0, 0x7f, 0xf3, 0x13, 0xa0, 0xab, 0x60, 0x80,
    0x3f, 0xf8, 0xf, 0xa8, 0x1, 0xff, 0xc9, 0x17,
    0xdb, 0x19, 0xd6, 0x0, 0xff, 0xe4, 0xc5, 0x85,
    0x62, 0x80, 0x7f, 0xf0, 0x8a, 0x1, 0x80, 0x3f,
    0xf9, 0x89, 0x96, 0x33, 0xa6, 0x1, 0xff, 0xc6,
    0xb7, 0x5f, 0x50, 0xf, 0xfe, 0x24, 0x2, 0x10,
    0x7, 0xff, 0x39, 0x32, 0xb, 0x20, 0x3, 0xff,
    0x89, 0x69, 0x14, 0x20, 0x1f, 0xfc, 0x42, 0x50,
    0x80, 0xf, 0xfe, 0x8b, 0xe0, 0xbd, 0x80, 0x7f,
    0xf0, 0x9d, 0x21, 0xc0, 0x3f, 0xf8, 0xd6, 0x6,
    0x60, 0xf, 0xfe, 0x91, 0xf9, 0x26, 0x0, 0x7f,
    0xf0, 0x6, 0x11, 0xc0, 0x3f, 0xf8, 0xc4, 0xc1,
    0x0, 0x1f, 0xfd, 0x41, 0xc1, 0x3b, 0x0, 0xff,
    0x98, 0x28, 0x3, 0xff, 0x8f, 0x60, 0x68, 0x1,
    0xff, 0xd5, 0x1d, 0x4, 0x90, 0xf, 0xf6, 0x28,
    0x80, 0x7f, 0xf1, 0x85, 0x82, 0x40, 0x3f, 0xfa,
    0xe7, 0x0, 0xc8, 0x1, 0xfc, 0xb8, 0x1, 0xff,
    0xc7, 0x80, 0x25, 0x0, 0xff, 0xec, 0x38, 0x84,
    0x0, 0x7f, 0x9, 0x80, 0x7f, 0xf1, 0x85, 0x82,
    0x0, 0x3f, 0xfb, 0x52, 0x6, 0x80, 0x1f, 0x88,
    0xc0, 0x3f, 0xf8, 0xd0, 0x4, 0xa0, 0x1f, 0xfd,
    0xa6, 0x0, 0x70, 0x7, 0xe7, 0xc0, 0xf, 0xfe,
    0x28, 0xb0, 0x58, 0x7, 0xff, 0x6c, 0x4c, 0x10,
    0x3, 0xf7, 0x29, 0x0, 0x7f, 0xf1, 0x20, 0x5,
    0x80, 0x3f, 0xfb, 0x8a, 0x2, 0x40, 0x1f, 0x22,
    0xf8, 0x7, 0xff, 0xc, 0x58, 0x20, 0x3, 0xff,
    0xbb, 0xc0, 0x6, 0x0, 0xfd, 0x43, 0x82, 0x1,
    0xff, 0xc1, 0x90, 0x16, 0x0, 0xff, 0xee, 0x88,
    0x0, 0x40, 0x3f, 0xb0, 0x30, 0x80, 0x3f, 0xe1,
    0x70, 0x90, 0xf, 0xff, 0x66, 0x3e, 0x20, 0x7,
    0xfa, 0x40, 0x5c, 0x3, 0xff, 0xbd, 0xc0, 0x6,
    0x0, 0xff, 0xaa, 0x6e, 0x40, 0x3f, 0x9c, 0x24,
    0x3, 0xff, 0xbe, 0x40, 0x2, 0x0, 0xff, 0xe0,
    0x3e, 0xaf, 0x20, 0x7, 0x9c, 0x0, 0xc0, 0x1f,
    0xfd, 0xf7, 0x1, 0x10, 0x7, 0xff, 0x4, 0xb2,
    0x6e, 0x84, 0x3, 0x48, 0x38, 0x80, 0x7f, 0xf7,
    0x84, 0x81, 0x0, 0x3f, 0xf8, 0x8f, 0xa3, 0xce,
    0x0, 0x61, 0x9, 0x0, 0xff, 0xef, 0xb8, 0x3,
    0xc0, 0x3f, 0xf8, 0xa5, 0x75, 0x3a, 0x70, 0xe,
    0x20, 0x1f, 0xfd, 0xfa, 0x0, 0x28, 0x7, 0xff,
    0x1d, 0x79, 0x30, 0x42, 0x40, 0x3f, 0xfb, 0xe6,
    0x60, 0x60, 0xf, 0xfe, 0x54, 0x90, 0x8, 0x7,
    0xff, 0x82, 0x40, 0x16, 0x1, 0xff, 0xca, 0x52,
    0x4, 0xf2, 0x0, 0xff, 0xee, 0x9a, 0x82, 0x90,
    0x7, 0xff, 0x2a, 0x1, 0xa9, 0xfc, 0x3, 0xff,
    0xbb, 0xe0, 0xb, 0x0, 0xff, 0xe5, 0x21, 0x5,
    0x84, 0x9b, 0x80, 0x7f, 0xf6, 0xe0, 0xc2, 0x4,
    0x3, 0xff, 0x95, 0x0, 0xa4, 0x0, 0x4d, 0x0,
    0xff, 0xed, 0x23, 0x81, 0xb8, 0x7, 0xff, 0x11,
    0x6c, 0x40, 0x24, 0x30, 0x80, 0xf, 0xfe, 0xf1,
    0x50, 0xf, 0x0, 0x7f, 0xf0, 0xde, 0xce, 0x84,
    0x2, 0xf0, 0x42, 0x0, 0x84, 0x80, 0x3f, 0xfb,
    0x3, 0xe2, 0x14, 0x40, 0x1f, 0xfc, 0x13, 0xc2,
    0xb6, 0x10, 0x8, 0xd0, 0x20, 0x3, 0x2f, 0x0,
    0x7f, 0xf5, 0xc7, 0x48, 0x25, 0x0, 0x3f, 0xf8,
    0x2f, 0xfa, 0xa0, 0x1e, 0x90, 0x43, 0x0, 0x84,
    0x48, 0x1, 0xff, 0xd6, 0x1c, 0x30, 0x76, 0x0,
    0xff, 0xe0, 0xcd, 0xe0, 0x80, 0x78, 0x94, 0x3c,
    0x3, 0x39, 0x10, 0x3, 0xff, 0xaa, 0x58, 0x40,
    0xf0, 0x1, 0xff, 0xc1, 0x84, 0xc0, 0xf, 0xd0,
    0x6, 0x80, 0x1b, 0x50, 0x3, 0xff, 0xaa, 0x98,
    0x41, 0x10, 0x0, 0xff, 0xe0, 0xa3, 0xf8, 0x7,
    0xe1, 0x50, 0x80, 0xc, 0x29, 0x40, 0x1f, 0xfd,
    0x48, 0xb1, 0xa, 0x70, 0xf, 0xfe, 0x15, 0x41,
    0x0, 0x7e, 0x90, 0x34, 0x0, 0xcc, 0x46, 0x1,
    0xff, 0xd2, 0x1c, 0x70, 0x2c, 0x50, 0xf, 0xfe,
    0x12, 0x8b, 0x80, 0x7e, 0x17, 0x9, 0x0, 0xea,
    0xb0, 0xf, 0xfe, 0x93, 0x79, 0x82, 0xe9, 0x80,
    0x7f, 0xf0, 0xfd, 0x40, 0x3f, 0x98, 0x9, 0x40,
    0x32, 0x1b, 0x0, 0x7f, 0xf4, 0xf, 0x24, 0x42,
    0x68, 0x3, 0xff, 0x8a, 0xe4, 0x1, 0xfd, 0x21,
    0x60, 0x1d, 0xc, 0x1, 0xff, 0xcf, 0x19, 0xc3,
    0x5, 0xe6, 0x0, 0xff, 0xe3, 0x8, 0x80, 0x3f,
    0x30, 0x89, 0x80, 0x31, 0x9a, 0x40, 0x3f, 0xf9,
    0xa3, 0x1c, 0xc0, 0x57, 0x42, 0x1, 0xff, 0xc7,
    0x44, 0x0, 0x7e, 0xb0, 0x80, 0xe, 0x86, 0x10,
    0xf, 0xfe, 0x58, 0xc7, 0x38, 0xc, 0xea, 0x0,
    0x7f, 0xf2, 0x64, 0xa4, 0x3, 0xca, 0x42, 0xc0,
    0x18, 0xd2, 0x0, 0x3f, 0xf9, 0x47, 0x3c, 0xe0,
    0x53, 0xcc, 0x1, 0xff, 0xcb, 0x1b, 0x6b, 0x10,
    0xd, 0x21, 0x20, 0x1d, 0xe, 0x20, 0x1f, 0xfc,
    0x86, 0xdc, 0x60, 0x3a, 0xd6, 0x0, 0xff, 0xe7,
    0x26, 0x3f, 0x30, 0x1, 0xc, 0x1c, 0x3, 0x1a,
    0x48, 0x7, 0xff, 0x14, 0x5a, 0xfe, 0x48, 0x5b,
    0x30, 0xa0, 0x1f, 0xfd, 0x13, 0xc8, 0x87, 0x3c,
    0x3, 0x80, 0x77, 0xc0, 0x80, 0x7f, 0xf0, 0x8d,
    0xf3, 0xa5, 0x1, 0x6b, 0xa4, 0xc0, 0x3f, 0xfa,
    0xaf, 0xd1, 0x46, 0x0, 0x30, 0x9, 0x9, 0xc0,
    0x3f, 0xc4, 0xb1, 0x9f, 0x90, 0x64, 0xd7, 0xf4,
    0xa0, 0x1f, 0xfd, 0xa6, 0x40, 0x34, 0xcf, 0xda,
    0x95, 0x66, 0x2b, 0x31, 0xe2, 0x6f, 0x7f, 0x69,
    0xcc, 0xcf, 0x5d, 0xb2, 0x80, 0x1f, 0xfd, 0xd1,
    0x60, 0xec, 0xfb, 0xb3, 0x12, 0xcc, 0xaa, 0x66,
    0x64, 0x77, 0xa6, 0xf7, 0xf2, 0x14, 0x40, 0x3f,
    0xfc, 0x12, 0xa, 0x40, 0x4, 0x62, 0xbe, 0xff,
    0xee, 0xe6, 0xe5, 0x43, 0x21, 0x0, 0x7f, 0xf9,
    0x58, 0x24, 0x3, 0x4a, 0xa0, 0x7, 0xff, 0xcd,
    0x85, 0xc, 0x2, 0x26, 0x90, 0xf, 0xff, 0xa5,
    0x87, 0x80, 0x6e, 0x82, 0x0, 0xff, 0xf9, 0xa1,
    0x1a, 0x0, 0x4a, 0x2e, 0x1, 0xff, 0xf4, 0xf0,
    0x90, 0xd, 0x72, 0x1, 0xff, 0xf4, 0x24, 0x25,
    0x0, 0xa1, 0x50, 0x3, 0xff, 0xe9, 0x61, 0x60,
    0x11, 0xbc, 0x80, 0x7f, 0xfd, 0x5, 0x85, 0x80,
    0x2f, 0x82, 0x0, 0xff, 0xfa, 0x30, 0x30, 0x4,
    0xe2, 0xe0, 0x1f, 0xff, 0x5a, 0x9, 0x0, 0x14,
    0x70, 0x7, 0xff, 0xd5, 0x9, 0x44, 0x1, 0x2c,
    0x60, 0x1f, 0xff, 0x5f, 0x9, 0x0, 0x32, 0xc8,
    0x7, 0xff, 0xd4, 0x90, 0xcc, 0x3, 0x34, 0x1,
    0xff, 0xf6, 0xa0, 0x90, 0x5, 0x2a, 0x0, 0x7f,
    0xfd, 0x98, 0x54, 0x19, 0x6c, 0x3, 0xff, 0xec,
    0x82, 0xc0, 0x53, 0x2, 0x1, 0xff, 0xf6, 0xe0,
    0xa0, 0xe4, 0x60, 0xf, 0xff, 0xb0, 0xaa, 0x14,
    0x1c, 0x80, 0x7f, 0xfd, 0xdc, 0x39, 0x1e, 0x8,
    0x3, 0xff, 0xef, 0xa0, 0xf4, 0x6e, 0x1, 0xff,
    0xf8, 0x44, 0x48, 0xf8, 0x7, 0xff, 0xe1, 0x1,
    0x51, 0x8c, 0x3, 0xff, 0xf0, 0x60, 0x22, 0x90,
    0xf, 0xff, 0xcf, 0x0, 0x28, 0x3, 0xff, 0xf5,
    0xa3, 0x28, 0x1, 0xff, 0xfa,

    /* U+0051 "Q" */
    0x0, 0xff, 0xe9, 0x1b, 0xde, 0xff, 0xbb, 0x6e,
    0x8, 0x3, 0xff, 0xae, 0x2f, 0xb9, 0x8, 0x40,
    0x20, 0x48, 0xfb, 0x64, 0x1, 0xff, 0xd3, 0x19,
    0xe8, 0x22, 0x3d, 0xf7, 0xf7, 0x3f, 0x60, 0x93,
    0x54, 0x3, 0xff, 0xa2, 0xfc, 0xc0, 0xb9, 0xb0,
    0x82, 0x1, 0x89, 0xf6, 0x42, 0x90, 0x3, 0xff,
    0x9c, 0x7b, 0x0, 0xbb, 0x46, 0x1, 0xff, 0x35,
    0x85, 0x90, 0x7, 0xff, 0x31, 0xf0, 0x89, 0x74,
    0x40, 0x1f, 0xfc, 0x24, 0xa0, 0x90, 0xf, 0xfe,
    0x5d, 0xc0, 0x2e, 0xa0, 0x7, 0xff, 0x15, 0x59,
    0x10, 0x1, 0xff, 0xc8, 0x1d, 0x40, 0x9a, 0x0,
    0xff, 0xe4, 0x40, 0x78, 0x7, 0xff, 0x1c, 0xbc,
    0x82, 0xd8, 0x3, 0xff, 0x92, 0x2c, 0x82, 0x1,
    0xff, 0xc5, 0x2c, 0x11, 0x6a, 0x0, 0x7f, 0xf2,
    0xe8, 0x1c, 0x3, 0xff, 0x88, 0x58, 0x22, 0xc2,
    0x0, 0xff, 0xe6, 0x18, 0xe8, 0x7, 0xff, 0xc,
    0x7c, 0x45, 0x84, 0x1, 0xff, 0xce, 0x45, 0x0,
    0xff, 0xe1, 0xe9, 0x6, 0x90, 0x7, 0xff, 0x3f,
    0x4, 0x40, 0x1f, 0xfc, 0x19, 0x30, 0xb3, 0x0,
    0xff, 0xe8, 0x10, 0x10, 0x7, 0xff, 0x1, 0x98,
    0xe, 0x80, 0x1f, 0xfd, 0x16, 0x5, 0x0, 0xff,
    0x8a, 0x41, 0x20, 0x3, 0xff, 0xa4, 0x40, 0x1f,
    0xfc, 0x1e, 0x1, 0xa0, 0xf, 0xfe, 0xa0, 0x88,
    0x3, 0xfc, 0xe6, 0x14, 0x20, 0x19, 0x33, 0xfc,
    0x60, 0x1f, 0xfc, 0xcf, 0x0, 0xfe, 0x28, 0x5,
    0x40, 0x8, 0x6a, 0xcc, 0x1, 0x40, 0x1f, 0xfd,
    0x69, 0x1, 0xb0, 0x8, 0xb1, 0x41, 0x74, 0x38,
    0x3, 0xff, 0x99, 0xe0, 0x1f, 0x91, 0x1, 0x2,
    0x0, 0x2c, 0x20, 0x9a, 0x22, 0x28, 0x7, 0xff,
    0x30, 0x40, 0x3f, 0x48, 0x13, 0x0, 0x7, 0x4,
    0x29, 0x80, 0x1a, 0x40, 0x1f, 0xfc, 0xb1, 0x30,
    0xf, 0x94, 0x82, 0x0, 0x2c, 0x10, 0xa5, 0x0,
    0xff, 0xe7, 0x88, 0x8, 0x7, 0xd0, 0x6, 0xa0,
    0xa, 0x20, 0x85, 0x0, 0xff, 0xe8, 0x18, 0x30,
    0x7, 0x90, 0x82, 0x0, 0xe, 0xa0, 0xce, 0x1,
    0xff, 0xd1, 0x60, 0x20, 0xf, 0x70, 0xa, 0x1,
    0x40, 0x14, 0x80, 0x7f, 0xf4, 0x88, 0x80, 0x1e,
    0x15, 0x9, 0x0, 0x78, 0x3, 0xc0, 0x3f, 0xfa,
    0x7e, 0xc0, 0x1e, 0x60, 0x3, 0x3, 0x90, 0x49,
    0x0, 0x7f, 0xf4, 0xd4, 0xc0, 0x3d, 0x60, 0x82,
    0x50, 0x6, 0xc0, 0x1f, 0xfd, 0x43, 0xd0, 0xf,
    0x18, 0x70, 0x48, 0x3, 0x80, 0x3f, 0xfa, 0x84,
    0x8, 0x1, 0xca, 0x0, 0x44, 0x81, 0xc8, 0x3,
    0xff, 0xa8, 0x84, 0x20, 0x1d, 0xa0, 0x63, 0x0,
    0x30, 0x1, 0xff, 0xd5, 0xc7, 0x0, 0xf1, 0x82,
    0xa8, 0xc2, 0x0, 0x3f, 0xfa, 0xc9, 0x80, 0x1e,
    0x50, 0xf8, 0x2, 0x60, 0xf, 0xfe, 0xa9, 0xb,
    0x80, 0x70, 0x88, 0x3c, 0x82, 0x0, 0x3f, 0xfa,
    0xca, 0x62, 0x1, 0xc6, 0x0, 0x70, 0x25, 0x0,
    0xff, 0xeb, 0x5d, 0x80, 0x3c, 0x20, 0x1, 0x8,
    0x0, 0xff, 0xeb, 0x11, 0xa8, 0x7, 0x9c, 0x2,
    0x25, 0x0, 0xff, 0xeb, 0x29, 0x10, 0x3, 0xce,
    0x1, 0x50, 0x7, 0xff, 0x5e, 0xe8, 0x3, 0xe1,
    0x0, 0x98, 0x3, 0xff, 0xac, 0x46, 0xc0, 0x1f,
    0x18, 0x1, 0x84, 0x3, 0xff, 0xad, 0x6a, 0x20,
    0x1f, 0x28, 0x3, 0x80, 0x3f, 0xfa, 0xed, 0xc0,
    0x1f, 0xb8, 0x1, 0x80, 0x1f, 0xfd, 0x67, 0x5,
    0x0, 0xfc, 0x80, 0x4, 0x0, 0xff, 0xeb, 0x51,
    0x88, 0x7, 0xc8, 0x20, 0x13, 0x80, 0x7f, 0xf4,
    0xcb, 0xf, 0x0, 0x3f, 0x68, 0x13, 0x84, 0x80,
    0x7f, 0xf4, 0x9f, 0xe, 0x40, 0x3f, 0x90, 0x16,
    0x44, 0x52, 0x1, 0xff, 0xcf, 0x3c, 0xb9, 0x17,
    0x0, 0xfc, 0x44, 0xb, 0x1b, 0x6, 0x50, 0xf,
    0xfe, 0x60, 0xce, 0x26, 0x54, 0x80, 0x7f, 0x38,
    0x0, 0xc1, 0x58, 0x29, 0x40, 0x3f, 0xf9, 0x23,
    0x1c, 0xbb, 0xa, 0x6e, 0x1, 0xfd, 0x80, 0x80,
    0x14, 0xb0, 0x53, 0x80, 0x7f, 0xf1, 0x8a, 0x79,
    0xab, 0x8, 0x2e, 0x0, 0x3f, 0xc8, 0x6, 0x1,
    0xa5, 0xc2, 0x31, 0x0, 0x3f, 0xf8, 0x22, 0xd7,
    0xaf, 0x3c, 0xa0, 0x8, 0x36, 0x0, 0xff, 0x10,
    0x60, 0x7, 0x45, 0x91, 0xde, 0x31, 0x0, 0x7c,
    0x6f, 0x7d, 0x2f, 0x5c, 0xc0, 0x11, 0x3c, 0x80,
    0x7f, 0x88, 0x0, 0xc0, 0x1e, 0x4d, 0x92, 0x39,
    0xdf, 0xdc, 0xbd, 0xef, 0xc8, 0x67, 0xdc, 0x50,
    0xe, 0x95, 0x40, 0xf, 0xf3, 0x0, 0x8, 0x3,
    0xf3, 0x6e, 0xa1, 0x48, 0xcc, 0x80, 0x4d, 0x3b,
    0xa8, 0x20, 0xf, 0x2a, 0x58, 0x7, 0xfc, 0x60,
    0x40, 0x1f, 0xf1, 0x3d, 0x6f, 0x7f, 0xb7, 0x25,
    0x88, 0x3, 0xf0, 0xdc, 0x88, 0x7, 0xfd, 0xe0,
    0xc0, 0x1f, 0xfd, 0x3a, 0x56, 0x0, 0xff, 0xe0,
    0x8, 0x10, 0x7, 0xff, 0x49, 0x92, 0x80, 0x3f,
    0xfc, 0x25, 0x34, 0x20, 0x1f, 0xfe, 0x1f, 0x65,
    0x0, 0xff, 0xf0, 0xd8, 0x48, 0x7, 0xff, 0xc,
    0x40, 0xc0, 0x3f, 0xf9, 0xf0, 0x9e, 0x1, 0xff,
    0xc4, 0xe0, 0x10, 0xf, 0xfe, 0x73, 0x3d, 0x90,
    0x7, 0xff, 0x10, 0x81, 0x40, 0x3f, 0xf9, 0xa9,
    0x32, 0x40, 0xf, 0xfe, 0x2a, 0x80, 0x88, 0x3,
    0xff, 0x96, 0x76, 0xec, 0x1, 0xff, 0xc6, 0x13,
    0x4, 0x0, 0xff, 0xe1, 0x90, 0x7, 0x8f, 0x16,
    0x0, 0x3f, 0xf9, 0x16, 0x1c, 0x1, 0xff, 0xc2,
    0x6d, 0x90, 0xc, 0x78, 0xb4, 0x1, 0xff, 0xc9,
    0x60, 0x42, 0x0, 0xff, 0xe0, 0xf0, 0x70, 0x4,
    0x98, 0x94, 0x1, 0xff, 0xca, 0x17, 0x8, 0x0,
    0xff, 0xe0, 0x88, 0x18, 0x1, 0xad, 0x6c, 0x3,
    0xff, 0x99, 0x22, 0xaa, 0x0, 0xff, 0xe2, 0x44,
    0xad, 0x0, 0x7f, 0xf3, 0x46, 0x82, 0x94, 0x3,
    0xfe, 0xe0, 0x3c, 0x78, 0xa0, 0xf, 0xfe, 0x7a,
    0x50, 0x54, 0x0, 0x7f, 0xf0, 0x20, 0x6d, 0xc0,
    0x3f, 0xfa, 0x2b, 0x62, 0xfd, 0x8, 0x20, 0x1,
    0x49, 0xe8, 0x3, 0xd4, 0x0, 0xff, 0xe9, 0xa7,
    0xb8, 0x3d, 0xf7, 0xfb, 0xad, 0x8a, 0x4c, 0xc0,
    0x1f, 0xfd, 0x61, 0x8e, 0xb8, 0x65, 0x68, 0xae,
    0xc6, 0x80, 0x60, 0xf, 0xfe, 0xc2, 0x3c, 0xd4,
    0xba, 0x88, 0x1, 0xe, 0x0, 0x3f, 0xfc, 0x7c,
    0x34, 0x1, 0xff, 0xe2, 0x29, 0x57, 0x0, 0xff,
    0xf1, 0x34, 0x41, 0xc0, 0x3f, 0xfc, 0x4f, 0x31,
    0x20, 0x1f, 0xfe, 0x26, 0xc4, 0xe6, 0x0, 0xff,
    0xf0, 0x9e, 0xc5, 0xf4, 0xa0, 0x80, 0x4, 0xdf,
    0x10, 0x3, 0xff, 0xb0, 0xdb, 0x43, 0x1f, 0xf6,
    0x48, 0xe2, 0x0, 0x7f, 0x80,

    /* U+0052 "R" */
    0x0, 0xff, 0xed, 0x8, 0xe0, 0xf, 0xff, 0x89,
    0xac, 0x56, 0x6f, 0xfd, 0xdd, 0xbf, 0xed, 0xca,
    0x86, 0x30, 0xf, 0xff, 0x19, 0x34, 0xef, 0xe5,
    0x33, 0x49, 0x13, 0x2a, 0xad, 0x32, 0x84, 0x77,
    0xa7, 0x3f, 0x65, 0x40, 0x3f, 0xfb, 0x89, 0x1b,
    0xa9, 0x47, 0x9c, 0xee, 0x65, 0x4b, 0xb3, 0x15,
    0x73, 0x31, 0xe6, 0xf7, 0xf6, 0xe1, 0x99, 0x5f,
    0x6e, 0x20, 0x1f, 0xfd, 0x51, 0x7d, 0xb6, 0x7a,
    0xed, 0xa6, 0x31, 0x0, 0xff, 0xe3, 0x12, 0x3d,
    0xfd, 0xb2, 0xc7, 0x51, 0x80, 0x7f, 0xf4, 0x4a,
    0x7a, 0x1e, 0xfa, 0x94, 0x40, 0x3e, 0x50, 0xf,
    0xfe, 0x42, 0x4f, 0x52, 0x2e, 0x61, 0x0, 0x3f,
    0xf9, 0xa3, 0x3a, 0xf1, 0xd4, 0x80, 0x1f, 0xeb,
    0xa3, 0x0, 0xff, 0xe5, 0x2d, 0xe2, 0x1d, 0xd8,
    0x80, 0x3f, 0xf9, 0x4b, 0xef, 0x3c, 0xe2, 0x1,
    0xff, 0x22, 0x0, 0x80, 0x3f, 0xf9, 0x87, 0x76,
    0x24, 0xd7, 0x0, 0xff, 0xe4, 0x4d, 0x3f, 0xb0,
    0x7, 0xff, 0xb, 0xc1, 0x84, 0x3, 0xff, 0x9c,
    0x9a, 0xe1, 0x16, 0x1, 0xff, 0xc6, 0xb6, 0xa9,
    0x10, 0xf, 0xfe, 0x11, 0xa0, 0x58, 0x7, 0xff,
    0x46, 0x28, 0x13, 0x4, 0x3, 0xff, 0x87, 0x6b,
    0xaa, 0x1, 0xff, 0xc4, 0x80, 0x52, 0x0, 0xff,
    0xe9, 0x2d, 0x81, 0xe8, 0x7, 0xff, 0xa, 0x57,
    0x8, 0x3, 0xff, 0x88, 0x68, 0x12, 0x1, 0xff,
    0xd4, 0x4a, 0x3, 0xa0, 0xf, 0xfe, 0x2, 0xb6,
    0x90, 0x7, 0xff, 0x16, 0x41, 0xc, 0x3, 0xff,
    0xaa, 0xac, 0xa, 0xc0, 0x1f, 0xf4, 0x39, 0x80,
    0x7f, 0xf1, 0x49, 0x42, 0x0, 0x3f, 0xfa, 0xf2,
    0x21, 0x22, 0x1, 0xfc, 0xa5, 0x0, 0x1f, 0xfc,
    0x68, 0x3, 0x30, 0x7, 0xff, 0x62, 0x0, 0x12,
    0x1, 0xfd, 0xea, 0x1, 0xff, 0xc6, 0x15, 0x8,
    0x0, 0xff, 0xec, 0xb0, 0x83, 0x0, 0x7f, 0x3e,
    0x0, 0x7f, 0xf1, 0xa0, 0x9, 0x0, 0x3f, 0xfb,
    0x4c, 0x2, 0x80, 0x1f, 0x8c, 0xc0, 0x1f, 0xfc,
    0x51, 0x60, 0x80, 0xf, 0xfe, 0xdd, 0x80, 0x34,
    0x3, 0xf1, 0x68, 0x7, 0xff, 0x16, 0x40, 0x94,
    0x3, 0xff, 0xb6, 0x60, 0x5, 0x0, 0xfd, 0x2e,
    0x40, 0x1f, 0xfc, 0x31, 0x70, 0xb0, 0xf, 0xfe,
    0xe9, 0x1, 0x0, 0x7e, 0x55, 0x78, 0x80, 0x7f,
    0xf0, 0xa4, 0x5, 0x80, 0x3f, 0xfb, 0xa2, 0x2,
    0x1, 0xfd, 0x43, 0x82, 0x1, 0xff, 0xc1, 0x60,
    0x90, 0xf, 0xfe, 0xf3, 0x80, 0x7f, 0xf0, 0x31,
    0xbd, 0x0, 0x3f, 0xe7, 0x11, 0x38, 0x7, 0xff,
    0x79, 0xc0, 0x3f, 0xf8, 0x37, 0x37, 0x20, 0x1f,
    0xe9, 0x9, 0x0, 0xff, 0xef, 0x88, 0x8, 0x7,
    0xff, 0x1, 0xf1, 0x75, 0x0, 0x3e, 0x61, 0x6,
    0x0, 0xff, 0xef, 0x90, 0x28, 0x7, 0xff, 0x4,
    0xf2, 0xae, 0xc4, 0x1, 0xd6, 0xe, 0x20, 0x1f,
    0xfd, 0xe2, 0x0, 0x18, 0x7, 0xff, 0xd, 0xf4,
    0x76, 0x0, 0x25, 0x20, 0x90, 0xf, 0xfe, 0xfb,
    0x80, 0x34, 0x3, 0xff, 0x88, 0x55, 0x6b, 0xca,
    0x10, 0xc, 0x20, 0x1f, 0xfd, 0xfc, 0x0, 0x28,
    0x7, 0xff, 0x19, 0x36, 0x6b, 0x48, 0x2c, 0x3,
    0xff, 0xc0, 0xe0, 0x80, 0x1f, 0xfc, 0x97, 0xe3,
    0x3, 0x20, 0xf, 0xfe, 0xfa, 0x88, 0x70, 0x7,
    0xff, 0x29, 0x44, 0xa, 0x80, 0x3f, 0xfb, 0xf2,
    0x2, 0xa0, 0x1f, 0xfc, 0xaf, 0x4, 0xf7, 0xa0,
    0xf, 0xfe, 0xea, 0x98, 0x40, 0x7, 0xff, 0x28,
    0xd0, 0x20, 0x71, 0x50, 0x3, 0xff, 0xb9, 0x0,
    0x2c, 0x1, 0xff, 0xca, 0x90, 0x43, 0x1, 0x4c,
    0x0, 0xff, 0xed, 0xc1, 0x5, 0x0, 0x7f, 0xf2,
    0x89, 0x43, 0xc0, 0x22, 0x10, 0xf, 0xfe, 0xd2,
    0x38, 0x2a, 0x0, 0x7f, 0xf2, 0xac, 0xd, 0x0,
    0x22, 0x10, 0xf, 0xfe, 0xc9, 0x50, 0xd, 0x80,
    0x7f, 0xf2, 0x85, 0x82, 0x40, 0x32, 0xf0, 0x7,
    0xff, 0x67, 0xc4, 0x34, 0x40, 0x3f, 0xf9, 0x52,
    0x4, 0xa0, 0x10, 0x89, 0x40, 0x3f, 0xfb, 0x18,
    0x41, 0x46, 0x1, 0xff, 0xca, 0x17, 0x8, 0x0,
    0xc8, 0x26, 0x1, 0xff, 0xd7, 0xb3, 0x8, 0x50,
    0xf, 0xfe, 0x5b, 0x0, 0xa8, 0x6, 0xf7, 0x0,
    0xff, 0xeb, 0xe, 0x20, 0x3b, 0x80, 0x3f, 0xf9,
    0x92, 0x10, 0x1, 0xc9, 0xa0, 0x1f, 0xfd, 0x52,
    0xc3, 0x8, 0x80, 0x7, 0xff, 0x31, 0x84, 0x4c,
    0x1, 0x94, 0x10, 0x3, 0xff, 0xa8, 0xba, 0x41,
    0x2e, 0x1, 0xff, 0xcd, 0xb0, 0x90, 0xe, 0xe6,
    0x0, 0xff, 0xea, 0x45, 0x0, 0xe3, 0x0, 0x7f,
    0xf3, 0x54, 0x81, 0xc0, 0x31, 0x25, 0x0, 0x7f,
    0xf4, 0x8b, 0x1c, 0x13, 0xcc, 0x3, 0xff, 0x9d,
    0x20, 0xe0, 0x1d, 0x6a, 0x40, 0x1f, 0xfd, 0x18,
    0xd3, 0x7, 0xb1, 0x0, 0xff, 0xe7, 0x21, 0x84,
    0x80, 0x61, 0x69, 0x0, 0xff, 0xe8, 0x26, 0xb8,
    0x1e, 0xc0, 0x7, 0xff, 0x1f, 0x3d, 0xc0, 0x3d,
    0xe0, 0xc2, 0x1, 0xa5, 0xc, 0x3, 0xff, 0x9c,
    0x77, 0x62, 0x19, 0xc2, 0x0, 0xff, 0xe4, 0x1b,
    0xcb, 0x0, 0x62, 0x40, 0xb0, 0xc, 0x2f, 0x0,
    0x1f, 0xfc, 0xd3, 0xbc, 0x40, 0x6f, 0x60, 0xf,
    0xfe, 0x53, 0x2d, 0xc8, 0x80, 0x50, 0xa, 0x40,
    0x1a, 0x50, 0xc0, 0x3f, 0xf9, 0x69, 0x78, 0x80,
    0xdd, 0x22, 0x1, 0xff, 0xcb, 0x96, 0xb1, 0x80,
    0x0, 0xa8, 0x48, 0x6, 0x17, 0x80, 0xf, 0xfe,
    0x48, 0xbe, 0xda, 0x3, 0xf4, 0x88, 0x7, 0xff,
    0x3a, 0xd0, 0x58, 0xc2, 0x41, 0xc, 0x3, 0x4a,
    0x18, 0x7, 0xff, 0x18, 0x56, 0xfa, 0x8, 0xe7,
    0xe0, 0x40, 0x3f, 0xfa, 0x35, 0x41, 0xca, 0x70,
    0xf0, 0xc, 0x2f, 0x20, 0x1f, 0xfc, 0x42, 0x6b,
    0xea, 0x41, 0x6c, 0xc3, 0x0, 0x7f, 0xf5, 0x57,
    0x1, 0x40, 0x18, 0x60, 0x14, 0x31, 0x0, 0x7f,
    0xf0, 0x9, 0xab, 0xb6, 0x50, 0x9f, 0x3a, 0x4c,
    0x3, 0xff, 0xb0, 0x4a, 0x0, 0x27, 0xcf, 0xc9,
    0x6e, 0x43, 0x31, 0x19, 0x91, 0x5a, 0x6f, 0x7f,
    0x65, 0x4d, 0x67, 0x75, 0x6, 0x1, 0xff, 0xdc,
    0xc0, 0x2d, 0xea, 0x70, 0x60, 0x8b, 0xcc, 0x6e,
    0x62, 0xea, 0x59, 0x45, 0xa2, 0xfb, 0x69, 0x88,
    0x3, 0xff, 0xbf, 0x40, 0x20, 0x2b, 0x10, 0x2e,
    0xcb, 0xaa, 0xae, 0xd9, 0xbd, 0xfd, 0x92, 0xe8,
    0x20, 0x1f, 0xfe, 0x24, 0x31, 0x34, 0x0, 0xa6,
    0x42, 0x68, 0xab, 0x22, 0xc, 0x84, 0x3, 0xff,
    0xd3, 0xe1, 0x10, 0x90, 0x3, 0xb2, 0x0, 0x7f,
    0xfc, 0xc9, 0x5, 0x9c, 0x1c, 0xa6, 0x40, 0x1f,
    0xff, 0x48, 0x9, 0x0, 0x4c, 0x74, 0x90, 0x7,
    0xff, 0xcc, 0x54, 0x18, 0x0, 0x88, 0x27, 0x0,
    0xff, 0xfa, 0x48, 0x30, 0x80, 0x5, 0x8d, 0x40,
    0x3f, 0xfe, 0x8c, 0x16, 0x1, 0x45, 0xf5, 0x88,
    0x7, 0xff, 0xc9, 0x85, 0x48, 0x0, 0x84, 0xc6,
    0xd4, 0x1, 0xff, 0xf2, 0xb0, 0x90, 0xa, 0x64,
    0x0, 0x87, 0x70, 0x7, 0xff, 0xc1, 0x8, 0xcc,
    0x0, 0x8a, 0x20, 0xb, 0xa5, 0x0, 0x3f, 0xfd,
    0xfe, 0x12, 0x0, 0x34, 0x70, 0xc, 0x55, 0x41,
    0x0, 0xff, 0xf6, 0x92, 0xa, 0x80, 0x3f, 0xc0,
    0x1e, 0x46, 0xc1, 0x0, 0xff, 0xf6, 0x50, 0x48,
    0x2, 0x14, 0xc0, 0x3e, 0x87, 0xd0, 0xf, 0xff,
    0x63, 0x3, 0x1, 0xac, 0x80, 0x7f, 0x53, 0xd8,
    0x7, 0xff, 0xa9, 0x45, 0x44, 0x3a, 0x40, 0x3f,
    0xeb, 0x7c, 0x10, 0xf, 0xff, 0x47, 0x7, 0x4,
    0xba, 0x0, 0x7f, 0xf0, 0x31, 0xf0, 0x80, 0x3f,
    0xfc, 0xc2, 0x84, 0x88, 0x7b, 0x0, 0xff, 0xe1,
    0x5a, 0x62, 0x0, 0x7f, 0xf9, 0x5c, 0x28, 0x6a,
    0xc4, 0x3, 0xff, 0x87, 0x31, 0x72, 0x1, 0xff,
    0xe4, 0xa0, 0x6a, 0x55, 0x0, 0x7f, 0xf1, 0x5b,
    0x57, 0x90, 0x3, 0xff, 0xc2, 0x26, 0x66, 0x49,
    0x0, 0xff, 0xe3, 0x96, 0x4d, 0xe2, 0x0, 0x7f,
    0xf7, 0xd0, 0x1e, 0x20, 0x40, 0x1f, 0xfc, 0x97,
    0xe4, 0xbd, 0x61, 0x0, 0xff, 0xe0, 0x90, 0x7,
    0xff, 0x3b, 0x41, 0x9, 0xc0, 0x3f, 0xf9, 0x63,
    0x1d, 0x51, 0xd9, 0xc, 0x64, 0x51, 0xa3, 0x46,
    0x7e, 0xa0, 0x7, 0xff, 0x34, 0x40, 0x1c, 0x1,
    0xff, 0xce, 0x17, 0xec, 0x43, 0x9c, 0xdd, 0xb2,
    0xe5, 0xc5, 0x21, 0x0, 0x3f, 0xf9, 0xb4, 0x96,
    0x60, 0x1f, 0xfd, 0x13, 0x8b, 0xfe, 0xcc, 0x5d,
    0xb3, 0x7f, 0x6d, 0xc0, 0x3f, 0xf9, 0xc0,

    /* U+0053 "S" */
    0x0, 0xff, 0xf4, 0x12, 0xce, 0x77, 0xfb, 0x60,
    0x3, 0xff, 0xd0, 0x71, 0xba, 0xa6, 0x31, 0x0,
    0x13, 0xe8, 0x7, 0xff, 0x90, 0x9f, 0x71, 0xc8,
    0x9, 0xa6, 0xee, 0x80, 0x27, 0x0, 0xff, 0xf0,
    0xa5, 0xec, 0x10, 0x2c, 0xf6, 0xcb, 0x22, 0x4e,
    0xe0, 0xd0, 0xf, 0xfe, 0xfb, 0xed, 0xa0, 0x25,
    0x7d, 0x30, 0x80, 0x7d, 0xe0, 0x60, 0x1f, 0xfd,
    0xc1, 0x8e, 0x82, 0x18, 0xeb, 0x50, 0xf, 0xfb,
    0x3, 0xc0, 0x3f, 0xfb, 0x43, 0x1c, 0xe2, 0x75,
    0xce, 0x20, 0x1f, 0xfc, 0x1, 0x40, 0x70, 0xf,
    0xfe, 0xc0, 0xc7, 0x38, 0x1d, 0xe2, 0x80, 0x7f,
    0xf0, 0xe4, 0x1c, 0x40, 0x3f, 0xfa, 0xef, 0xce,
    0x7, 0x78, 0x80, 0x1f, 0xfc, 0x41, 0x71, 0x90,
    0xf, 0xfe, 0xb2, 0xf4, 0x1, 0xde, 0x20, 0x7,
    0xff, 0x1a, 0xc2, 0xc4, 0x3, 0xff, 0xa8, 0x79,
    0x42, 0x55, 0x88, 0x1, 0xff, 0xc7, 0x55, 0x22,
    0x80, 0x7f, 0xf4, 0xc6, 0x70, 0xc2, 0x35, 0x40,
    0x3f, 0xf9, 0x3, 0x65, 0x60, 0x1f, 0xfd, 0x36,
    0xf6, 0x5, 0xe7, 0x0, 0xff, 0xe5, 0x68, 0xf8,
    0x7, 0xff, 0x48, 0xb2, 0x44, 0xb2, 0x84, 0x3,
    0xff, 0x95, 0x47, 0x64, 0x1, 0xff, 0xd1, 0x7d,
    0x30, 0x8d, 0x30, 0xf, 0xfe, 0x5c, 0xad, 0x20,
    0x7, 0xff, 0x40, 0xb2, 0x0, 0xf5, 0xc0, 0x3f,
    0xf9, 0x90, 0xd4, 0xa0, 0x1f, 0xfd, 0x5, 0xd3,
    0x8, 0xc2, 0x0, 0xff, 0xe6, 0x43, 0xd2, 0x80,
    0x7f, 0xf4, 0x2a, 0x80, 0x58, 0xe0, 0x1f, 0xfc,
    0xd8, 0x7a, 0x50, 0xf, 0xfe, 0x79, 0x6a, 0x83,
    0x69, 0x80, 0x7f, 0xf3, 0x69, 0xed, 0x40, 0x3f,
    0xf9, 0xe9, 0x84, 0x15, 0x20, 0x1f, 0xfc, 0xd1,
    0xc4, 0xd4, 0x0, 0xff, 0xe7, 0xad, 0x88, 0xb1,
    0x40, 0x3f, 0xf9, 0xa7, 0x81, 0xe4, 0x1, 0xff,
    0xcf, 0x7a, 0x3, 0xf3, 0x0, 0xff, 0xe6, 0xb6,
    0x26, 0x8, 0x7, 0xff, 0x3d, 0xa0, 0x13, 0x4,
    0x3, 0xff, 0x9b, 0x53, 0x30, 0x7, 0xff, 0x41,
    0x64, 0x12, 0xc0, 0x3f, 0xf9, 0xc4, 0x7a, 0xc0,
    0x1f, 0xfd, 0x3, 0xa0, 0x3b, 0x0, 0xff, 0xe7,
    0x94, 0x90, 0x7, 0xff, 0x47, 0x80, 0xb4, 0x3,
    0xff, 0xde, 0xc4, 0x1c, 0x20, 0x1f, 0xfe, 0xfd,
    0x5, 0x30, 0xf, 0xff, 0x82, 0x87, 0x0, 0x7f,
    0xfc, 0x4c, 0x1c, 0x3, 0xff, 0xe2, 0x81, 0x20,
    0x1f, 0xff, 0x18, 0x15, 0xc4, 0x0, 0xff, 0xf7,
    0x8e, 0x11, 0xde, 0xb9, 0x0, 0x7f, 0xfb, 0x4b,
    0x5c, 0xa, 0x37, 0xa5, 0x44, 0x3, 0xff, 0xd7,
    0x1d, 0x4, 0x2, 0xd5, 0xdc, 0xa7, 0x30, 0xf,
    0xff, 0x40, 0xbe, 0xea, 0x54, 0x40, 0x56, 0x33,
    0xf2, 0x54, 0x80, 0x3f, 0xfc, 0xc4, 0xd5, 0xdb,
    0x4c, 0x60, 0x3, 0x6a, 0xde, 0xb7, 0x30, 0xf,
    0xff, 0x31, 0x2c, 0xe7, 0xed, 0x3a, 0x8, 0x92,
    0x33, 0xe9, 0x84, 0x3, 0xff, 0xce, 0x4b, 0x17,
    0xdc, 0xa7, 0x40, 0x59, 0xec, 0x61, 0x0, 0xff,
    0xf4, 0x8a, 0xc5, 0xfd, 0xb9, 0x1c, 0xf4, 0x90,
    0x7, 0xff, 0xb1, 0x23, 0x75, 0x4, 0xdb, 0x64,
    0x1, 0xff, 0xed, 0x27, 0xdb, 0x44, 0x6c, 0x80,
    0x7f, 0xf0, 0xc4, 0x3, 0xff, 0xbe, 0x97, 0x61,
    0x6c, 0x10, 0xf, 0x89, 0x1e, 0xb7, 0x52, 0x1,
    0xff, 0xe1, 0x4f, 0x33, 0x60, 0x81, 0xb4, 0xe7,
    0x7f, 0x7, 0x66, 0xc0, 0x7, 0xff, 0x88, 0x7c,
    0x4b, 0xfd, 0xd9, 0xfe, 0xed, 0xa7, 0x41, 0x0,
    0xff, 0xf0, 0xa3, 0xdf, 0x71, 0xc0, 0x6b, 0x69,
    0x8c, 0x3, 0xff, 0xc6, 0x91, 0x9f, 0x1f, 0xf6,
    0xca, 0x87, 0x0, 0x7f, 0xf8, 0xcd, 0xef, 0xe0,
    0x23, 0xf2, 0x10, 0x40, 0x18, 0x8, 0x1, 0xff,
    0xe0, 0x5a, 0xfe, 0xe7, 0xfb, 0x21, 0x0, 0x3e,
    0x20, 0x0, 0x80, 0x7f, 0xf6, 0xc5, 0xaf, 0xfb,
    0x37, 0x52, 0x80, 0x1f, 0xfe, 0x71, 0x6c, 0xed,
    0xee, 0x5b, 0x10, 0x7, 0xff, 0x8, 0xc0, 0x2,
    0x1, 0xff, 0xd6, 0x4a, 0xed, 0x9f, 0xb5, 0x10,
    0xf, 0xfe, 0x2e, 0x81, 0x80, 0x7f, 0xf5, 0x5,
    0xfa, 0x77, 0xad, 0x40, 0x3f, 0xf9, 0x2a, 0x16,
    0x1, 0xff, 0xd2, 0x3a, 0xed, 0xd9, 0xc4, 0x3,
    0xff, 0x94, 0xc0, 0x6, 0x0, 0xff, 0xe8, 0x26,
    0x69, 0x75, 0x18, 0x7, 0xff, 0x36, 0x1, 0x44,
    0x3, 0xff, 0x9c, 0x77, 0x54, 0xe8, 0x10, 0xf,
    0xfe, 0x73, 0x88, 0x40, 0x7, 0xff, 0x34, 0xab,
    0x75, 0xcc, 0x1, 0xff, 0xd0, 0x18, 0x7, 0x20,
    0xf, 0xfe, 0x63, 0xe1, 0x73, 0x0, 0x7f, 0xf4,
    0xa8, 0xa, 0x0, 0x3f, 0xf9, 0x65, 0xb7, 0x90,
    0x1, 0xff, 0xd3, 0x74, 0xe, 0x0, 0xff, 0xe5,
    0xbe, 0xd6, 0x10, 0x7, 0xff, 0x4c, 0xe0, 0x20,
    0xc0, 0x3f, 0xf9, 0x55, 0x38, 0xe0, 0x1f, 0xfd,
    0x41, 0xd0, 0x57, 0x0, 0xff, 0xe4, 0x8e, 0x37,
    0x98, 0x7, 0xff, 0x57, 0x44, 0xe8, 0x3, 0xff,
    0x92, 0x38, 0xd8, 0x20, 0x1f, 0xfd, 0x5b, 0x32,
    0xd0, 0xf, 0xfe, 0x48, 0xe3, 0xd0, 0x7, 0xff,
    0x5a, 0x90, 0xb0, 0x40, 0x3f, 0xf9, 0x3a, 0xd4,
    0x1, 0xff, 0xd6, 0xa5, 0x2c, 0x10, 0xf, 0xfe,
    0x4c, 0x95, 0x0, 0x7f, 0xf5, 0xad, 0x4f, 0x4,
    0x3, 0xff, 0x92, 0x8d, 0x62, 0x1, 0xff, 0xd4,
    0x2d, 0x44, 0x60, 0x80, 0x7f, 0xf2, 0xa0, 0xd4,
    0x3, 0xff, 0xa8, 0xba, 0x51, 0x60, 0x1f, 0xfc,
    0xb3, 0x35, 0x0, 0x7f, 0xf5, 0x26, 0x87, 0x1c,
    0x3, 0xff, 0x98, 0x80, 0xa0, 0x1f, 0xfd, 0x24,
    0xe6, 0x67, 0x18, 0x7, 0xff, 0x37, 0xc0, 0x3f,
    0xfa, 0x45, 0x76, 0x3c, 0x90, 0xf, 0xfe, 0x7f,
    0x2, 0x0, 0x7f, 0xf3, 0x86, 0x75, 0x67, 0x4c,
    0x3, 0xff, 0xa0, 0xe1, 0x22, 0x1, 0xff, 0xcb,
    0x39, 0xe7, 0x8e, 0x60, 0xf, 0xfe, 0x90, 0xc8,
    0xe1, 0x0, 0x7f, 0xf1, 0xc5, 0xf7, 0x12, 0x79,
    0xc0, 0x3f, 0xfa, 0xad, 0x25, 0xae, 0x20, 0x1f,
    0xfc, 0x23, 0x7c, 0xe8, 0x7b, 0xd6, 0x0, 0xff,
    0xec, 0x36, 0xac, 0x75, 0xba, 0x10, 0x80, 0x4,
    0x8d, 0xa6, 0xfb, 0x25, 0x6b, 0xe9, 0x0, 0x3f,
    0xfb, 0x65, 0x5d, 0x23, 0x57, 0xbd, 0xfe, 0xed,
    0xcb, 0x33, 0x5e, 0xf4, 0xa8, 0x7, 0xff, 0x80,
    0x5a, 0xb7, 0xfb, 0x76, 0xef, 0xf6, 0xd4, 0x29,
    0x0, 0x7f, 0xf7, 0x80,

    /* U+0054 "T" */
    0x0, 0xff, 0xee, 0x96, 0xe8, 0x3, 0xff, 0xe0,
    0x46, 0xad, 0x13, 0x57, 0x9b, 0xdc, 0xff, 0xff,
    0xe1, 0xe9, 0x13, 0xff, 0xff, 0x9d, 0xdc, 0xdd,
    0x5d, 0x43, 0x21, 0x0, 0x7f, 0xf1, 0x45, 0x1e,
    0x6f, 0xbf, 0x72, 0xa5, 0xd9, 0x50, 0xc8, 0x44,
    0x1, 0xff, 0xe0, 0x11, 0x11, 0x11, 0x5e, 0x6f,
    0x7f, 0x69, 0xcc, 0x3, 0xf1, 0x35, 0x77, 0x2e,
    0x10, 0x1d, 0xd1, 0x35, 0x4b, 0xbf, 0xfe, 0x51,
    0x0, 0x2a, 0xef, 0xff, 0x95, 0x54, 0x99, 0x43,
    0xb2, 0x19, 0x0, 0x71, 0x2c, 0x67, 0xdb, 0x0,
    0x49, 0x9b, 0x23, 0x37, 0xdf, 0xb7, 0x30, 0xec,
    0xaa, 0x44, 0xff, 0xe4, 0x81, 0x3, 0x2a, 0x27,
    0xff, 0x29, 0x54, 0xcc, 0x78, 0x9b, 0xcd, 0xfe,
    0xca, 0x87, 0x53, 0x10, 0x49, 0xe1, 0x2b, 0x39,
    0xfb, 0x74, 0x10, 0xf, 0xfe, 0x94, 0x0, 0x20,
    0x3, 0xff, 0xac, 0x26, 0xaf, 0x15, 0x9d, 0xfd,
    0xd0, 0x88, 0x0, 0x60, 0x1f, 0xfd, 0x65, 0x30,
    0x71, 0x0, 0xff, 0xef, 0x88, 0x80, 0x6, 0x81,
    0x54, 0x0, 0xff, 0xea, 0xc0, 0x2, 0x40, 0x3f,
    0xfc, 0xb6, 0xa0, 0xba, 0x60, 0x1f, 0xfd, 0x26,
    0x20, 0x71, 0x0, 0xff, 0xf3, 0x54, 0x81, 0x63,
    0x80, 0x7f, 0xf4, 0x60, 0x6, 0x0, 0x3f, 0xfd,
    0xd, 0xa4, 0x11, 0x40, 0x1f, 0xfc, 0xf6, 0x10,
    0x90, 0xf, 0xff, 0x51, 0x6b, 0x82, 0xe9, 0x0,
    0x7f, 0xf3, 0x60, 0x5, 0xc0, 0x3f, 0xfd, 0x91,
    0x62, 0x5a, 0x80, 0x1f, 0xfc, 0xb6, 0x10, 0x90,
    0xf, 0xff, 0x72, 0x61, 0x85, 0xb0, 0x7, 0xff,
    0x2a, 0x0, 0xc, 0x1, 0xff, 0xef, 0x2c, 0x50,
    0x98, 0x0, 0xff, 0xe4, 0x28, 0x83, 0x88, 0x7,
    0xff, 0xc6, 0xa0, 0x1e, 0x40, 0x3f, 0xf8, 0xf0,
    0x0, 0x90, 0xf, 0xff, 0x9b, 0xd0, 0x34, 0x80,
    0x7f, 0xf1, 0x50, 0x81, 0xc4, 0x3, 0xff, 0xe8,
    0xb8, 0xd, 0x20, 0x1f, 0xfc, 0x48, 0x0, 0x48,
    0x7, 0xff, 0xd8, 0xf0, 0x59, 0xc0, 0x3f, 0xf8,
    0x46, 0x60, 0x61, 0x0, 0xff, 0xfb, 0x9e, 0x84,
    0x28, 0x7, 0xff, 0x6, 0x40, 0x16, 0x1, 0xff,
    0xf9, 0x3c, 0xa, 0x40, 0xf, 0xf8, 0x54, 0x14,
    0x80, 0x3f, 0xff, 0x47, 0x61, 0x42, 0x1, 0xfe,
    0x90, 0x4, 0x80, 0x7f, 0xff, 0x12, 0x6, 0x80,
    0x3f, 0xcc, 0x6, 0x60, 0xf, 0xff, 0xeb, 0xaa,
    0x38, 0x7, 0xe6, 0x10, 0x80, 0xf, 0xff, 0xfd,
    0x14, 0x18, 0x7, 0xd6, 0x4, 0x80, 0x1f, 0xff,
    0xf0, 0xe0, 0xf0, 0xf, 0x21, 0x5, 0x80, 0x7f,
    0xff, 0xc0, 0x6, 0xe6, 0xc0, 0x1d, 0xe0, 0x2c,
    0x1, 0xff, 0xff, 0x0, 0xa0, 0xa4, 0x40, 0x22,
    0x40, 0x90, 0xf, 0xff, 0xf8, 0x7, 0x40, 0x40,
    0x5, 0x0, 0x6, 0x0, 0xff, 0xff, 0x80, 0x72,
    0xa3, 0x8, 0xa, 0x82, 0x88, 0x7, 0xff, 0xfc,
    0x3, 0xd0, 0x12, 0x12, 0x0, 0x90, 0xf, 0xff,
    0xf8, 0x7, 0xc6, 0x8c, 0x2c, 0x6, 0x60, 0xf,
    0xff, 0xf8, 0x7, 0xef, 0x1d, 0x10, 0x90, 0xf,
    0xff, 0xf8, 0x7, 0xf2, 0x11, 0x80, 0xa8, 0x7,
    0xff, 0xfc, 0x3, 0xfd, 0x40, 0x9, 0x0, 0xff,
    0xff, 0x80, 0x7f, 0xc4, 0x0, 0x60, 0xf, 0xff,
    0xf8, 0x7, 0xfd, 0xc0, 0xa2, 0x1, 0xff, 0xff,
    0x0, 0xff, 0x12, 0x0, 0x7f, 0xff, 0xc0, 0x3f,
    0xf8, 0x34, 0x0, 0x40, 0xf, 0xff, 0xf8, 0x7,
    0xfc, 0xc0, 0xe2, 0x40, 0x1f, 0xff, 0xf0, 0xf,
    0xe6, 0x11, 0x48, 0x30, 0x7, 0xff, 0xfc, 0x3,
    0xfa, 0x81, 0x84, 0x8, 0x3, 0xff, 0xfe, 0x1,
    0xf8, 0xcc, 0x14, 0x3, 0xc0, 0x1f, 0xff, 0xf0,
    0xf, 0xd4, 0x8, 0x40, 0x1, 0x0, 0xff, 0xff,
    0x80, 0x7e, 0x60, 0xe0, 0xf, 0xff, 0xf8, 0x7,
    0xfc, 0xc0, 0x2a, 0x0, 0x10, 0xf, 0xff, 0xf8,
    0x7, 0xea, 0x6, 0x0, 0xc2, 0x1, 0xff, 0xff,
    0x0, 0xf1, 0x98, 0x28, 0x0, 0x41, 0xe0, 0x1f,
    0xff, 0xf0, 0xf, 0x50, 0x19, 0x0, 0x1c, 0x8,
    0x3, 0xff, 0xfe, 0x1, 0xe6, 0xa, 0x0, 0x88,
    0x18, 0x3, 0xff, 0xfe, 0x1, 0xca, 0x0, 0x60,
    0xb, 0x40, 0xc0, 0x3f, 0xff, 0xe0, 0x1d, 0x20,
    0xa0, 0x19, 0x8, 0x3, 0xff, 0xfe, 0x1, 0xc4,
    0x61, 0xc0, 0x10, 0x89, 0x0, 0x3f, 0xff, 0xe0,
    0x1d, 0x40, 0x28, 0x1, 0x20, 0x60, 0x7, 0xff,
    0xfc, 0x3, 0x98, 0x18, 0x3, 0x78, 0x20, 0x7,
    0xff, 0xfc, 0x3, 0x20, 0x85, 0x0, 0x65, 0x31,
    0x0, 0xff, 0xff, 0x80, 0x6e, 0x3, 0x20, 0x9,
    0x42, 0x80, 0x3f, 0xff, 0xe0, 0x1c, 0xa1, 0x40,
    0x1b, 0xc1, 0xc0, 0x3f, 0xff, 0xe0, 0x19, 0x80,
    0xe, 0x1, 0xa, 0xa8, 0x40, 0x3f, 0xff, 0xe0,
    0x1a, 0x81, 0x4, 0x2, 0x90, 0x90, 0xf, 0xff,
    0xf8, 0x6, 0x23, 0xe, 0x0, 0xcc, 0x66, 0x0,
    0xff, 0xff, 0x80, 0x65, 0x0, 0x28, 0x4, 0xc3,
    0x0, 0x1f, 0xff, 0xf0, 0xe, 0xa0, 0x50, 0xd,
    0x6, 0x80, 0x1f, 0xff, 0xf0, 0xc, 0x64, 0x1e,
    0x1, 0x30, 0xc0, 0x7, 0xff, 0xfc, 0x3, 0xac,
    0x0, 0xa0, 0x1, 0x84, 0x40, 0x7, 0xff, 0xfc,
    0x3, 0x94, 0x14, 0x2, 0x81, 0x90, 0xf, 0xff,
    0xf8, 0x7, 0x19, 0x7, 0x80, 0x9, 0x9c, 0x80,
    0x3f, 0xff, 0xe0, 0x1d, 0x60, 0x5, 0x0, 0x71,
    0x40, 0x7, 0xff, 0xfc, 0x3, 0xca, 0x8, 0x0,
    0x73, 0xe0, 0xf, 0xff, 0xf8, 0x7, 0x88, 0x81,
    0x80, 0x70, 0xc6, 0x1, 0xff, 0xff, 0x0, 0xf2,
    0x80, 0x14, 0x38, 0xa4, 0x3, 0xff, 0xfe, 0x1,
    0xf6, 0x0, 0x95, 0x94, 0x80, 0x7f, 0xff, 0xc0,
    0x3f, 0x20, 0x24, 0xa3, 0xa0, 0x7, 0xff, 0xfc,
    0x3, 0xe4, 0x0, 0x23, 0x1c, 0x0, 0x7f, 0xff,
    0xc0, 0x3f, 0x18, 0x0, 0x43, 0x80, 0x3f, 0xff,
    0xe0, 0x1f, 0xde, 0x1, 0x49, 0x0, 0x7f, 0xff,
    0xc0, 0x3f, 0xa4, 0xc2, 0x18, 0x3, 0xff, 0xfc,

    /* U+0055 "U" */
    0x0, 0xff, 0xf9, 0xd6, 0x88, 0x7, 0xff, 0xcb,
    0x14, 0x80, 0x3f, 0xfe, 0x54, 0x61, 0x22, 0x1,
    0xff, 0xf0, 0x75, 0x4, 0x60, 0xf, 0xff, 0x81,
    0xc0, 0xd, 0x0, 0x7f, 0xfc, 0x7, 0x40, 0x16,
    0x20, 0x1f, 0xff, 0xb, 0x10, 0x55, 0x0, 0x7f,
    0xfc, 0x19, 0x40, 0x6c, 0x3, 0xff, 0xe0, 0x52,
    0x0, 0xb1, 0x0, 0xff, 0xf8, 0x70, 0x1, 0x54,
    0x1, 0xff, 0xf0, 0x73, 0x1, 0xb0, 0xf, 0xfe,
    0xd9, 0xc0, 0x80, 0x7f, 0xf1, 0x8a, 0x0, 0x16,
    0x20, 0x1f, 0xfd, 0xa8, 0xc7, 0x40, 0xf, 0xfe,
    0x37, 0x0, 0x11, 0x40, 0x3f, 0xfb, 0x52, 0xe0,
    0x6, 0x0, 0xff, 0xe2, 0xb9, 0x80, 0x28, 0x3,
    0xff, 0xb4, 0xec, 0x8, 0x46, 0x1, 0xff, 0xc4,
    0x28, 0x0, 0x40, 0x80, 0x7f, 0xf6, 0x56, 0x2,
    0xc6, 0x80, 0x3f, 0xf8, 0xbc, 0x0, 0x27, 0x0,
    0xff, 0xec, 0x95, 0x4, 0x23, 0xb8, 0x3, 0xff,
    0x88, 0xe6, 0x0, 0xe0, 0xf, 0xfe, 0xd7, 0x82,
    0x38, 0x48, 0x7, 0xff, 0x10, 0xa0, 0x0, 0xc6,
    0x1, 0xff, 0xd9, 0xa2, 0x1a, 0x0, 0x20, 0x7,
    0xff, 0x13, 0x80, 0x3, 0x0, 0x1f, 0xfd, 0x96,
    0x50, 0xa1, 0x0, 0xff, 0xe3, 0x39, 0x80, 0x20,
    0x40, 0x3f, 0xfb, 0x5, 0x20, 0xe8, 0x1, 0xff,
    0xc6, 0x28, 0x0, 0x1b, 0x0, 0x7f, 0xf6, 0x7c,
    0xe, 0x0, 0x3f, 0xf8, 0xf2, 0x1, 0x78, 0x7,
    0xff, 0x66, 0x8, 0x38, 0x3, 0xff, 0x8e, 0xc8,
    0x0, 0x63, 0x0, 0xff, 0xec, 0x23, 0x84, 0x90,
    0x7, 0xff, 0x18, 0x64, 0x2, 0x80, 0xf, 0xfe,
    0xcd, 0x2, 0x30, 0x7, 0xff, 0x1e, 0x80, 0x28,
    0x10, 0xf, 0xfe, 0xc5, 0x8, 0x50, 0x7, 0xff,
    0x1d, 0x90, 0x0, 0x2e, 0x1, 0xff, 0xd8, 0x45,
    0x9, 0x10, 0xf, 0xfe, 0x30, 0xc9, 0x0, 0x2c,
    0x3, 0xff, 0xb0, 0x34, 0x8, 0xc0, 0x1f, 0xfc,
    0x7a, 0x32, 0x3, 0x50, 0xf, 0xfe, 0xc5, 0x88,
    0xa8, 0x3, 0xff, 0x8e, 0xca, 0xc0, 0x8, 0x0,
    0xff, 0xec, 0x22, 0x85, 0x88, 0x7, 0xff, 0x18,
    0x61, 0x94, 0xd, 0x0, 0x3f, 0xfb, 0x14, 0x8,
    0xa0, 0x1f, 0xfc, 0x7a, 0x51, 0x0, 0x78, 0x7,
    0xff, 0x62, 0x44, 0x28, 0x3, 0xff, 0x8e, 0xa9,
    0xec, 0x8, 0x60, 0x1f, 0xfd, 0x73, 0x60, 0x91,
    0x0, 0xff, 0xe3, 0xd, 0xce, 0x80, 0x20, 0x3,
    0xff, 0xb1, 0xe0, 0x6c, 0x1, 0xff, 0xc7, 0xa2,
    0x76, 0x5, 0x30, 0xf, 0xfe, 0xbb, 0x18, 0x70,
    0x7, 0xff, 0x1d, 0x53, 0xa4, 0x1, 0x0, 0x1f,
    0xfd, 0x71, 0x90, 0x72, 0x0, 0xff, 0xe3, 0xd,
    0xc1, 0x30, 0x29, 0x0, 0x7f, 0xf5, 0xec, 0xa,
    0x0, 0x3f, 0xf8, 0xf4, 0x4e, 0xc2, 0x12, 0x1,
    0xff, 0xd7, 0x45, 0x9, 0x0, 0xff, 0xe3, 0xaa,
    0x70, 0x58, 0x21, 0x80, 0x7f, 0xf5, 0xe4, 0x15,
    0x0, 0x3f, 0xf8, 0xc3, 0x70, 0x48, 0x41, 0xe0,
    0x1f, 0xfd, 0x78, 0x20, 0xb0, 0xf, 0xfe, 0x3d,
    0x13, 0x87, 0x81, 0x20, 0x7, 0xff, 0x58, 0x5c,
    0x20, 0x40, 0x3f, 0xf8, 0xcc, 0x9c, 0x2, 0x81,
    0x60, 0x1f, 0xfd, 0x7b, 0x2, 0x70, 0xf, 0xfe,
    0x30, 0xcc, 0x10, 0x38, 0xb, 0x0, 0x7f, 0xf5,
    0x8d, 0x42, 0x40, 0x3f, 0xf8, 0xf4, 0x6e, 0x0,
    0xa0, 0x70, 0xf, 0xfe, 0xbf, 0x82, 0xa0, 0x7,
    0xff, 0x19, 0x93, 0x80, 0x4, 0x61, 0x60, 0x1f,
    0xfd, 0x65, 0x30, 0xb0, 0xf, 0xfe, 0x31, 0x4c,
    0x10, 0x2, 0x80, 0xc8, 0x3, 0xff, 0xad, 0x1,
    0x2, 0x1, 0xff, 0xc6, 0xe3, 0x70, 0x9, 0x42,
    0x80, 0x3f, 0xfa, 0xce, 0x42, 0xe0, 0x1f, 0xfc,
    0x68, 0x3e, 0x0, 0x88, 0x80, 0xe0, 0x1f, 0xfd,
    0x51, 0x90, 0x80, 0xf, 0xfe, 0x31, 0xbc, 0x90,
    0x4, 0xa0, 0x62, 0x1, 0xff, 0xd5, 0x91, 0x36,
    0x0, 0xff, 0xe3, 0x72, 0x30, 0x6, 0xc0, 0xb0,
    0xf, 0xfe, 0xa8, 0xb8, 0x40, 0x7, 0xff, 0x1a,
    0x4e, 0x80, 0x39, 0x41, 0x0, 0x3f, 0xfa, 0xb0,
    0x8, 0x80, 0xf, 0xfe, 0x2a, 0xb5, 0x8, 0x6,
    0x21, 0x3, 0x0, 0xff, 0xea, 0xb, 0x4, 0x0,
    0x7f, 0xf1, 0x46, 0xd9, 0x0, 0x39, 0xc0, 0xc0,
    0x3f, 0xfa, 0xb0, 0xa, 0x60, 0x1f, 0xfc, 0x5d,
    0x39, 0x0, 0xf6, 0x82, 0x80, 0x7f, 0xf5, 0x5,
    0x82, 0x0, 0x3f, 0xf8, 0xae, 0x7c, 0x1, 0xf1,
    0x7, 0x0, 0x7f, 0xf5, 0x24, 0x14, 0x80, 0x3f,
    0xf8, 0x89, 0x12, 0x60, 0x1f, 0x30, 0x10, 0x7,
    0xff, 0x51, 0x82, 0x40, 0x3f, 0xf8, 0x83, 0x4a,
    0xc0, 0x1f, 0xfd, 0xe6, 0x14, 0x30, 0xf, 0xfe,
    0x25, 0x1d, 0x80, 0x7f, 0x38, 0x6, 0x10, 0xf,
    0xfe, 0x85, 0x84, 0x0, 0x7f, 0xf1, 0x1d, 0x38,
    0x40, 0x3f, 0x88, 0x34, 0x1, 0x80, 0x1f, 0xfc,
    0xf3, 0x23, 0x30, 0x7, 0xff, 0xd, 0x22, 0x6,
    0x1, 0xfe, 0xc0, 0x30, 0x94, 0x0, 0xff, 0xe7,
    0xc8, 0x48, 0x7, 0xff, 0xc, 0x69, 0x1c, 0x3,
    0xfe, 0x51, 0x4b, 0x68, 0x0, 0xff, 0xe7, 0xa,
    0x8a, 0x80, 0x7f, 0xf0, 0xf4, 0xe8, 0x3, 0xff,
    0x83, 0x84, 0xb8, 0x20, 0x1f, 0xfc, 0xe7, 0x6,
    0x0, 0xff, 0xe1, 0xc9, 0xf8, 0x80, 0x7f, 0xf0,
    0x4b, 0x78, 0xc0, 0x3f, 0xf9, 0xfa, 0x14, 0x1,
    0xff, 0xc2, 0x66, 0x51, 0x0, 0x7f, 0xf8, 0x5,
    0x10, 0x40, 0x1f, 0xfc, 0x14, 0x97, 0x50, 0xf,
    0xff, 0xb, 0x86, 0x80, 0x7f, 0xf0, 0x4a, 0x92,
    0x0, 0x3f, 0xfc, 0x58, 0xe, 0x1, 0xff, 0xc0,
    0x1f, 0x2b, 0x0, 0xff, 0xf1, 0xa1, 0x8, 0x7,
    0xff, 0x3, 0x4f, 0x40, 0x3f, 0xfc, 0x62, 0x24,
    0x0, 0xff, 0xe0, 0x59, 0x60, 0x80, 0x7f, 0xf8,
    0xd4, 0x3c, 0x3, 0xfe, 0xb4, 0xd2, 0x0, 0xff,
    0xf2, 0x8, 0x10, 0x7, 0xfa, 0xd2, 0xcc, 0x3,
    0xff, 0xca, 0x60, 0x1f, 0xe1, 0xc4, 0xb4, 0x0,
    0xff, 0xf3, 0x18, 0x7, 0xf1, 0x61, 0x62, 0x0,
    0x7f, 0xf9, 0xd8, 0xc, 0x3, 0xcb, 0x81, 0x86,
    0x1, 0xff, 0xe8, 0x31, 0x92, 0x0, 0x8a, 0xa8,
    0x98, 0x40, 0x1f, 0xfe, 0xab, 0x1d, 0xb9, 0xcd,
    0x4a, 0xa0, 0x80, 0x7f, 0xfa, 0xd6, 0xd1, 0xc,
    0x11, 0xea, 0x1, 0xff, 0xec,

    /* U+0056 "V" */
    0x0, 0xff, 0xf6, 0x90, 0x7, 0xff, 0xb4, 0xf0,
    0x40, 0x3f, 0xfd, 0x65, 0xba, 0x10, 0xf, 0xfe,
    0x55, 0x60, 0x7, 0xff, 0x48, 0x7e, 0xcc, 0x3,
    0xff, 0x94, 0xaa, 0x30, 0xf, 0xfe, 0x95, 0x2a,
    0x80, 0x3f, 0xf9, 0x7e, 0x6, 0x1, 0xff, 0xd1,
    0x80, 0x80, 0xf, 0xfe, 0x62, 0x5, 0x80, 0x7f,
    0xf4, 0x11, 0xa8, 0x3, 0xff, 0x98, 0x82, 0xa,
    0x1, 0xff, 0xcf, 0x1a, 0xa0, 0x80, 0x7f, 0xf3,
    0x34, 0xc, 0x80, 0x3f, 0xf9, 0xfa, 0xc8, 0x1,
    0xff, 0xcd, 0x70, 0xb0, 0xf, 0xfe, 0x7c, 0xc,
    0x0, 0x7f, 0xf3, 0x4c, 0x41, 0x80, 0x3f, 0xf9,
    0xc6, 0xfe, 0x1, 0xff, 0xce, 0xb0, 0x41, 0x0,
    0xff, 0xe6, 0x8e, 0xc1, 0x0, 0x7f, 0xf3, 0x98,
    0x38, 0x3, 0xff, 0x9d, 0x64, 0xe0, 0x1f, 0xfc,
    0xe3, 0x10, 0x50, 0xf, 0xfe, 0x6b, 0x2f, 0x0,
    0x7f, 0xf3, 0xec, 0x14, 0x3, 0xff, 0x9a, 0x53,
    0x22, 0x0, 0xff, 0xe7, 0xb0, 0x70, 0x7, 0xff,
    0x37, 0x91, 0x80, 0x3f, 0xf9, 0xe6, 0x22, 0x40,
    0xf, 0xfe, 0x64, 0x1d, 0x0, 0x7f, 0xf4, 0x28,
    0x18, 0x3, 0xff, 0x98, 0x6f, 0x22, 0x1, 0xff,
    0xd0, 0x70, 0xa0, 0xf, 0xfe, 0x67, 0x23, 0x0,
    0x7f, 0xf4, 0x10, 0x4c, 0x80, 0x3f, 0xf9, 0x72,
    0x52, 0x1, 0xff, 0xd1, 0xe0, 0xa0, 0xf, 0xfe,
    0x5a, 0x34, 0x90, 0x7, 0xff, 0x45, 0x41, 0xc0,
    0x3f, 0xf9, 0x74, 0x6c, 0x1, 0xff, 0xd1, 0x50,
    0x41, 0x0, 0xff, 0xe5, 0x50, 0xf0, 0x7, 0xff,
    0x4b, 0x83, 0x80, 0x3f, 0xf9, 0x48, 0xb0, 0x40,
    0x1f, 0xfd, 0x11, 0x41, 0x50, 0xf, 0xfe, 0x48,
    0xd1, 0xb8, 0x7, 0xff, 0x49, 0xc1, 0xc0, 0x3f,
    0xf9, 0x56, 0x3e, 0x1, 0xff, 0xd3, 0xa0, 0xa0,
    0xf, 0xfe, 0x4a, 0xa9, 0xcc, 0x3, 0xff, 0xa4,
    0x26, 0x26, 0x1, 0xff, 0xc8, 0x1b, 0x28, 0x0,
    0xff, 0xe9, 0xb0, 0x30, 0x7, 0xff, 0x26, 0xc7,
    0x80, 0x3f, 0xfa, 0x94, 0x14, 0x1, 0xff, 0xc8,
    0x55, 0x31, 0x80, 0x7f, 0xf4, 0xcc, 0x8c, 0x80,
    0x3f, 0xf8, 0xe3, 0x63, 0x20, 0x1f, 0xfd, 0x4b,
    0xb, 0x0, 0xff, 0xe4, 0x58, 0xd0, 0x7, 0xff,
    0x55, 0x81, 0x80, 0x3f, 0xf8, 0xea, 0xa6, 0x40,
    0xf, 0xfe, 0xa2, 0x9, 0x88, 0x7, 0xff, 0x18,
    0x6c, 0x60, 0x3, 0xff, 0xab, 0xc1, 0x40, 0x1f,
    0xfc, 0x7a, 0x1b, 0x10, 0xf, 0xfe, 0xaa, 0x83,
    0x80, 0x7f, 0xf1, 0x95, 0x15, 0x40, 0x1f, 0xfd,
    0x55, 0x4, 0x10, 0xf, 0xfe, 0x28, 0xd8, 0xd8,
    0x7, 0xff, 0x5b, 0x83, 0x80, 0x3f, 0xf8, 0xd4,
    0x36, 0x20, 0x1f, 0xfd, 0x51, 0x40, 0x50, 0xf,
    0xfe, 0x2a, 0xa2, 0x14, 0x3, 0xff, 0xac, 0xe0,
    0xa0, 0x1f, 0xfc, 0x51, 0xb0, 0xa0, 0xf, 0xfe,
    0xbd, 0x7, 0x80, 0x7f, 0xf1, 0x68, 0x64, 0x40,
    0x3f, 0xfa, 0xc4, 0x60, 0xa0, 0x1f, 0xfc, 0x45,
    0x43, 0x60, 0xf, 0xfe, 0xba, 0x82, 0x80, 0x7f,
    0xf1, 0x6, 0xc3, 0x80, 0x3f, 0xfb, 0x14, 0x1c,
    0x1, 0xff, 0xc4, 0xb1, 0x82, 0x0, 0xff, 0xeb,
    0x91, 0x5, 0x0, 0x3f, 0xf8, 0x6a, 0xa3, 0x70,
    0xf, 0xfe, 0xc5, 0x3, 0x80, 0x7f, 0xf0, 0xc6,
    0xc3, 0x80, 0x3f, 0xfb, 0x2a, 0x1a, 0x1, 0xff,
    0xc3, 0xb1, 0x82, 0x0, 0xff, 0xec, 0x19, 0xa,
    0x0, 0x7f, 0xf0, 0x95, 0x44, 0xe0, 0x1f, 0xfd,
    0x9b, 0x4, 0x0, 0xff, 0xe1, 0xd, 0x87, 0x0,
    0x7f, 0xf6, 0x94, 0x38, 0x3, 0xff, 0x85, 0x62,
    0xe6, 0x1, 0xff, 0xd9, 0x32, 0x4, 0x0, 0xff,
    0xe0, 0xaa, 0x8a, 0x0, 0x3f, 0xfb, 0x56, 0xa,
    0x1, 0xff, 0xc1, 0x1b, 0xe, 0x0, 0xff, 0xed,
    0xa8, 0x78, 0x7, 0xff, 0x6, 0xc5, 0xcc, 0x3,
    0xff, 0xb4, 0x44, 0x4, 0x0, 0xff, 0xe0, 0x2a,
    0x8a, 0x0, 0x3f, 0xfb, 0x6a, 0x8, 0x20, 0x1f,
    0xf0, 0xd8, 0x70, 0x7, 0xff, 0x72, 0xc3, 0x0,
    0x3f, 0xf8, 0x16, 0x30, 0x60, 0x1f, 0xfd, 0xb1,
    0x30, 0x50, 0xf, 0xf9, 0x54, 0x6e, 0x1, 0xff,
    0xdc, 0x40, 0x22, 0x0, 0x7f, 0x86, 0xc3, 0x80,
    0x3f, 0xfb, 0xbe, 0x8, 0x1, 0xff, 0x50, 0xc1,
    0x0, 0x7f, 0xf7, 0x50, 0x34, 0x3, 0xfc, 0xc8,
    0x87, 0x0, 0xff, 0xee, 0x90, 0x82, 0x0, 0x7f,
    0xc, 0x8d, 0x0, 0x7f, 0xf7, 0x90, 0xc, 0x3,
    0xfd, 0x41, 0x62, 0x1, 0xff, 0xde, 0xc0, 0x40,
    0xf, 0xe7, 0x45, 0x50, 0x7, 0xff, 0x7d, 0x3,
    0x0, 0x3f, 0x14, 0x15, 0x0, 0x7f, 0xf7, 0xc8,
    0x41, 0x0, 0x3f, 0x78, 0x70, 0x7, 0xff, 0x81,
    0xc0, 0x80, 0x3f, 0x41, 0x41, 0x80, 0x7f, 0xf8,
    0x34, 0x1c, 0x3, 0xe4, 0x74, 0x70, 0xf, 0xff,
    0x9, 0x86, 0x80, 0x78, 0x68, 0x68, 0x3, 0xff,
    0xc4, 0xc0, 0x60, 0x1e, 0xa1, 0xd1, 0x0, 0xff,
    0xf1, 0x10, 0x30, 0x7, 0x3a, 0x49, 0x80, 0x7f,
    0xf9, 0x48, 0x3, 0x24, 0x33, 0x0, 0x3f, 0xfc,
    0x62, 0x1, 0xe1, 0xa4, 0x90, 0xf, 0xff, 0x20,
    0x80, 0x7b, 0xe, 0x80, 0x3f, 0xfd, 0x2, 0x0,
    0xb3, 0xc1, 0x0, 0xff, 0xf3, 0x18, 0x41, 0xe2,
    0xe0, 0x80, 0x7f, 0xf9, 0xe8, 0x1b, 0x7, 0x8,
    0x3, 0xff, 0xd0, 0xcc, 0x6, 0xd2, 0x0, 0xff,
    0xf4, 0x0,

    /* U+0057 "W" */
    0x0, 0xff, 0xfd, 0xb0, 0x7, 0xff, 0xec, 0x60,
    0x3, 0xff, 0xf6, 0xee, 0x0, 0xff, 0xfd, 0xdd,
    0x80, 0x3f, 0xff, 0x48, 0x24, 0x1, 0xff, 0xfa,
    0x89, 0x0, 0xff, 0xfd, 0x19, 0x28, 0x7, 0xff,
    0x4a, 0xf8, 0x80, 0x3f, 0xfb, 0x31, 0x20, 0x1f,
    0xfd, 0x29, 0x41, 0x70, 0xf, 0xfe, 0xc1, 0x23,
    0x80, 0x7f, 0xf4, 0x4d, 0x82, 0x50, 0x3, 0xff,
    0xb1, 0xe, 0x1, 0xff, 0xd2, 0xf0, 0x86, 0x10,
    0xf, 0xfe, 0xb9, 0x2c, 0x80, 0x7f, 0xf4, 0x54,
    0xc5, 0xc0, 0x3f, 0xfb, 0x30, 0xc2, 0x1, 0xff,
    0xd1, 0xb0, 0xb0, 0xf, 0xfe, 0xc9, 0x2d, 0x80,
    0x7f, 0xf4, 0x60, 0x4d, 0x40, 0x3f, 0xfb, 0x30,
    0xa4, 0x1, 0xff, 0xd0, 0x17, 0x8, 0x0, 0xff,
    0xec, 0x92, 0xc0, 0x7, 0xff, 0x46, 0xc1, 0x10,
    0x1, 0xff, 0xd9, 0x85, 0x20, 0xf, 0xfe, 0x81,
    0x28, 0x40, 0x7, 0xff, 0x64, 0x96, 0x0, 0x3f,
    0xfa, 0x32, 0xa, 0x60, 0x1f, 0xfd, 0x98, 0x52,
    0x0, 0xff, 0xe8, 0x22, 0x2, 0x0, 0x3f, 0xfb,
    0x26, 0xb0, 0x1, 0xff, 0xd1, 0x80, 0x62, 0x0,
    0xff, 0xec, 0xc2, 0x90, 0x7, 0xff, 0x41, 0x4c,
    0x20, 0x3, 0xff, 0xb2, 0x69, 0x0, 0x1f, 0xfd,
    0x18, 0x7, 0x10, 0xf, 0xfe, 0xcf, 0xb1, 0x0,
    0x7f, 0xf4, 0x14, 0x82, 0x40, 0x3f, 0xfb, 0x28,
    0x76, 0x1, 0xff, 0xd1, 0x80, 0x71, 0x0, 0xff,
    0xec, 0xcb, 0x10, 0x7, 0xff, 0x41, 0x88, 0x60,
    0x3, 0xff, 0xb2, 0xa5, 0x0, 0x1f, 0xfd, 0x1b,
    0x9, 0x0, 0xff, 0xed, 0x5b, 0x88, 0x7, 0xff,
    0x41, 0x88, 0x5c, 0x3, 0xff, 0xb2, 0xe1, 0x0,
    0x1f, 0xfd, 0x1b, 0x9, 0x0, 0xff, 0xec, 0x8c,
    0xc8, 0x3, 0xff, 0xa2, 0xc4, 0x2e, 0x1, 0xff,
    0xd9, 0x93, 0x70, 0xf, 0xfe, 0x8d, 0x84, 0x80,
    0x7f, 0xf6, 0x49, 0xe0, 0x3, 0xff, 0xa2, 0xa4,
    0x2e, 0x1, 0xfc, 0x40, 0x1f, 0xfc, 0xf8, 0x35,
    0x0, 0xff, 0xe8, 0xc0, 0x48, 0x7, 0xe2, 0xdd,
    0x28, 0x7, 0xff, 0x34, 0xd7, 0xc0, 0x3f, 0xfa,
    0x2a, 0x40, 0xc0, 0x1f, 0x16, 0x10, 0x68, 0x7,
    0xff, 0x37, 0xd0, 0xc0, 0x3f, 0xfa, 0x32, 0xe,
    0x20, 0x1f, 0x79, 0x8, 0x78, 0x7, 0xff, 0x31,
    0x8e, 0x40, 0x3f, 0xfa, 0x28, 0x61, 0x20, 0x1f,
    0x50, 0x68, 0x81, 0x80, 0x7f, 0xf3, 0x21, 0xc8,
    0x3, 0xff, 0xa3, 0x0, 0xc2, 0x1, 0xe6, 0x5f,
    0x50, 0x2, 0x80, 0x7f, 0xf2, 0xe0, 0x20, 0x3,
    0xff, 0xa2, 0x86, 0x10, 0x1, 0xe1, 0x98, 0x2c,
    0x2, 0x10, 0xf, 0xfe, 0x50, 0xbc, 0x0, 0x7f,
    0xf4, 0xbc, 0x18, 0x40, 0x3d, 0x46, 0xe0, 0x80,
    0x80, 0x1f, 0xfc, 0xbb, 0x36, 0x0, 0xff, 0xe8,
    0x92, 0x5, 0x80, 0x79, 0x93, 0x80, 0x4c, 0x30,
    0x3, 0xff, 0x94, 0x6b, 0xe0, 0x1f, 0xfd, 0x28,
    0x5, 0x20, 0xe, 0x18, 0x81, 0x2, 0x0, 0x10,
    0x3, 0xff, 0x95, 0xea, 0x60, 0x1f, 0xfd, 0x11,
    0x50, 0x80, 0xf, 0x59, 0xb8, 0x3, 0x0, 0xc4,
    0x3, 0xff, 0x92, 0xc7, 0x60, 0x1f, 0xfd, 0x29,
    0x4, 0x20, 0xe, 0x45, 0xe0, 0x9, 0x1, 0x0,
    0x3f, 0xf9, 0x51, 0x1, 0x0, 0xff, 0xe8, 0x8b,
    0x84, 0x0, 0x7a, 0x58, 0xc0, 0x4, 0x40, 0xc0,
    0xf, 0xfe, 0x4c, 0x9b, 0x80, 0x7f, 0xf4, 0x98,
    0xc, 0xc0, 0x1c, 0xe7, 0x0, 0x12, 0x0, 0x10,
    0x3, 0xff, 0x90, 0x4d, 0x20, 0x1f, 0xfd, 0x39,
    0x9, 0x0, 0xe2, 0x88, 0x8, 0x5, 0x80, 0x60,
    0x1f, 0xfc, 0x9e, 0x54, 0x0, 0xff, 0xe9, 0x30,
    0x92, 0x80, 0x74, 0x9b, 0x0, 0x64, 0x4, 0x0,
    0xff, 0xe4, 0x31, 0xd8, 0x7, 0xff, 0x4e, 0xc2,
    0xc0, 0x39, 0x53, 0xc0, 0x31, 0x8, 0x60, 0x7,
    0xff, 0x1c, 0x62, 0x44, 0x3, 0xff, 0xa4, 0x84,
    0xc, 0x1, 0xd6, 0xc6, 0x1, 0x90, 0x0, 0x80,
    0x1f, 0xfc, 0x78, 0x26, 0x0, 0xff, 0xe9, 0xf8,
    0x30, 0x7, 0x40, 0x40, 0x7, 0x78, 0x18, 0x7,
    0xff, 0x1c, 0xdb, 0xc0, 0x3f, 0xfa, 0x62, 0x81,
    0x60, 0x18, 0x9e, 0x4, 0x3, 0x90, 0x14, 0x3,
    0xff, 0x8f, 0xce, 0x60, 0x1f, 0xfd, 0x39, 0x4,
    0x20, 0xd, 0x26, 0xc0, 0x1c, 0x24, 0x18, 0x1,
    0xff, 0xc6, 0x80, 0x80, 0xf, 0xfe, 0xa3, 0x7,
    0x80, 0x65, 0x4f, 0x0, 0xf2, 0x80, 0x10, 0x3,
    0xff, 0x8a, 0x6f, 0xc0, 0x1f, 0xfd, 0x45, 0x12,
    0x40, 0xd, 0x6c, 0x60, 0x1e, 0xc0, 0x21, 0x0,
    0xff, 0xe2, 0xfb, 0x18, 0x7, 0xff, 0x52, 0x42,
    0x80, 0x34, 0x4, 0x0, 0x7c, 0x60, 0xe0, 0x1f,
    0xfc, 0x57, 0x19, 0x0, 0xff, 0xea, 0x11, 0x83,
    0x0, 0x44, 0xf6, 0x20, 0x1f, 0x28, 0x60, 0x7,
    0xff, 0x10, 0xe3, 0x80, 0x3f, 0xfa, 0xb6, 0xa,
    0x20, 0x14, 0x9a, 0x80, 0x7c, 0x22, 0x5, 0x0,
    0xff, 0xe2, 0x73, 0x98, 0x7, 0xff, 0x55, 0xc2,
    0x40, 0x25, 0x4e, 0x0, 0xfc, 0xa0, 0x3, 0x0,
    0xff, 0xe1, 0xc0, 0x40, 0x7, 0xff, 0x55, 0x44,
    0x8c, 0x2, 0xb7, 0x20, 0xf, 0xc6, 0x4, 0x1,
    0xff, 0xc3, 0x47, 0xf0, 0xf, 0xfe, 0xb7, 0x5,
    0x0, 0x50, 0x10, 0x1, 0xfd, 0xc0, 0xe0, 0x1f,
    0xfc, 0x21, 0xa8, 0x20, 0xf, 0xfe, 0xa8, 0xa0,
    0x28, 0x0, 0x9e, 0xc0, 0x3f, 0xca, 0x1a, 0x1,
    0xff, 0xc2, 0xa5, 0x70, 0xf, 0xfe, 0xb3, 0x82,
    0x10, 0x2, 0x51, 0x40, 0x3f, 0xc4, 0x6, 0x1,
    0xff, 0xc1, 0x75, 0xa0, 0xf, 0xfe, 0xbe, 0x86,
    0x80, 0x15, 0x24, 0x3, 0xfe, 0x10, 0x60, 0xf,
    0xfe, 0x1, 0xc5, 0x8, 0x7, 0xff, 0x58, 0x50,
    0x18, 0x1, 0x70, 0x40, 0x1f, 0xfc, 0x12, 0x0,
    0xff, 0x87, 0x61, 0x0, 0x3f, 0xfa, 0xe8, 0x8,
    0x0, 0x93, 0x70, 0xf, 0xf8, 0x80, 0x40, 0x3f,
    0xf8, 0x1a, 0x8e, 0x1, 0xff, 0xd8, 0xf0, 0xe0,
    0x36, 0xe0, 0xf, 0xfe, 0x11, 0x80, 0x7f, 0xd4,
    0x34, 0x1, 0xff, 0xd9, 0x40, 0x40, 0xe7, 0x30,
    0xf, 0xfe, 0x10, 0x80, 0x7f, 0xa5, 0x30, 0x3,
    0xff, 0xb2, 0x42, 0x63, 0x1, 0x0, 0x1f, 0xfc,
    0xd8, 0x6d, 0x10, 0xf, 0xfe, 0xcb, 0x85, 0x9b,
    0xf0, 0x7, 0xff, 0x8, 0xc0, 0x3f, 0xd0, 0xf6,
    0x60, 0x1f, 0xfd, 0xa2, 0x3, 0xe8, 0x30, 0xf,
    0xfe, 0x10, 0x88, 0x80, 0x3e, 0x97, 0xb4, 0x0,
    0xff, 0xed, 0xf0, 0x40, 0xb8, 0x7, 0xff, 0x11,
    0x44, 0x40, 0x18, 0x71, 0xad, 0x0, 0x3f, 0xfb,
    0x82, 0x5, 0xa0, 0x1f, 0xfc, 0x5e, 0x8, 0x0,
    0xb, 0xf8, 0xea, 0x0, 0x7f, 0xf7, 0x69, 0x30,
    0x40, 0x3f, 0xf8, 0xaa, 0x4d, 0xdb, 0xd0, 0x9a,
    0x40, 0x1f, 0xfd, 0xe2, 0xb2, 0x0, 0xff, 0xe3,
    0xe2, 0x9, 0xae, 0x50, 0x7, 0xff, 0x80,

    /* U+0058 "X" */
    0x0, 0xff, 0xeb, 0x9b, 0x80, 0x7f, 0xff, 0xc3,
    0x61, 0x40, 0x3f, 0xfb, 0x7, 0x7e, 0xc0, 0x1f,
    0xfd, 0x93, 0x0, 0xff, 0xeb, 0xce, 0xe6, 0x18,
    0x3, 0xff, 0xf6, 0x3a, 0x7c, 0xe6, 0x1, 0xff,
    0xd8, 0x30, 0xf, 0xfe, 0xb1, 0xfd, 0xd0, 0x7,
    0xff, 0x6c, 0x40, 0x40, 0x3f, 0xfa, 0x67, 0xb4,
    0xc0, 0x1f, 0xff, 0xd4, 0xdd, 0x20, 0x7, 0xff,
    0x75, 0xc3, 0xc0, 0x3f, 0xfa, 0x27, 0x5a, 0x60,
    0x1f, 0xfd, 0xe1, 0x0, 0xff, 0xe9, 0x1e, 0xe8,
    0xc0, 0x3f, 0xfc, 0x22, 0x1, 0xff, 0xcf, 0x2d,
    0xa3, 0x0, 0xff, 0xf0, 0x18, 0x7, 0xff, 0x40,
    0x7e, 0xd0, 0x3, 0xff, 0xc2, 0x20, 0x60, 0x1f,
    0xfc, 0xed, 0xb5, 0x0, 0xff, 0xf1, 0x78, 0x8,
    0x7, 0xff, 0x36, 0xd1, 0x80, 0x3f, 0xfc, 0x62,
    0xe, 0x1, 0xff, 0xcc, 0xa1, 0x80, 0xf, 0xff,
    0x21, 0x0, 0x80, 0x7f, 0xf2, 0xdc, 0x68, 0x3,
    0xff, 0xca, 0xe0, 0x60, 0x1f, 0xfc, 0xa5, 0xaa,
    0x0, 0x7f, 0xf9, 0x84, 0x4, 0x3, 0xff, 0x92,
    0x77, 0xe2, 0x1, 0xff, 0xe6, 0x30, 0x0, 0x80,
    0x7f, 0xf1, 0xcb, 0x74, 0x40, 0x1f, 0xfe, 0x71,
    0x0, 0x18, 0x7, 0xff, 0x1f, 0xec, 0xc0, 0x3f,
    0xfd, 0x22, 0x2, 0x1, 0xff, 0xc6, 0xb5, 0x50,
    0x7, 0xff, 0xa8, 0xc1, 0x80, 0x3f, 0xf8, 0xb2,
    0x30, 0x1, 0xff, 0xeb, 0x60, 0x30, 0xf, 0xfe,
    0x23, 0x2d, 0x0, 0x7f, 0xfb, 0x8, 0x38, 0x3,
    0xff, 0x86, 0x91, 0xa0, 0x1f, 0xfe, 0xd1, 0x1,
    0x0, 0xff, 0xe1, 0x15, 0x68, 0x80, 0x7f, 0xfb,
    0x78, 0x8, 0x3, 0xff, 0x82, 0x3f, 0x66, 0x1,
    0xff, 0xee, 0x20, 0x60, 0xf, 0xfe, 0xe, 0xd2,
    0x80, 0x7f, 0xfb, 0xd8, 0x8, 0x3, 0xff, 0x81,
    0x4c, 0xe0, 0x1f, 0xff, 0x2, 0x0, 0xff, 0xe0,
    0xbb, 0x50, 0x7, 0xff, 0xc8, 0x80, 0xc0, 0x3f,
    0x96, 0xb4, 0x3, 0xff, 0xe6, 0xc0, 0xc0, 0x1f,
    0x8e, 0xfc, 0x40, 0x3f, 0xfe, 0x64, 0x4, 0x1,
    0xf0, 0xed, 0x10, 0x7, 0xff, 0xd3, 0x83, 0x40,
    0x3e, 0xc8, 0x40, 0xf, 0xff, 0xa9, 0x83, 0x0,
    0x7a, 0xd1, 0x80, 0x3f, 0xfe, 0xca, 0x4, 0x1,
    0xd2, 0x12, 0x1, 0xff, 0xf7, 0x11, 0xc0, 0x13,
    0xad, 0x80, 0x7f, 0xfe, 0x54, 0x14, 0x0, 0xb3,
    0xa0, 0x1f, 0xff, 0xa3, 0x3, 0x3, 0xbc, 0x10,
    0xf, 0xff, 0xd6, 0x86, 0x96, 0xd1, 0x0, 0x7f,
    0xfe, 0xdc, 0x1f, 0xe1, 0x0, 0x3f, 0xff, 0x84,
    0x4, 0xac, 0x1, 0xff, 0xfe, 0x20, 0xb0, 0xf,
    0xff, 0xf5, 0x10, 0x20, 0x7, 0xff, 0xf6, 0x5a,
    0x83, 0x0, 0x3f, 0xff, 0x90, 0x9a, 0xa0, 0xa0,
    0x1f, 0xff, 0xb6, 0x5c, 0x10, 0x31, 0x20, 0xf,
    0xff, 0xca, 0xc7, 0x88, 0x1, 0x1, 0x40, 0x3f,
    0xff, 0xb, 0x78, 0x40, 0x15, 0x86, 0x0, 0x7f,
    0xfd, 0xd2, 0xf4, 0x80, 0x31, 0x8a, 0x0, 0x7f,
    0xfd, 0x92, 0xa8, 0x60, 0x1e, 0x40, 0x40, 0xf,
    0xff, 0xa1, 0xd5, 0x10, 0x3, 0xef, 0xd, 0x0,
    0xff, 0xf9, 0x9e, 0xd2, 0x0, 0x7e, 0x50, 0x70,
    0xf, 0xff, 0x92, 0x6d, 0x20, 0x7, 0xf9, 0x44,
    0xc0, 0x3f, 0xfe, 0x9, 0x54, 0x40, 0xf, 0xfb,
    0xc2, 0x80, 0x3f, 0xfd, 0xeb, 0x5a, 0x80, 0x1f,
    0xfc, 0x5, 0x16, 0x0, 0xff, 0xf7, 0x35, 0xe9,
    0x80, 0x7f, 0xf0, 0x98, 0x14, 0x3, 0xff, 0xd9,
    0x17, 0x86, 0x1, 0xff, 0xc3, 0xa0, 0xe0, 0xf,
    0xff, 0x5d, 0x26, 0x10, 0x7, 0xff, 0x10, 0x91,
    0x6, 0x1, 0xff, 0xe8, 0x1c, 0xc, 0x10, 0xf,
    0xfe, 0x37, 0x84, 0x80, 0x7f, 0xf9, 0xcf, 0xd2,
    0x80, 0x3f, 0xf9, 0x8, 0x6a, 0x40, 0x1f, 0xfe,
    0x56, 0xdb, 0x80, 0xf, 0xfe, 0x57, 0x84, 0x0,
    0x7f, 0xf8, 0xc6, 0xaf, 0x14, 0x3, 0xff, 0x96,
    0x68, 0xa6, 0x1, 0xff, 0xe1, 0x3f, 0x3d, 0x20,
    0xf, 0xfe, 0x6c, 0x87, 0x80, 0x7f, 0xf7, 0xc6,
    0x76, 0xa4, 0x3, 0xff, 0x9e, 0x4e, 0x6a, 0x1,
    0xff, 0xdd, 0x6f, 0xf, 0x40, 0xf, 0xfe, 0x8c,
    0x15, 0x10, 0x7, 0xff, 0x69, 0x76, 0xb6, 0x44,
    0x3, 0xff, 0xa7, 0xe1, 0xc0, 0x1f, 0xfd, 0x71,
    0x6d, 0x99, 0x61, 0x80, 0x7f, 0xf5, 0x4a, 0x8e,
    0x40, 0x3f, 0xf9, 0xc8, 0x20, 0x1, 0x37, 0xbf,
    0xc9, 0xc4, 0x0, 0xff, 0xec, 0x2b, 0xb4, 0x0,
    0x7f, 0xf3, 0x47, 0xbf, 0xf7, 0x75, 0x48, 0x1,
    0xff, 0xdb, 0x87, 0x78, 0x3, 0xff, 0x98, 0xbf,
    0xf7, 0x64, 0xa8, 0x7, 0xff, 0x7e, 0x22, 0xa0,
    0xf, 0xff, 0xfb, 0xda, 0x69, 0x80, 0x7f, 0xff,
    0x93, 0xd3, 0x28, 0x80, 0x3f, 0xff, 0xa3, 0x3a,
    0x7b, 0x8e, 0x62, 0x1, 0x9, 0xb5, 0x69, 0x0,
    0x7f, 0xfc, 0x8a, 0x7e, 0x7a, 0x33, 0xba, 0xd9,
    0x19, 0xd2, 0x0, 0xf0,

    /* U+0059 "Y" */
    0x0, 0xff, 0xff, 0x80, 0x7f, 0xf3, 0x97, 0x0,
    0x3f, 0xfc, 0xc5, 0x46, 0x20, 0x1f, 0xfe, 0x59,
    0x80, 0x30, 0xf, 0xff, 0x22, 0x90, 0x81, 0x80,
    0x7f, 0xf1, 0x51, 0x0, 0x1f, 0xfd, 0x18, 0x87,
    0x80, 0x80, 0x7f, 0xf1, 0x16, 0xec, 0x1, 0xff,
    0xd0, 0x67, 0x15, 0x20, 0xf, 0xfe, 0x21, 0x50,
    0x18, 0x7, 0xff, 0x42, 0x20, 0x6, 0xe0, 0x1f,
    0xfc, 0x4e, 0x0, 0x70, 0x7, 0xff, 0x3d, 0xd4,
    0x90, 0x34, 0x3, 0xff, 0x86, 0xc6, 0x12, 0x40,
    0x1f, 0xfc, 0xf9, 0xf0, 0xc0, 0x30, 0xf, 0xfe,
    0x10, 0xc8, 0x1b, 0x0, 0x7f, 0xf3, 0xdc, 0x90,
    0x10, 0x14, 0x3, 0xff, 0x85, 0x60, 0xe, 0x0,
    0xff, 0xe8, 0x4c, 0x80, 0x4c, 0x84, 0x3, 0xff,
    0x82, 0x6a, 0xe, 0x40, 0x1f, 0xfc, 0xf7, 0x5,
    0x4, 0x4, 0x0, 0xff, 0xe1, 0x78, 0xc, 0x0,
    0x7f, 0xf4, 0x26, 0x40, 0xf, 0xc, 0x0, 0xff,
    0xe0, 0xa9, 0x84, 0x0, 0x7f, 0xf4, 0x1c, 0x1c,
    0x0, 0x80, 0x80, 0x1f, 0xfc, 0x18, 0x2, 0x60,
    0xf, 0xfe, 0x84, 0xb0, 0x0, 0xc4, 0x84, 0x3,
    0xff, 0x80, 0xc4, 0x10, 0x1, 0xff, 0xd0, 0x61,
    0x90, 0x5, 0x82, 0x0, 0x7f, 0xf0, 0x6c, 0x9,
    0x40, 0x3f, 0xfa, 0x10, 0xc2, 0x0, 0x50, 0xd0,
    0xf, 0xfe, 0x2, 0x90, 0x40, 0x7, 0xff, 0x41,
    0x86, 0x0, 0x4, 0x40, 0x40, 0xf, 0xfe, 0x4,
    0x81, 0x28, 0x7, 0xff, 0x42, 0x14, 0x40, 0xa,
    0x8, 0x1, 0xff, 0xc0, 0x43, 0xb, 0x0, 0xff,
    0xe8, 0x30, 0xc0, 0x5, 0x41, 0xa0, 0x1f, 0xfc,
    0xe, 0x1, 0x60, 0xf, 0xfe, 0x84, 0x29, 0x0,
    0x8, 0x80, 0xe0, 0x1f, 0xf0, 0xa8, 0x30, 0x7,
    0xff, 0x41, 0x86, 0x0, 0x25, 0x3, 0x10, 0xf,
    0xfa, 0x40, 0x12, 0x1, 0xff, 0xd0, 0x85, 0x20,
    0xa, 0xc2, 0xc0, 0x3f, 0xf8, 0xc, 0x8, 0x20,
    0x1f, 0xfc, 0xf7, 0x18, 0x0, 0x88, 0xc1, 0x40,
    0x3f, 0xe4, 0x10, 0xf0, 0xf, 0xfe, 0x84, 0xa9,
    0x0, 0x4a, 0x4, 0x40, 0xf, 0xfb, 0x80, 0x50,
    0x3, 0xff, 0x9f, 0x3, 0x0, 0x1a, 0x82, 0x80,
    0x3f, 0xf8, 0xa, 0xc, 0x1, 0xff, 0xcf, 0x17,
    0x62, 0x0, 0x8c, 0x81, 0x40, 0x3f, 0xe5, 0x0,
    0x58, 0x7, 0xff, 0x3e, 0x2, 0x0, 0x35, 0x81,
    0x90, 0x7, 0xfd, 0xe0, 0x46, 0x1, 0xff, 0xce,
    0x26, 0x60, 0x80, 0x66, 0xa, 0x0, 0xff, 0xe0,
    0x20, 0x28, 0x7, 0xff, 0x3e, 0x2, 0x0, 0x32,
    0x8, 0x38, 0x7, 0xfc, 0x62, 0x16, 0x1, 0xff,
    0xce, 0x35, 0x71, 0x0, 0xdc, 0x8, 0x20, 0x1f,
    0xf2, 0x0, 0x98, 0x7, 0xff, 0x3b, 0xc6, 0x0,
    0x30, 0xa8, 0x70, 0x7, 0xff, 0x3, 0x1, 0x0,
    0x3f, 0xf9, 0xca, 0x76, 0x1, 0xce, 0x0, 0x50,
    0xf, 0xfe, 0x2, 0x6, 0x0, 0x7f, 0xf3, 0xac,
    0xd4, 0x3, 0xa8, 0x14, 0x3, 0xff, 0x80, 0x40,
    0x4, 0x0, 0xff, 0xe6, 0xc0, 0xf8, 0x7, 0x11,
    0x87, 0x0, 0x7f, 0xf0, 0x1c, 0x0, 0x40, 0x1f,
    0xfc, 0xc2, 0x75, 0x30, 0xe, 0xa0, 0x24, 0x0,
    0xff, 0xe0, 0x68, 0x18, 0x7, 0xff, 0x36, 0x42,
    0xc0, 0x3c, 0xc1, 0x40, 0x1f, 0xfc, 0x12, 0x5,
    0x0, 0xff, 0xe6, 0x2a, 0x40, 0x80, 0x72, 0x8,
    0x30, 0x7, 0xff, 0x5, 0x83, 0xc0, 0x3f, 0xf9,
    0x63, 0x64, 0xe0, 0x1e, 0xf0, 0x51, 0x0, 0xff,
    0xe0, 0x88, 0x18, 0x7, 0xff, 0x2e, 0x7, 0x80,
    0x3c, 0x48, 0x1c, 0x1, 0xfe, 0x49, 0x20, 0x30,
    0x60, 0xf, 0xfe, 0x52, 0x33, 0x98, 0x7, 0xa8,
    0x9, 0x0, 0x3e, 0x39, 0xde, 0xc2, 0x1, 0x1,
    0x0, 0xff, 0xe4, 0x8d, 0x14, 0x0, 0x7c, 0xc1,
    0x40, 0x1c, 0x2f, 0xb1, 0x9b, 0x4a, 0x0, 0x10,
    0xf, 0xfe, 0x5d, 0xf, 0x0, 0x7c, 0xc2, 0xc,
    0x1, 0x25, 0x60, 0x65, 0xa8, 0x7, 0xff, 0x41,
    0x92, 0xc, 0x3, 0xea, 0x5, 0x10, 0x6d, 0xee,
    0x6b, 0x88, 0x7, 0xc6, 0x2, 0x1, 0xff, 0xc7,
    0x39, 0x47, 0x0, 0xf8, 0xcc, 0x1f, 0x1b, 0xd9,
    0x48, 0x1, 0xfe, 0x60, 0x60, 0xf, 0xfe, 0x31,
    0x69, 0x50, 0x7, 0xe9, 0x0, 0x47, 0x6c, 0x8,
    0x7, 0xff, 0x0, 0xc0, 0x80, 0x3f, 0xf8, 0xa3,
    0xe3, 0xe2, 0x1, 0xf1, 0x28, 0x46, 0xb0, 0x7,
    0xff, 0xf, 0x43, 0x0, 0x3f, 0xf8, 0x83, 0x85,
    0x64, 0x1, 0xe1, 0x8d, 0x1, 0x70, 0xf, 0xfe,
    0x2a, 0x82, 0x0, 0x7f, 0xf0, 0xcb, 0xca, 0xd0,
    0x3, 0xcd, 0x9e, 0x21, 0x20, 0x1f, 0xfc, 0x75,
    0x6, 0x0, 0xff, 0xe0, 0xae, 0x8d, 0xa0, 0x7,
    0x1e, 0x7e, 0x8, 0xce, 0x1, 0xff, 0xc7, 0x90,
    0x81, 0x0, 0xff, 0xc, 0xd0, 0xe2, 0x0, 0x74,
    0xff, 0xa4, 0x6c, 0x18, 0x3, 0xff, 0x90, 0x6c,
    0x3a, 0x1, 0xfc, 0xfe, 0xc9, 0xe6, 0x1, 0x8f,
    0x7b, 0xc, 0x14, 0x82, 0x40, 0x3f, 0xf9, 0x32,
    0x66, 0xd5, 0x0, 0xc9, 0x3f, 0x1, 0x36, 0x20,
    0x19, 0xff, 0xce, 0x1, 0x48, 0x38, 0x80, 0x7f,
    0xf2, 0xb5, 0x4a, 0xbf, 0xb9, 0xf6, 0xc2, 0xfe,
    0xc0, 0x1d, 0x7d, 0x84, 0x1, 0x21, 0x84, 0x80,
    0x7f, 0xf2, 0xc6, 0xad, 0x88, 0x44, 0x4b, 0x5d,
    0x2, 0x1, 0x8b, 0x3a, 0x40, 0x3a, 0x1, 0xc4,
    0x3, 0xff, 0x9a, 0x93, 0xbf, 0xed, 0xa5, 0x0,
    0xf1, 0xff, 0x94, 0x3, 0x90, 0xc2, 0x40, 0x3f,
    0xfb, 0x69, 0xde, 0x60, 0x1e, 0x90, 0x71, 0x0,
    0xff, 0xed, 0x24, 0x61, 0x0, 0x79, 0x48, 0x60,
    0x3, 0xff, 0xb4, 0x73, 0xa2, 0x1, 0xf5, 0x84,
    0x0, 0x7f, 0xf6, 0x8b, 0xbc, 0x40, 0x3e, 0x71,
    0x26, 0x0, 0xff, 0xed, 0x7f, 0x10, 0x7, 0xc3,
    0x1, 0x20, 0x1f, 0xfd, 0xaa, 0xb3, 0x0, 0xfd,
    0x60, 0xa8, 0x1, 0xff, 0xd9, 0x46, 0x60, 0x7,
    0xe5, 0x50, 0xd8, 0x7, 0xff, 0x6a, 0x78, 0x3,
    0xf0, 0xd8, 0x58, 0x80, 0x7f, 0xf6, 0x55, 0x88,
    0x3, 0xf5, 0x8a, 0x28, 0x7, 0xff, 0x6b, 0xbc,
    0x3, 0xf3, 0x28, 0xd0, 0x7, 0xff, 0x6d, 0x10,
    0x1, 0xf1, 0xc8, 0x50, 0x80, 0x7f, 0xf6, 0x90,
    0xc0, 0x3e, 0x2d, 0x9, 0x40, 0xf, 0xfe, 0xd8,
    0x80, 0x7c, 0x58, 0x2c, 0xc0, 0xf, 0xfe, 0xe0,
    0x98, 0x7, 0x1e, 0xb, 0x48, 0x7, 0xff, 0x75,
    0x2, 0xc8, 0xe, 0x70, 0x5e, 0x40, 0x3f, 0xfb,
    0xf4, 0x9b, 0xf8, 0xc3, 0x50, 0x1, 0xff, 0xe0,
    0x5c, 0x75, 0x6a, 0xe5, 0x0, 0xff, 0xea, 0x0,

    /* U+005A "Z" */
    0x0, 0xff, 0xff, 0x80, 0x7f, 0xf3, 0x85, 0x1a,
    0x6f, 0x7b, 0xff, 0x76, 0xdc, 0xa8, 0x80, 0x7f,
    0xf8, 0x45, 0x67, 0x7a, 0x70, 0x76, 0x2a, 0xf2,
    0xea, 0x14, 0x1e, 0xbb, 0x18, 0x3, 0xff, 0xba,
    0xb7, 0xfd, 0xd7, 0xed, 0x43, 0x2a, 0x20, 0xd1,
    0x5a, 0x2f, 0xb1, 0xca, 0x79, 0x40, 0x3f, 0xfb,
    0x3, 0x3d, 0xfd, 0xcb, 0x73, 0x0, 0xff, 0xe1,
    0x9c, 0x74, 0xd, 0x48, 0x7, 0xff, 0x54, 0xab,
    0x3b, 0x94, 0xa0, 0x1f, 0xfc, 0xa7, 0xd1, 0x6a,
    0x0, 0xff, 0xe9, 0xbf, 0xe6, 0xb8, 0x7, 0xff,
    0x38, 0xb0, 0x55, 0x40, 0x1f, 0xfd, 0x3, 0xde,
    0xd6, 0x0, 0xff, 0xe8, 0x95, 0x4, 0x0, 0x7f,
    0xf3, 0xdb, 0x7a, 0x40, 0x3f, 0xfa, 0x88, 0x64,
    0x60, 0x1f, 0xfc, 0xd7, 0xbf, 0x30, 0xf, 0xfe,
    0xb2, 0x2, 0x0, 0x7f, 0xf3, 0x1a, 0xb0, 0x40,
    0x3f, 0xfa, 0xfc, 0x1c, 0x1, 0xff, 0xcb, 0x39,
    0xf1, 0x0, 0xff, 0xec, 0x18, 0x18, 0x7, 0xff,
    0x2f, 0xe0, 0x80, 0x3f, 0xfb, 0x26, 0x1, 0xff,
    0xcc, 0x13, 0x70, 0xf, 0xfe, 0xd7, 0x1, 0x80,
    0x7f, 0xf2, 0xc4, 0x3, 0xff, 0xb6, 0x61, 0xe0,
    0x1f, 0xfc, 0xa1, 0x32, 0x0, 0xff, 0xed, 0x20,
    0x28, 0x7, 0xff, 0x2e, 0x38, 0x3, 0xff, 0xb2,
    0x80, 0x3, 0x0, 0xff, 0xe5, 0xad, 0xd8, 0x40,
    0x3f, 0xfa, 0xfc, 0xa, 0x1, 0xff, 0xcd, 0x7f,
    0xb0, 0xf, 0xfe, 0xb0, 0xa8, 0x78, 0x7, 0xff,
    0x39, 0x28, 0x3, 0xff, 0xad, 0x20, 0x5, 0x0,
    0xff, 0xf9, 0x38, 0x38, 0x7, 0xff, 0xca, 0x0,
    0x12, 0x1, 0xff, 0xf1, 0x17, 0x6, 0x10, 0xf,
    0xff, 0x8d, 0x80, 0x20, 0x3, 0xff, 0xe2, 0x8a,
    0x10, 0x20, 0x1f, 0xff, 0x19, 0x2, 0x70, 0xf,
    0xff, 0x8c, 0x90, 0x48, 0x7, 0xff, 0xc5, 0x18,
    0x19, 0x0, 0x3f, 0xfe, 0x3, 0x40, 0x52, 0x1,
    0xff, 0xf1, 0xd1, 0xf, 0x0, 0xff, 0xf8, 0xc9,
    0x84, 0x90, 0x7, 0xff, 0xc1, 0x58, 0x19, 0x80,
    0x1f, 0xff, 0x3, 0xa0, 0x39, 0x0, 0xff, 0xf8,
    0x16, 0x81, 0x68, 0x7, 0xff, 0xc0, 0x70, 0x45,
    0xe2, 0x1, 0xff, 0xef, 0x1c, 0x10, 0xd2, 0x0,
    0xff, 0xf7, 0x8e, 0x10, 0x59, 0x80, 0x7f, 0xf9,
    0x4, 0x3, 0xfe, 0xd2, 0xa, 0x40, 0xf, 0xff,
    0x26, 0x76, 0xb0, 0x7, 0xec, 0x30, 0xa5, 0x0,
    0xff, 0xf2, 0xa1, 0x94, 0xd8, 0x80, 0x61, 0xc3,
    0xb, 0x50, 0xf, 0xff, 0x34, 0x65, 0xa, 0x61,
    0x0, 0x7, 0xc, 0x71, 0x0, 0x3f, 0xfd, 0x2b,
    0x86, 0x58, 0x65, 0xe4, 0x38, 0x60, 0x1f, 0xfe,
    0xb2, 0xc5, 0x1c, 0xc0, 0x96, 0x10, 0x7, 0xff,
    0xba, 0x94, 0x4, 0xb0, 0x80, 0x3f, 0xfd, 0xee,
    0xa0, 0x2, 0x50, 0xf, 0xff, 0x7d, 0x40, 0x35,
    0x85, 0xa0, 0x7, 0xff, 0xb0, 0xb5, 0x42, 0x64,
    0x9a, 0x36, 0x80, 0x1f, 0xfe, 0xa4, 0xd2, 0x1c,
    0x60, 0x1, 0x79, 0x5a, 0x80, 0x7f, 0xfa, 0x26,
    0xc0, 0xfc, 0xc0, 0x30, 0xea, 0x53, 0x0, 0x7f,
    0xf9, 0x4f, 0x58, 0x1f, 0x4, 0x3, 0xeb, 0x69,
    0x70, 0xf, 0xff, 0x1c, 0x61, 0xd, 0xc0, 0x7,
    0xfa, 0x65, 0x14, 0x20, 0x1f, 0xfd, 0xf2, 0xc7,
    0x5, 0xf4, 0x0, 0xff, 0xe0, 0x36, 0xb7, 0xa8,
    0x7, 0xff, 0x76, 0x34, 0xc2, 0x68, 0x40, 0x3f,
    0xf8, 0x45, 0x91, 0xd, 0x93, 0x0, 0xff, 0xec,
    0x2f, 0x38, 0x27, 0x30, 0x7, 0xff, 0x19, 0xb7,
    0xa8, 0xc0, 0x3f, 0xfa, 0xc7, 0x94, 0x22, 0xab,
    0x10, 0xf, 0xfe, 0x49, 0x98, 0x3, 0xff, 0xaa,
    0x55, 0x86, 0xf, 0xca, 0x1, 0xff, 0xec, 0x3a,
    0xd5, 0x5, 0xd8, 0x0, 0xff, 0xf6, 0x25, 0xe2,
    0x82, 0x65, 0x10, 0x7, 0xff, 0x84, 0x5a, 0x26,
    0xaf, 0x33, 0xba, 0xd0, 0x0, 0x66, 0x47, 0x65,
    0x31, 0x0, 0xff, 0xee, 0x8f, 0xcb, 0xb2, 0xa1,
    0x9f, 0x8, 0x6, 0x37, 0x88, 0x4d, 0x67, 0x7e,
    0xdc, 0x20, 0x80, 0x7f, 0xf6, 0x4, 0x3, 0xf0,
    0xb5, 0xdd, 0x54, 0x98, 0x76, 0x42, 0x10, 0x1,
    0x23, 0xdf, 0x72, 0xdc, 0xc0, 0x3f, 0xfa, 0x63,
    0x8a, 0x20, 0x1, 0x47, 0xce, 0x94, 0x49, 0x54,
    0xcf, 0x13, 0x7b, 0xdf, 0xb7, 0xc, 0x60, 0x29,
    0x19, 0xf6, 0xe4, 0x1, 0xff, 0xd0, 0x3a, 0xef,
    0xf7, 0x5c, 0x18, 0x7, 0xff, 0xc, 0x91, 0xe7,
    0x3f, 0x69, 0xcc, 0x12, 0x37, 0x50, 0x60, 0x1f,
    0xfe, 0xb2, 0x58, 0xcf, 0xb7, 0x32, 0x7c, 0xe8,
    0x20, 0xf, 0xff, 0x6a, 0x46, 0x75, 0x28, 0x3e,
    0xe3, 0x0, 0x7f, 0xfb, 0x85, 0x6b, 0xad, 0x4e,
    0x7e, 0x48, 0x3, 0xff, 0xde, 0x95, 0xf2, 0x6d,
    0xb6, 0x60, 0x1f, 0xff, 0x6, 0xcd, 0x64, 0xcc,
    0x20, 0x7, 0xff, 0xc0, 0xa7, 0xa0, 0xaf, 0x10,
    0x3, 0xff, 0xe0, 0x2f, 0xd0, 0x57, 0x62, 0x0,
    0xff, 0xf8, 0xbf, 0x42, 0x6c, 0x0, 0x7f, 0xfc,
    0x9f, 0x95, 0xf9, 0x0, 0x3f, 0xfe, 0x23, 0x58,
    0x77, 0x20, 0x1f, 0xff, 0x23, 0xd8, 0x6d, 0x20,
    0xf, 0xff, 0x93, 0xe0, 0x6a, 0x0, 0x7f, 0xfc,
    0x8f, 0x56, 0xcc, 0x3, 0xff, 0xe7, 0x56, 0x20,

    /* U+0061 "a" */
    0x0, 0xff, 0xe5, 0xa6, 0x7f, 0x31, 0x98, 0x3,
    0xfd, 0x36, 0x6d, 0x51, 0x9a, 0x1, 0xfd, 0x4c,
    0x15, 0x28, 0x20, 0x40, 0x18, 0x64, 0x0, 0xea,
    0x14, 0xa0, 0xa0, 0xf, 0x0, 0xd5, 0xa0, 0x30,
    0xe, 0xa0, 0x8, 0x6, 0x30, 0x9, 0x85, 0x1,
    0x80, 0xa0, 0x0, 0xe4, 0x10, 0x1, 0x15, 0x50,
    0x1, 0x61, 0x0, 0x3, 0x80, 0x61, 0x0, 0xf,
    0x70, 0x2, 0x21, 0x50, 0x2d, 0x10, 0xc0, 0xb,
    0x64, 0x80, 0x31, 0x3, 0x69, 0x78, 0xe8, 0x26,
    0xca, 0x80, 0x6b, 0x3f, 0x88, 0x60, 0xd2, 0xf7,
    0x3d, 0x40, 0x39, 0x7f, 0xb8, 0xe0, 0x4, 0xde,
    0xa2, 0x0, 0xe0,

    /* U+0062 "b" */
    0x0, 0xff, 0xe7, 0x36, 0x7f, 0xb1, 0x40, 0x3f,
    0xf9, 0xc9, 0xd2, 0x4a, 0xa2, 0xa4, 0x0, 0xff,
    0xe6, 0x4d, 0x8c, 0xf5, 0x53, 0xc6, 0x0, 0x3f,
    0xf9, 0x76, 0xc5, 0xac, 0x1, 0xb, 0x18, 0x7,
    0xff, 0x2b, 0x10, 0xf0, 0x80, 0x3b, 0xc0, 0x3f,
    0xf9, 0x56, 0x65, 0xa2, 0x1, 0xef, 0x20, 0xf,
    0xfe, 0x44, 0xa0, 0xe0, 0x80, 0x7c, 0x8e, 0x1,
    0xff, 0xc7, 0x66, 0x6, 0x88, 0x7, 0xc2, 0x7e,
    0x1, 0xff, 0xc6, 0x39, 0x9, 0x30, 0xf, 0xcc,
    0x2a, 0x1, 0xff, 0xc6, 0xe0, 0x56, 0x0, 0xfe,
    0x96, 0x0, 0xff, 0xe3, 0x51, 0xd, 0x80, 0x7f,
    0x38, 0x48, 0x7, 0xff, 0x15, 0x54, 0x16, 0x20,
    0x1f, 0x86, 0x64, 0x20, 0x1f, 0xfc, 0x41, 0xb0,
    0x45, 0x0, 0xfe, 0xb3, 0x70, 0xf, 0xfe, 0x2c,
    0x8, 0xa8, 0x3, 0xf9, 0x17, 0x80, 0x3f, 0xf8,
    0xa8, 0xc1, 0x2, 0x1, 0xf8, 0x6a, 0xc, 0x3,
    0xff, 0x8b, 0x20, 0x6c, 0x1, 0xfd, 0xa8, 0xe0,
    0x1f, 0xfc, 0x57, 0x20, 0xf0, 0xf, 0xe9, 0x1a,
    0x0, 0xff, 0xe2, 0x8c, 0x2, 0x98, 0x7, 0xe7,
    0x77, 0x80, 0x7f, 0xf1, 0xa0, 0x1, 0x60, 0x1f,
    0x96, 0x34, 0x80, 0x3f, 0xf8, 0xa4, 0xc0, 0xe2,
    0x1, 0xf2, 0x55, 0x98, 0x7, 0xff, 0x1a, 0x40,
    0x60, 0x3, 0xe4, 0xab, 0x40, 0xf, 0xfe, 0x31,
    0xa0, 0x40, 0x7, 0xc9, 0x54, 0x40, 0xf, 0xfe,
    0x3f, 0x80, 0xb0, 0x7, 0x96, 0xb5, 0x0, 0x3f,
    0xf8, 0xe8, 0x61, 0x0, 0x1e, 0x6b, 0xd3, 0x0,
    0xff, 0xe4, 0x48, 0x13, 0x0, 0x73, 0xde, 0x18,
    0x7, 0xff, 0x21, 0x48, 0x20, 0x3, 0xa6, 0xf0,
    0x80, 0x3f, 0xf9, 0x30, 0x4, 0xa0, 0x10, 0xd8,
    0x60, 0x80, 0x7f, 0xf2, 0x54, 0x82, 0x0, 0x22,
    0xcd, 0x90, 0xf, 0xfe, 0x5c, 0x1, 0x28, 0x1,
    0x7f, 0x98, 0x3, 0xff, 0x96, 0x84, 0x10, 0x0,
    0x9e, 0xc3, 0x0, 0xff, 0xe6, 0x40, 0x12, 0x96,
    0xc, 0x98, 0x7, 0xff, 0x30, 0xcc, 0x16, 0xba,
    0x2d, 0xd9, 0x80, 0xf, 0xfe, 0x5c, 0x0, 0xe5,
    0x2, 0x7e, 0x69, 0xc0, 0x7, 0x32, 0x80, 0x7f,
    0xf0, 0x89, 0x0, 0x54, 0x2e, 0x44, 0x4, 0x8,
    0x3, 0x3d, 0x28, 0x7, 0xff, 0xa, 0xc0, 0x36,
    0x20, 0x4, 0x80, 0x60, 0x1, 0xac, 0xc0, 0x7,
    0xff, 0x8, 0x58, 0x2, 0xc3, 0x0, 0xda, 0x1e,
    0x31, 0xfb, 0x60, 0x1f, 0xfc, 0x36, 0x0, 0xa8,
    0xc0, 0x32, 0x20, 0x2f, 0x3f, 0xce, 0x1, 0xff,
    0xc4, 0x90, 0x4, 0x28, 0x0, 0xe2, 0xec, 0xb,
    0xfa, 0xe2, 0x1, 0xff, 0xc4, 0x41, 0x5, 0x71,
    0x9e, 0xc4, 0x50, 0x1a, 0x20, 0xf, 0xfe, 0x3f,
    0x81, 0x50, 0x62, 0x4e, 0xa8, 0x86, 0x80, 0x7f,
    0xf2, 0x5, 0x3, 0x80, 0x4, 0x9b, 0x8c, 0x38,
    0x60, 0x1f, 0xfc, 0x82, 0x19, 0x30, 0x5, 0x22,
    0x9b, 0xf1, 0x80, 0x7f, 0xf2, 0x40,

    /* U+0063 "c" */
    0x0, 0xe3, 0xae, 0xfc, 0x40, 0xf, 0xfa, 0x71,
    0x49, 0xca, 0x0, 0x3f, 0xd6, 0xc3, 0x79, 0x10,
    0x70, 0xf, 0xea, 0x41, 0xc4, 0x0, 0x35, 0x80,
    0x72, 0x30, 0x22, 0x86, 0x90, 0x7, 0xf0, 0xca,
    0x7, 0x82, 0x98, 0x7, 0xfa, 0xa0, 0x81, 0x2,
    0x40, 0x3f, 0xd0, 0x6a, 0x4, 0x0, 0x30, 0xf,
    0xe7, 0x28, 0x0, 0xff, 0xe1, 0x3e, 0x50, 0x4,
    0x40, 0x2, 0x0, 0xfa, 0xb6, 0xc0, 0x39, 0x2,
    0x0, 0x39, 0x77, 0x54, 0x1, 0xe9, 0x15, 0xc7,
    0x68, 0xd9, 0xe7, 0x0, 0xf8, 0xbd, 0x8a, 0x2c,
    0xa7, 0xc, 0x3, 0xe0,

    /* U+0064 "d" */
    0x0, 0xff, 0xeb, 0x8a, 0x90, 0x7, 0xff, 0x5d,
    0xfa, 0xbc, 0x3, 0xff, 0xaa, 0x39, 0x0, 0x3,
    0x0, 0xff, 0xea, 0x17, 0x98, 0x36, 0x90, 0x7,
    0xff, 0x4c, 0xf0, 0x42, 0xa5, 0x2c, 0x3, 0xff,
    0xa4, 0x78, 0x21, 0x8a, 0x14, 0xc0, 0x1f, 0xfd,
    0x12, 0xd0, 0x1c, 0x30, 0x46, 0x10, 0xf, 0xfe,
    0x80, 0xe0, 0x86, 0x98, 0x2, 0x20, 0x1, 0xff,
    0xd1, 0xc1, 0xb, 0x30, 0x3, 0x21, 0x0, 0x7f,
    0xf4, 0x2c, 0x82, 0x90, 0x0, 0x37, 0x0, 0x1f,
    0xfd, 0x8, 0x40, 0x85, 0x0, 0xa2, 0x0, 0x1f,
    0xfd, 0x5, 0x70, 0x57, 0x0, 0x8c, 0xca, 0x1,
    0xff, 0xcf, 0x2a, 0x3, 0xa0, 0xd, 0xf6, 0x1,
    0xff, 0xd0, 0xf0, 0x1d, 0x0, 0xd3, 0x2, 0x1,
    0xff, 0xcf, 0xa2, 0xa, 0x10, 0x9, 0x1, 0x0,
    0x3f, 0xf9, 0xec, 0xa1, 0x8, 0x1, 0x14, 0x48,
    0x7, 0xff, 0x3c, 0xa4, 0x11, 0xc0, 0x37, 0x70,
    0x3, 0xff, 0xa1, 0xc0, 0x34, 0x1, 0xaa, 0x48,
    0x3, 0xff, 0x9e, 0xe6, 0x14, 0x20, 0x13, 0x92,
    0x80, 0x7f, 0xf3, 0xce, 0x1, 0x90, 0x2, 0x4d,
    0x80, 0xf, 0xfe, 0x87, 0x1, 0xc8, 0x4, 0x7f,
    0x40, 0x1f, 0xfd, 0x8, 0x20, 0xe0, 0x8, 0x7e,
    0x80, 0x3f, 0xfa, 0x4, 0xe1, 0x4, 0x0, 0x1d,
    0xf1, 0x0, 0xff, 0xe8, 0x48, 0x13, 0x80, 0x55,
    0x6, 0x1, 0xff, 0xd0, 0x54, 0xe, 0x0, 0xaf,
    0x90, 0x3, 0xff, 0xa3, 0x60, 0xe6, 0x0, 0xae,
    0x50, 0xf, 0xfe, 0x8c, 0x89, 0x40, 0x2, 0xb1,
    0x40, 0x3f, 0xfa, 0x24, 0xc1, 0xc0, 0xa, 0xd6,
    0x0, 0xff, 0xe9, 0x48, 0x29, 0x84, 0xeb, 0x80,
    0x7f, 0xf4, 0x91, 0x1, 0x61, 0x5c, 0xe0, 0x1f,
    0xfd, 0x38, 0x8, 0x1b, 0xc7, 0x0, 0xff, 0xe6,
    0x8c, 0x6f, 0xd8, 0xa1, 0x93, 0x5e, 0xb0, 0x7,
    0xff, 0x35, 0x7d, 0xc8, 0x57, 0x60, 0x2f, 0x79,
    0x80, 0x3f, 0xf9, 0xad, 0x42, 0x79, 0xdc, 0x23,
    0x1b, 0x85, 0x0, 0xfe, 0x45, 0x0, 0xff, 0xe1,
    0x24, 0x82, 0x61, 0x80, 0xc, 0x1, 0xc8, 0x1,
    0xfc, 0x72, 0x80, 0x1f, 0xfc, 0x2a, 0x3, 0xb0,
    0x8, 0x8a, 0xc3, 0x0, 0xfe, 0x3e, 0xf1, 0x0,
    0xff, 0xe0, 0xb8, 0x8b, 0x80, 0x35, 0x87, 0x10,
    0x7, 0xf1, 0xf7, 0x90, 0x7, 0xff, 0xa, 0x82,
    0x8, 0x2, 0x96, 0x23, 0x0, 0xfe, 0x4e, 0xf2,
    0x0, 0xff, 0xe1, 0x9, 0xb, 0x0, 0xb, 0x4,
    0x2c, 0x3, 0xf9, 0x63, 0x8, 0x3, 0xff, 0x86,
    0x40, 0xc0, 0x6, 0xee, 0x81, 0xc0, 0x3f, 0x3f,
    0x60, 0x80, 0x7f, 0xf1, 0x4, 0x5, 0x2c, 0x70,
    0xb8, 0x84, 0x3, 0xea, 0xfb, 0x0, 0xff, 0xe3,
    0x14, 0x2e, 0x53, 0x80, 0x5, 0xc0, 0x3c, 0x59,
    0xd0, 0x1, 0xff, 0xc8, 0x7c, 0x81, 0x0, 0x84,
    0x3, 0xd1, 0x3a, 0x80, 0x1f, 0xfd, 0xc, 0x43,
    0x1, 0x7d, 0xeb, 0x10, 0xf, 0xfe, 0x8a, 0x3e,
    0x7e, 0x6, 0xb0, 0x7, 0xff, 0x52, 0x7f, 0xda,
    0xe0, 0x1f, 0xfc, 0xd0,

    /* U+0065 "e" */
    0x0, 0xe2, 0x8a, 0x80, 0xf, 0xfe, 0x14, 0xeb,
    0xab, 0xc8, 0x7, 0xff, 0x3, 0x18, 0x6f, 0xd1,
    0x40, 0x3e, 0xa4, 0x0, 0x51, 0x97, 0xa0, 0x12,
    0x80, 0x7a, 0xd, 0x1, 0x14, 0x3c, 0x40, 0xde,
    0x0, 0x39, 0x8e, 0x40, 0x1e, 0xe, 0x40, 0xfb,
    0x42, 0x1, 0x96, 0xac, 0x2, 0x40, 0x3b, 0xfc,
    0xc2, 0x0, 0x65, 0x8d, 0x0, 0x84, 0xb, 0xfd,
    0xd6, 0x40, 0x19, 0xe3, 0x4, 0x2, 0x10, 0x2,
    0x20, 0x40, 0x3a, 0xaf, 0x4, 0x3, 0x90, 0x8c,
    0x3, 0x8f, 0x4f, 0x4, 0x3, 0xd0, 0x18, 0xe4,
    0x29, 0x7b, 0x12, 0x1, 0xf8, 0xf5, 0x23, 0x7a,
    0xb3, 0xd4, 0x3, 0xfc, 0x57, 0xd9, 0xbc, 0xe2,
    0x1, 0xfc,

    /* U+0066 "f" */
    0x0, 0xff, 0xe9, 0x8b, 0x0, 0x7f, 0xf4, 0xc7,
    0x20, 0x3, 0xff, 0xa7, 0xa5, 0x60, 0x1f, 0xfd,
    0x2a, 0x37, 0x50, 0xf, 0xfe, 0x8b, 0x2a, 0x40,
    0x7, 0xff, 0x44, 0xa4, 0x68, 0x3, 0xff, 0xa5,
    0xc1, 0x42, 0x1, 0xff, 0xd1, 0x83, 0x64, 0x0,
    0xff, 0xe8, 0x9b, 0x94, 0x80, 0x7f, 0xf4, 0xb8,
    0x38, 0x3, 0xff, 0xa5, 0x24, 0xe6, 0x1, 0xff,
    0xd1, 0x36, 0x28, 0x0, 0xff, 0xe9, 0x70, 0x48,
    0x7, 0xff, 0x4a, 0x9, 0x90, 0x3, 0xff, 0xa2,
    0x4e, 0x30, 0x1, 0xff, 0xd2, 0xe0, 0xb1, 0x0,
    0xff, 0xe8, 0xb1, 0xa2, 0x80, 0x7f, 0xf4, 0x46,
    0x2, 0x40, 0x3f, 0xc2, 0x1, 0xff, 0xc7, 0xb1,
    0x82, 0x0, 0xfe, 0xa6, 0x0, 0xff, 0xe3, 0x1a,
    0x93, 0x80, 0x7f, 0x49, 0xb8, 0x7, 0xff, 0x1b,
    0x82, 0x40, 0x3f, 0xa8, 0x64, 0x3, 0xff, 0x8c,
    0xc4, 0xa8, 0x1, 0xfa, 0xf6, 0x0, 0x3f, 0xf8,
    0xc3, 0x1, 0x60, 0x1f, 0xe, 0x6b, 0x80, 0x7f,
    0xf1, 0xe0, 0x5c, 0x40, 0x3c, 0x5b, 0xc, 0x1,
    0xff, 0xc7, 0x26, 0x18, 0x0, 0xf1, 0xff, 0x90,
    0x3, 0xff, 0x91, 0x21, 0x60, 0x1e, 0x5e, 0xf3,
    0x0, 0xff, 0xe4, 0x22, 0xd, 0x40, 0x39, 0xe3,
    0x8, 0x3, 0xff, 0x93, 0x1, 0xe0, 0x1d, 0x39,
    0x81, 0x0, 0xff, 0xe4, 0xb1, 0xa9, 0x80, 0x43,
    0x87, 0x62, 0x1, 0xff, 0xca, 0x80, 0x80, 0x8,
    0xb1, 0x28, 0x3, 0xff, 0x96, 0xe2, 0xc4, 0x0,
    0x4c, 0x88, 0x0, 0x7f, 0xf2, 0xc6, 0x2, 0x0,
    0xf, 0x5a, 0xa0, 0x1f, 0xfc, 0xc8, 0x7, 0x10,
    0xab, 0xf3, 0x0, 0xff, 0xe6, 0xb, 0x4, 0x8e,
    0x6, 0x9, 0x33, 0xa0, 0x7, 0xff, 0x26, 0x2,
    0xb, 0xee, 0x9b, 0x7f, 0xea, 0x60, 0xf, 0xfe,
    0x39, 0x30, 0x86, 0xd0, 0x76, 0x76, 0xcc, 0x43,
    0x80, 0x3f, 0xf8, 0xf6, 0x3, 0x6d, 0x5b, 0x94,
    0x60, 0x10, 0xf0, 0x7, 0xff, 0x18, 0x98, 0xc,
    0x16, 0xa8, 0x40, 0x1d, 0x68, 0x1, 0xff, 0xc6,
    0xb0, 0x12, 0xbd, 0x40, 0xf, 0x10, 0x90, 0x7,
    0xff, 0x15, 0x18, 0x17, 0xdc, 0x3, 0xf5, 0xd0,
    0x7, 0xff, 0x15, 0xec, 0x1e, 0xc4, 0x3, 0xf1,
    0x33, 0x0, 0x3f, 0xf8, 0xb0, 0x0, 0x90, 0xf,
    0xf4, 0x30, 0x80, 0x7f, 0xf1, 0x5c, 0x18, 0x40,
    0x3f, 0x8d, 0x6c, 0x3, 0xff, 0x8c, 0xc1, 0x60,
    0x1f, 0xef, 0x62, 0x0, 0xff, 0xe2, 0xb0, 0xa1,
    0x0, 0x7f, 0x31, 0xc0, 0x7, 0xff, 0x1a, 0x83,
    0xc0, 0x3f, 0x86, 0x20, 0x20, 0x1f, 0xfc, 0x53,
    0x31, 0x20, 0x7, 0xf5, 0x9b, 0x80, 0x7f, 0xf1,
    0xa4, 0x2c, 0x3, 0xf9, 0x55, 0x20, 0x1f, 0xfc,
    0x75, 0x7, 0x0, 0xfc, 0x36, 0xc8, 0x1, 0xff,
    0xc6, 0x60, 0x51, 0x0, 0xfd, 0x61, 0x0, 0x1f,
    0xfc, 0x7a, 0xe, 0x0, 0xfc, 0xaa, 0xb1, 0x0,
    0xff, 0xe3, 0x9, 0x8a, 0x0, 0x7c, 0x54, 0xaa,
    0x0, 0xff, 0xe3, 0xb0, 0x38, 0x7, 0xee, 0x1b,
    0x0, 0xff, 0xe4, 0x58, 0x68, 0x7, 0xd0, 0x74,
    0x20, 0x1f, 0xfc, 0x71, 0x30, 0x40, 0xf, 0x23,
    0xb9, 0x0, 0x3f, 0xf9, 0x8, 0xa, 0x1, 0xe1,
    0xa3, 0x80, 0xf, 0xfe, 0x4e, 0x6, 0x0, 0x7b,
    0x43, 0x80, 0x3f, 0xf9, 0x48, 0xa, 0x1, 0xd2,
    0x74, 0x40, 0x1f, 0xfc, 0xa2, 0x3, 0x0, 0xcc,
    0xc8, 0x40, 0xf, 0xfe, 0x51, 0x1, 0x0, 0x64,
    0x95, 0x70, 0xf, 0xfe, 0x58, 0x83, 0x0, 0x45,
    0x67, 0x40, 0x1f, 0xfc, 0xc7, 0x1, 0x0, 0x16,
    0x16, 0x80, 0x7f, 0xf3, 0x5c, 0x4, 0xb, 0xf,
    0x4, 0x3, 0xff, 0x9a, 0x62, 0xb3, 0xa7, 0x82,
    0x1, 0xff, 0xcf, 0xa0, 0x77, 0x68, 0x80, 0x7f,
    0xf3, 0xc0,

    /* U+0067 "g" */
    0x0, 0xff, 0xf1, 0x3f, 0x68, 0x80, 0x7f, 0xfa,
    0x87, 0x20, 0x49, 0x40, 0x3f, 0xfd, 0x25, 0xe6,
    0x8, 0x13, 0xc2, 0x1, 0xe1, 0x40, 0xf, 0xfe,
    0xf1, 0x60, 0x96, 0xd8, 0x10, 0x80, 0x79, 0x30,
    0x3, 0xff, 0xbf, 0xe2, 0x58, 0x44, 0x0, 0x30,
    0x80, 0x69, 0xfc, 0x40, 0xf, 0xfe, 0xed, 0x10,
    0xe0, 0x85, 0x80, 0xc8, 0x4, 0x57, 0x96, 0x20,
    0x1f, 0xfd, 0xd4, 0x50, 0xa1, 0x3, 0x60, 0xb0,
    0x9, 0xa2, 0x94, 0x3, 0xff, 0xbf, 0x20, 0xc8,
    0x0, 0xf0, 0x45, 0x0, 0x48, 0x50, 0x80, 0x7f,
    0xf7, 0xd4, 0x82, 0x0, 0x14, 0x61, 0x20, 0x73,
    0xc, 0x1, 0xff, 0xe1, 0xe0, 0x51, 0x8, 0x50,
    0x62, 0x65, 0x91, 0x0, 0xff, 0xf1, 0x20, 0x60,
    0x53, 0x80, 0x2d, 0xd1, 0x80, 0x3f, 0xfc, 0xd5,
    0xca, 0x0, 0x47, 0x71, 0x0, 0x7f, 0xf9, 0x64,
    0x49, 0x18, 0xa, 0x54, 0x3, 0xff, 0xce, 0xdd,
    0xca, 0x71, 0xd2, 0x0, 0xff, 0xf5, 0xc8, 0xc0,
    0x7, 0xff, 0xac, 0x6d, 0x89, 0x80, 0x3f, 0xfd,
    0x4a, 0xca, 0x12, 0x1, 0xff, 0xe9, 0x18, 0x61,
    0x11, 0xa0, 0x7, 0xff, 0xa0, 0xe6, 0x47, 0x1,
    0x0, 0x1f, 0xfe, 0x87, 0x58, 0x17, 0x14, 0x40,
    0x7, 0xff, 0x98, 0x65, 0x58, 0x1, 0x21, 0x0,
    0x1f, 0xfe, 0x64, 0x99, 0x10, 0x1, 0xc5, 0xc,
    0x3, 0xff, 0xcb, 0x3, 0x0, 0x1a, 0x42, 0x0,
    0x3f, 0xfc, 0x85, 0x54, 0x50, 0xc, 0xe2, 0x86,
    0x1, 0xff, 0xe3, 0x5b, 0xa2, 0x0, 0xc3, 0x1,
    0x0, 0x1f, 0xfe, 0x38, 0x39, 0x0, 0xf4, 0x82,
    0x98, 0x7, 0xff, 0x84, 0x6a, 0xd8, 0x3, 0xc2,
    0xe1, 0x0, 0x1f, 0xfe, 0x13, 0xbb, 0x18, 0x7,
    0xd0, 0xa, 0x40, 0x1f, 0xfe, 0x6, 0xaa, 0x8,
    0x7, 0xc4, 0xc1, 0x0, 0x1f, 0xfe, 0x9, 0x9,
    0x0, 0xfe, 0x80, 0x62, 0x0, 0xff, 0xef, 0xd,
    0xeb, 0x0, 0x7f, 0x1a, 0x84, 0x0, 0x7f, 0xf7,
    0x8a, 0xa5, 0x0, 0x3f, 0xde, 0xe, 0x20, 0x1f,
    0xfd, 0xd4, 0x8b, 0x20, 0xf, 0xf2, 0x18, 0xc0,
    0x7, 0xff, 0x75, 0xb6, 0x80, 0x3f, 0xf8, 0x12,
    0x10, 0x1, 0xff, 0xdd, 0x8e, 0x90, 0xf, 0xfe,
    0x3, 0x91, 0x18, 0x3, 0xff, 0xb9, 0x3d, 0x0,
    0x1f, 0xfc, 0x1, 0x80, 0x90, 0xf, 0xfe, 0xe5,
    0x63, 0x0, 0x7f, 0xf0, 0x6c, 0x11, 0x0, 0x1f,
    0xfd, 0xbb, 0xf5, 0x0, 0xff, 0xe0, 0x9a, 0x84,
    0x80, 0x7f, 0xf6, 0xef, 0xd4, 0x3, 0xff, 0x85,
    0xe0, 0xe4, 0x1, 0xff, 0xda, 0xbf, 0x40, 0xf,
    0xfe, 0x13, 0x18, 0xc0, 0x7, 0xff, 0x6a, 0xf9,
    0x0, 0x3f, 0xf8, 0x43, 0x1, 0x60, 0x1f, 0xfd,
    0xaa, 0xe5, 0x0, 0xff, 0xe1, 0xc0, 0xa2, 0x80,
    0x7f, 0xf6, 0x67, 0x54, 0x3, 0xff, 0x86, 0x8c,
    0x14, 0x1, 0xff, 0xd9, 0x73, 0x70, 0xf, 0xfe,
    0x25, 0x4, 0x88, 0x7, 0xff, 0x61, 0x2e, 0x80,
    0x3f, 0xf8, 0x92, 0x28, 0xc0, 0x1f, 0xfd, 0x81,
    0xae, 0x0, 0xff, 0xe2, 0x23, 0x4, 0x80, 0x7f,
    0xf6, 0x76, 0xc8, 0x3, 0xff, 0x86, 0x34, 0x14,
    0x40, 0x1f, 0xfd, 0x87, 0x72, 0x80, 0x7f, 0xf1,
    0x34, 0x59, 0x40, 0x3f, 0xfb, 0x5, 0x32, 0x0,
    0xff, 0xe2, 0x41, 0x94, 0x80, 0x7f, 0xf6, 0x61,
    0x88, 0x3, 0xff, 0x86, 0xae, 0x1e, 0x1, 0xff,
    0xd9, 0x34, 0x80, 0xf, 0xfe, 0x19, 0xd0, 0x51,
    0x0, 0x7f, 0xf6, 0x66, 0x40, 0x1f, 0xfc, 0x32,
    0xd0, 0x75, 0x0, 0xff, 0xec, 0x8a, 0xb0, 0x7,
    0xff, 0x8, 0xb0, 0x56, 0x0, 0x3f, 0xfb, 0x4c,
    0x82, 0x1, 0xff, 0xc1, 0x2c, 0x14, 0xa0, 0xf,
    0xfe, 0xde, 0x68, 0x7, 0xff, 0x4, 0xf0, 0x52,
    0xc0, 0x3f, 0xfb, 0x8a, 0xa0, 0xf, 0xfe, 0x2,
    0xe0, 0xa5, 0x80, 0x7f, 0xf7, 0x44, 0x80, 0x3f,
    0xe9, 0xa0, 0x6b, 0x0, 0xff, 0xef, 0x98, 0x7,
    0xf1, 0xeb, 0x4, 0xc8, 0x3, 0xff, 0xbe, 0x2a,
    0x1, 0xf0, 0xce, 0x11, 0x31, 0x80, 0x3f, 0xfc,
    0xd, 0xa, 0x1, 0x92, 0xb9, 0x81, 0xf4, 0xc0,
    0x3f, 0xfc, 0x30, 0x75, 0xd9, 0xbf, 0x6a, 0xd,
    0xd0, 0x1, 0xff, 0xe4, 0xc9, 0x22, 0xcb, 0x3f,
    0x22, 0x1, 0xff, 0xe3,

    /* U+0068 "h" */
    0x0, 0xff, 0xe6, 0xad, 0xff, 0x59, 0x80, 0x7f,
    0xf3, 0x4b, 0x29, 0x54, 0x88, 0xc5, 0x0, 0xff,
    0xe5, 0xae, 0x9c, 0x75, 0x53, 0x8a, 0xc0, 0x3f,
    0xf9, 0x4f, 0x43, 0x8e, 0x1, 0xc, 0x89, 0x80,
    0x7f, 0xf2, 0x1e, 0x7, 0xc, 0x3, 0x90, 0x1c,
    0x3, 0xff, 0x8e, 0xf0, 0x38, 0x40, 0x1f, 0xfc,
    0xf4, 0x80, 0xd2, 0x0, 0xf8, 0x41, 0x40, 0x3f,
    0xf8, 0xa7, 0x61, 0x46, 0x1, 0xf9, 0x8, 0x40,
    0x3f, 0xf8, 0xbc, 0xe, 0xa0, 0x1f, 0xdf, 0x40,
    0x1f, 0xfc, 0x5a, 0x23, 0x80, 0xf, 0xe1, 0x46,
    0x0, 0xff, 0xe2, 0x32, 0x87, 0x0, 0x7f, 0xa5,
    0x84, 0x3, 0xff, 0x86, 0x52, 0x12, 0x40, 0x1f,
    0xc4, 0xb0, 0x1, 0xff, 0xc4, 0xe0, 0x46, 0x0,
    0xff, 0x4c, 0x80, 0x3f, 0xf8, 0x8e, 0x61, 0x20,
    0x1f, 0xe7, 0x34, 0x0, 0xff, 0xe1, 0x94, 0x4,
    0x90, 0x7, 0xf2, 0x6c, 0x0, 0x7f, 0xf1, 0x38,
    0xd, 0x80, 0x3f, 0x8f, 0xe8, 0x3, 0xff, 0x88,
    0xc6, 0x1c, 0x1, 0xfc, 0x73, 0x60, 0x1f, 0xfc,
    0x41, 0x80, 0x72, 0x0, 0xfc, 0x73, 0x40, 0x1f,
    0xfc, 0x59, 0x11, 0x40, 0x7, 0xe5, 0xba, 0x0,
    0xff, 0xe2, 0x93, 0x85, 0x80, 0x7e, 0x80, 0x80,
    0xf, 0xfe, 0x34, 0x1, 0xa8, 0x7, 0x8e, 0x64,
    0xa0, 0x1f, 0xfc, 0x63, 0x50, 0xf0, 0xf, 0x3b,
    0x48, 0x80, 0x7f, 0xf1, 0xfc, 0x14, 0xc0, 0x32,
    0xbb, 0x28, 0x7, 0xff, 0x21, 0x4c, 0x20, 0x2,
    0x56, 0x47, 0x10, 0xf, 0xfe, 0x4c, 0x3, 0x10,
    0xaa, 0x91, 0x84, 0x3, 0xff, 0x94, 0xc4, 0x18,
    0x84, 0xaa, 0x10, 0xf, 0xfe, 0x64, 0x6, 0x2a,
    0x18, 0xc6, 0xe8, 0xc0, 0x3f, 0xf9, 0x2c, 0x2c,
    0x60, 0x6, 0xe7, 0x22, 0x50, 0x7, 0xff, 0x26,
    0xc2, 0xc0, 0x15, 0x31, 0xca, 0x1, 0xff, 0xca,
    0x52, 0x52, 0x1c, 0x7d, 0x71, 0x70, 0xc0, 0xf,
    0xfe, 0x44, 0x84, 0x17, 0xbe, 0x90, 0x21, 0x2,
    0x0, 0x7f, 0xf1, 0xcc, 0xc8, 0x38, 0xf6, 0x1,
    0x78, 0x28, 0x80, 0x7e, 0x58, 0x0, 0xfe, 0x90,
    0x3c, 0x49, 0x0, 0x89, 0x2, 0x40, 0x3f, 0xc,
    0x48, 0x7, 0xe1, 0x50, 0x74, 0xa0, 0xd, 0x60,
    0x46, 0x1, 0xfa, 0xec, 0x20, 0x1f, 0x98, 0x0,
    0x34, 0x1, 0xcc, 0x16, 0x1, 0xf9, 0x85, 0x80,
    0x3f, 0xa8, 0x1, 0x42, 0x1, 0x98, 0x5, 0x80,
    0x3e, 0x38, 0xa0, 0xf, 0xe3, 0x20, 0x54, 0x0,
    0xed, 0x7, 0x0, 0xf8, 0xb7, 0x42, 0x1, 0xfd,
    0x40, 0xb, 0x0, 0xf2, 0x5, 0x0, 0x78, 0xb2,
    0xc, 0x3, 0xfc, 0xe0, 0xe2, 0x1, 0xc4, 0x0,
    0x30, 0xe, 0x2c, 0x96, 0x0, 0xff, 0x8, 0x82,
    0x40, 0x3c, 0xc0, 0x60, 0x1c, 0x79, 0x2e, 0x1,
    0xff, 0xc0, 0x17, 0x10, 0xf, 0x30, 0x7, 0x9b,
    0x6d, 0xc0, 0x3f, 0xf8, 0x3, 0xd0, 0x1, 0xf1,
    0x19, 0x90, 0xe, 0xeb, 0x14, 0x3, 0xff, 0x99,
    0xa7, 0x7d, 0xfd, 0x84, 0x1, 0xff, 0xcd, 0x1c,
    0xfe, 0xc5, 0x0, 0xff, 0xe2, 0x0,

    /* U+0069 "i" */
    0x0, 0xff, 0x88, 0x3, 0xff, 0x8d, 0x3b, 0x20,
    0x1f, 0xfc, 0x45, 0x60, 0xf, 0xfe, 0x35, 0x81,
    0xc8, 0x7, 0xff, 0x10, 0x93, 0x0, 0x3f, 0xf8,
    0xb9, 0x60, 0x1f, 0xfe, 0xa8, 0xe5, 0x0, 0xff,
    0xe2, 0x33, 0x88, 0x80, 0x3f, 0xf8, 0x65, 0x20,
    0xe8, 0x1, 0xfe, 0x94, 0x0, 0xb8, 0x12, 0x0,
    0x3f, 0xd6, 0x28, 0x0, 0x53, 0x1a, 0x0, 0xfe,
    0x2d, 0xd4, 0x0, 0x56, 0x10, 0x20, 0x1f, 0x93,
    0x21, 0x80, 0x25, 0x11, 0x30, 0x7, 0xe7, 0xad,
    0x50, 0xd, 0xc0, 0xc0, 0x1f, 0xd, 0xd6, 0x18,
    0x7, 0x28, 0x58, 0x7, 0x93, 0xc7, 0x48, 0x3,
    0xc2, 0x2, 0x1, 0x86, 0x6e, 0x28, 0x3, 0xf1,
    0x3, 0x80, 0x4f, 0xe9, 0x8c, 0x1, 0xfd, 0x41,
    0x73, 0x5f, 0x32, 0xd3, 0x0, 0xff, 0x3c, 0x9b,
    0x32, 0x3d, 0xc0, 0x3f, 0xe0,

    /* U+006A "j" */
    0x0, 0xff, 0xf1, 0x3a, 0x0, 0x7f, 0xf9, 0xd6,
    0x2c, 0x3, 0xff, 0xcf, 0x0, 0x80, 0x1f, 0xfe,
    0x63, 0x21, 0xa0, 0xf, 0xff, 0x31, 0xc6, 0x8,
    0x7, 0xff, 0x9d, 0xc8, 0x3, 0xff, 0xca, 0x39,
    0x60, 0x1f, 0xfe, 0x79, 0x37, 0x0, 0xff, 0xf3,
    0xb0, 0x40, 0x7, 0xff, 0x99, 0xc4, 0xd0, 0x3,
    0xe2, 0x10, 0xf, 0xfe, 0xec, 0x87, 0x80, 0x7c,
    0x5e, 0x1, 0xff, 0xdd, 0x61, 0x53, 0x0, 0xf1,
    0x7f, 0x8, 0x7, 0xff, 0x72, 0x2, 0x0, 0x3c,
    0x5f, 0x26, 0x1, 0xff, 0xdc, 0x51, 0x52, 0x0,
    0xe5, 0xfe, 0x40, 0xf, 0xfe, 0xec, 0x4, 0x0,
    0x74, 0xf6, 0x18, 0x7, 0xff, 0x75, 0x49, 0x88,
    0x2, 0x3d, 0xeb, 0x10, 0xf, 0xfe, 0xf4, 0x84,
    0x0, 0x51, 0xfe, 0x70, 0xf, 0xfe, 0xfa, 0x1b,
    0x8, 0x26, 0xfe, 0x10, 0x7, 0xff, 0x82, 0x2,
    0xa, 0xfb, 0x1c, 0x3, 0xff, 0xc2, 0x86, 0xd3,
    0xfe, 0xa1, 0x0, 0xff, 0xf1, 0x40, 0x3f, 0xea,
    0x0, 0x7f, 0xf8, 0xd0, 0xd3, 0xdc, 0x3, 0xff,
    0xc8, 0xf6, 0x36, 0x20, 0x1f, 0xfe, 0x34, 0x9e,
    0x9, 0x0, 0xff, 0xf1, 0x8c, 0x94, 0xb8, 0xb8,
    0x7, 0xff, 0x89, 0x6e, 0x19, 0x83, 0x0, 0x1f,
    0xfe, 0x11, 0xa3, 0xa1, 0x8, 0x16, 0x0, 0xff,
    0xf0, 0x2d, 0xd9, 0x80, 0xc, 0x30, 0x1, 0xff,
    0xe0, 0x92, 0xa1, 0x0, 0xa0, 0x98, 0x3, 0xff,
    0xbc, 0x79, 0x4e, 0x1, 0x98, 0x60, 0x3, 0xff,
    0xbc, 0xd1, 0xa6, 0x1, 0xd0, 0x4a, 0x1, 0xff,
    0xdd, 0x9f, 0xb1, 0x0, 0xe6, 0x18, 0x0, 0xff,
    0xee, 0xe, 0x7c, 0x80, 0x7d, 0x6, 0xa0, 0x1f,
    0xfd, 0xb2, 0xd8, 0x60, 0xf, 0x9c, 0x60, 0x3,
    0xff, 0xb6, 0x7f, 0xe4, 0x0, 0xfd, 0x28, 0x80,
    0xf, 0xfe, 0xd2, 0x77, 0x98, 0x7, 0xe7, 0x18,
    0x0, 0xff, 0xed, 0x24, 0xe1, 0x0, 0x7e, 0x18,
    0x53, 0x0, 0xff, 0xec, 0xa4, 0xe0, 0x80, 0x7f,
    0x48, 0x40, 0x7, 0xff, 0x65, 0x27, 0xc4, 0x3,
    0xf8, 0x5d, 0x88, 0x3, 0xff, 0xb0, 0x75, 0xe4,
    0x1, 0xfe, 0x80, 0x80, 0xf, 0xfe, 0xc1, 0x6e,
    0x88, 0x3, 0xfc, 0x4c, 0xe2, 0x1, 0xff, 0xd7,
    0x1f, 0xa3, 0x0, 0xff, 0xa4, 0x60, 0x3, 0xff,
    0xb1, 0xb4, 0x80, 0x1f, 0xf2, 0x22, 0x0, 0x3f,
    0xfb, 0x12, 0xae, 0x1, 0xff, 0xc0, 0x82, 0x60,
    0xf, 0xfe, 0xba, 0xaa, 0x40, 0x3f, 0xf8, 0xc,
    0x72, 0x1, 0xff, 0xd7, 0x1b, 0xe0, 0xf, 0xfe,
    0xc, 0x22, 0x0, 0x3f, 0xfa, 0xfb, 0x4, 0x1,
    0xff, 0xc0, 0x81, 0x90, 0xf, 0xfe, 0xbb, 0xb3,
    0x0, 0x3f, 0xf8, 0x4, 0xee, 0x20, 0xf, 0xfe,
    0xb1, 0x4d, 0x80, 0x7f, 0xf0, 0x64, 0xa0, 0x3,
    0xff, 0xaf, 0xd6, 0x20, 0x1f, 0xfc, 0x5, 0x49,
    0x0, 0xff, 0xeb, 0xb3, 0xa8, 0x7, 0xff, 0x6,
    0xd1, 0x0, 0x1f, 0xfd, 0x78, 0x80, 0x7, 0xff,
    0x6, 0x46, 0x80, 0x3f, 0xfa, 0xee, 0x86, 0x1,
    0xff, 0xc0, 0x36, 0x91, 0x0, 0xff, 0xeb, 0xc,
    0xc0, 0x7, 0xff, 0x7, 0x91, 0x80, 0x3f, 0xfa,
    0xec, 0xa4, 0x1, 0xff, 0xc0, 0x82, 0x90, 0xf,
    0xfe, 0xc4, 0xf8, 0x7, 0xff, 0x1, 0x1e, 0x48,
    0x3, 0xff, 0xae, 0x80, 0x80, 0x1f, 0xf0, 0xd2,
    0xb0, 0x7, 0xff, 0x63, 0x98, 0x3, 0xff, 0x81,
    0x47, 0x60, 0x1f, 0xfd, 0x95, 0xb0, 0xf, 0xfa,
    0x13, 0x84, 0x3, 0xff, 0xb0, 0x60, 0x60, 0x1f,
    0xe6, 0x79, 0x30, 0xf, 0xfe, 0xca, 0x20, 0x3,
    0xfc, 0x92, 0xcc, 0x0, 0xff, 0xed, 0x69, 0x80,
    0x7f, 0x25, 0xa4, 0x80, 0x7f, 0xf6, 0xc7, 0x80,
    0x3f, 0x25, 0x9d, 0x80, 0x7f, 0xf7, 0x1c, 0x3,
    0xf3, 0x59, 0xe0, 0x7, 0xff, 0x75, 0xf8, 0x3,
    0xd1, 0x29, 0x80, 0x1f, 0xfd, 0xec, 0x40, 0xc,
    0x58, 0xee, 0xb0, 0xf, 0xfe, 0xfb, 0x1c, 0x9a,
    0x56, 0x8e, 0x40, 0x7, 0xff, 0x80, 0x71, 0x72,
    0x82, 0xb4, 0xc0, 0x3f, 0xfc, 0x20,

    /* U+006B "k" */
    0x0, 0xff, 0xe7, 0x1d, 0x6f, 0xc8, 0x7, 0xff,
    0x34, 0x67, 0x1a, 0x2d, 0x88, 0x3, 0xff, 0x96,
    0x58, 0xd3, 0x8a, 0x84, 0x20, 0x1f, 0xfc, 0xa2,
    0xc2, 0xc6, 0x0, 0x9, 0x18, 0x7, 0xff, 0x24,
    0xb0, 0x70, 0xc0, 0x26, 0x40, 0xf, 0xfe, 0x57,
    0x8d, 0x18, 0x6, 0x9f, 0x0, 0xff, 0xe4, 0xd1,
    0x32, 0x80, 0x68, 0x54, 0x0, 0xff, 0xe4, 0x32,
    0x94, 0x80, 0x62, 0x79, 0x0, 0xff, 0xe4, 0x14,
    0x87, 0x80, 0x74, 0xb9, 0x0, 0x7f, 0xf2, 0x38,
    0x20, 0x80, 0x33, 0xb4, 0x0, 0x7f, 0xf2, 0x1c,
    0xcc, 0xe0, 0x18, 0xa3, 0x80, 0x3f, 0xf9, 0x5,
    0x1, 0xe0, 0x1d, 0xf2, 0x60, 0x1f, 0xfc, 0x8e,
    0x7, 0x30, 0xd, 0x2e, 0xc0, 0x1f, 0xfc, 0x86,
    0x31, 0x80, 0xc, 0xa9, 0x40, 0x1f, 0xfc, 0x81,
    0x80, 0xb0, 0xc, 0x57, 0xe0, 0x1f, 0xfc, 0x98,
    0x13, 0x50, 0xd, 0xf6, 0x40, 0x1f, 0xfc, 0x83,
    0x60, 0xf0, 0xd, 0x6a, 0xa0, 0xf, 0xfe, 0x4f,
    0x83, 0x18, 0x5, 0x3, 0x0, 0x1f, 0xfc, 0x95,
    0x30, 0x80, 0x9, 0x52, 0x80, 0x3f, 0xf9, 0x50,
    0xe, 0x20, 0x2, 0x8d, 0x0, 0xff, 0xe5, 0x39,
    0xc, 0x0, 0x7, 0xf8, 0x40, 0x3f, 0xf9, 0x52,
    0x10, 0x1, 0x6c, 0x18, 0x7, 0xff, 0x2a, 0x4,
    0x98, 0x1, 0x36, 0xa0, 0x1f, 0xfc, 0xa1, 0x70,
    0x80, 0x3, 0x83, 0x80, 0x7f, 0xf2, 0xe4, 0x9,
    0x41, 0x72, 0x40, 0x3f, 0xf9, 0x62, 0xe1, 0x0,
    0x73, 0x60, 0x1f, 0xfc, 0xc8, 0x3, 0x51, 0xfd,
    0x0, 0xff, 0xe6, 0xb, 0x4, 0x6, 0xf0, 0x80,
    0x7f, 0xf3, 0x20, 0xd, 0x2f, 0xc8, 0x3, 0xff,
    0x98, 0x2c, 0x11, 0x3c, 0x60, 0x1f, 0xfc, 0xd9,
    0x3, 0x37, 0x28, 0x7, 0xff, 0x34, 0x5c, 0x1b,
    0x9c, 0x3, 0xff, 0x9d, 0x20, 0x14, 0x94, 0x67,
    0x48, 0x7, 0xff, 0x29, 0x80, 0xe2, 0xb4, 0x7c,
    0x98, 0x80, 0x3f, 0xf9, 0xe, 0x25, 0x7a, 0xfb,
    0x36, 0x66, 0x20, 0xf, 0xf0, 0x90, 0x7, 0xe9,
    0x6, 0x84, 0xd3, 0xb7, 0x2d, 0x0, 0xff, 0xe,
    0xb0, 0x7, 0xca, 0x20, 0x8d, 0x69, 0xe8, 0xb8,
    0x20, 0x1f, 0xc7, 0xbe, 0x80, 0x1f, 0x40, 0x0,
    0xee, 0xac, 0x2a, 0x82, 0x1, 0xfc, 0xdf, 0xa6,
    0x1, 0xf2, 0x10, 0x5, 0xaa, 0xfc, 0xa0, 0x1f,
    0xc5, 0x9d, 0x82, 0x1, 0xfb, 0xc0, 0x23, 0x4d,
    0x80, 0xf, 0xe1, 0x9f, 0x88, 0x0, 0x7f, 0x12,
    0x0, 0x4f, 0x64, 0x1, 0xf8, 0x63, 0xc7, 0x50,
    0x3, 0xfd, 0x60, 0x5, 0x46, 0x30, 0xf, 0x92,
    0x78, 0xb2, 0x0, 0x3f, 0xf8, 0xc, 0xf, 0x56,
    0xb9, 0x4c, 0x8a, 0xf5, 0xd6, 0x1b, 0x44, 0x1,
    0xff, 0xc0, 0x21, 0x88, 0x0, 0x2e, 0xc1, 0x17,
    0x6a, 0x3b, 0xf9, 0x20, 0xf, 0xfe, 0x10,

    /* U+006C "l" */
    0x0, 0xff, 0xe8, 0x1d, 0x6d, 0x8, 0x7, 0xff,
    0x3c, 0x6b, 0x14, 0x96, 0x0, 0x3f, 0xf9, 0xc5,
    0xea, 0x33, 0xd0, 0xe0, 0x1f, 0xfc, 0xd4, 0xd1,
    0x4f, 0x61, 0x61, 0x0, 0xff, 0xe6, 0x1d, 0x82,
    0xd8, 0x80, 0x7f, 0xf3, 0xcb, 0x41, 0xa8, 0x3,
    0x18, 0x80, 0x7f, 0xf2, 0x87, 0xc5, 0x64, 0x3,
    0x9d, 0x40, 0x3f, 0xf9, 0x54, 0x49, 0x40, 0x1e,
    0xcc, 0x0, 0x7f, 0xf2, 0x65, 0xe, 0xc0, 0x3e,
    0x44, 0x0, 0x7f, 0xf2, 0x15, 0x87, 0x40, 0x3e,
    0x23, 0x30, 0x7, 0xff, 0x1c, 0xa8, 0x34, 0x40,
    0x3e, 0x57, 0x0, 0xff, 0xe4, 0x78, 0x49, 0x80,
    0x7e, 0xaa, 0x0, 0x7f, 0xf1, 0xe8, 0x95, 0x80,
    0x3f, 0x28, 0x98, 0x7, 0xff, 0x19, 0x94, 0xa8,
    0x3, 0xfa, 0x60, 0x3, 0xff, 0x8c, 0x52, 0x1e,
    0x1, 0xfc, 0x80, 0x80, 0x1f, 0xfc, 0x6f, 0x9,
    0x20, 0xf, 0xe9, 0x80, 0xf, 0xfe, 0x34, 0x92,
    0xb0, 0x7, 0xf3, 0x31, 0x0, 0x3f, 0xf8, 0xa8,
    0xc3, 0x60, 0x1f, 0xc3, 0x12, 0x1, 0xff, 0xc5,
    0x1a, 0xa, 0x10, 0xf, 0xeb, 0x92, 0x0, 0xff,
    0xe2, 0xd8, 0xb2, 0x0, 0x7f, 0x2b, 0xb8, 0x3,
    0xff, 0x8a, 0xaa, 0x19, 0x0, 0xfe, 0x1b, 0xe0,
    0xf, 0xfe, 0x28, 0xd8, 0x50, 0x7, 0xfa, 0xa4,
    0xc0, 0x3f, 0xf8, 0xb6, 0x2c, 0x80, 0x1f, 0xce,
    0xe, 0x1, 0xff, 0xc5, 0x45, 0x18, 0x0, 0xfe,
    0x4a, 0xa0, 0x7, 0xff, 0x1a, 0x42, 0xc4, 0x3,
    0xf1, 0x57, 0x8, 0x7, 0xff, 0x16, 0x9, 0x14,
    0x3, 0xf0, 0xfd, 0x98, 0x7, 0xff, 0x14, 0xdc,
    0x24, 0x3, 0xfb, 0x69, 0x40, 0x3f, 0xf8, 0xde,
    0xe, 0x40, 0x1f, 0xa9, 0x5c, 0x3, 0xff, 0x8c,
    0xa6, 0x32, 0x1, 0xfa, 0x86, 0x40, 0x3f, 0xf8,
    0xf6, 0x12, 0x20, 0x1f, 0x50, 0xd8, 0x7, 0xff,
    0x1d, 0xc4, 0x9c, 0x3, 0xea, 0x1b, 0x0, 0xff,
    0xe4, 0x48, 0x40, 0x7, 0xd6, 0x16, 0x1, 0xff,
    0xc8, 0x71, 0x25, 0x0, 0xe1, 0xc3, 0xa0, 0xf,
    0xfe, 0x4c, 0x84, 0x0, 0x71, 0xfd, 0x40, 0x7,
    0xff, 0x25, 0xc4, 0x94, 0x3, 0x36, 0xd3, 0x0,
    0x7f, 0xf2, 0xa4, 0x2c, 0x3, 0x55, 0x31, 0x0,
    0x3b, 0x8, 0x3, 0xff, 0x86, 0xa2, 0x26, 0x0,
    0x27, 0x1e, 0x10, 0x7, 0x3a, 0x90, 0x7, 0xff,
    0xe, 0x41, 0x80, 0x66, 0xa9, 0x20, 0x1e, 0x2a,
    0x90, 0xf, 0xfe, 0x18, 0x98, 0x53, 0xf9, 0xfa,
    0x0, 0x7d, 0xd2, 0x1, 0xff, 0xc4, 0x60, 0x1f,
    0xbd, 0xa1, 0x0, 0xfa, 0x11, 0x0, 0x1f, 0xfc,
    0x4b, 0x0, 0x46, 0x18, 0x7, 0xe4, 0x44, 0x0,
    0x7f, 0xf1, 0x4c, 0x31, 0x40, 0x3f, 0x8a, 0xb8,
    0x3, 0xff, 0x8a, 0x60, 0x24, 0x1, 0xfc, 0x3f,
    0x44, 0x1, 0xff, 0xc5, 0x60, 0x40, 0xf, 0xf6,
    0xd2, 0x0, 0x7f, 0xf1, 0x88, 0x8, 0x3, 0xfa,
    0xd5, 0xc0, 0x3f, 0xf8, 0xe2, 0x1c, 0x1, 0xfa,
    0xc6, 0x40, 0x3f, 0xf9, 0x4, 0x2, 0x1, 0xe2,
    0xc2, 0xa0, 0xf, 0xfe, 0x4a, 0x86, 0x0, 0x72,
    0xe5, 0xc8, 0x7, 0xff, 0x28, 0x5d, 0x20, 0x88,
    0xd9, 0x74, 0xe0, 0x1f, 0xfc, 0xc8, 0x77, 0x6e,
    0xae, 0xdc, 0x80, 0x1f, 0xfc, 0xe8, 0xfc, 0xed,
    0x70, 0xf, 0xfe, 0x70,

    /* U+006D "m" */
    0x0, 0xc9, 0xc6, 0x1, 0xff, 0xc7, 0x91, 0xed,
    0xe4, 0x0, 0xff, 0xe1, 0xa9, 0x0, 0x43, 0xc0,
    0x1f, 0xe2, 0x20, 0x5, 0x20, 0xf, 0x10, 0xc0,
    0xf, 0xf7, 0x0, 0x48, 0x61, 0x20, 0x62, 0xc1,
    0x10, 0x0, 0xf4, 0xd1, 0x0, 0x3c, 0xd, 0x94,
    0x18, 0x2d, 0xdc, 0x1, 0xca, 0x6c, 0x0, 0x24,
    0x8, 0xb, 0xa, 0x85, 0x5, 0x0, 0xc5, 0x34,
    0x1, 0x58, 0x22, 0x4, 0xd1, 0xde, 0xe, 0x0,
    0x87, 0xb8, 0x1, 0x98, 0x20, 0x8, 0x1e, 0xa4,
    0x85, 0x0, 0x2a, 0xf2, 0x0, 0x94, 0xc, 0xc0,
    0x20, 0x6c, 0xd2, 0x0, 0x6, 0xe0, 0xc0, 0x30,
    0x8a, 0x0, 0x5, 0x54, 0x90, 0x76, 0x26, 0xd8,
    0x30, 0xe, 0x4e, 0x40, 0x9, 0x54, 0x0, 0xb7,
    0xe1, 0xc3, 0x0, 0xf0,

    /* U+006E "n" */
    0x0, 0xf1, 0x30, 0x7, 0xff, 0x10, 0x72, 0x4c,
    0x3, 0xff, 0x87, 0x42, 0xa6, 0x1, 0xff, 0xc2,
    0x54, 0x1b, 0x8e, 0x90, 0xf, 0x20, 0x7, 0x58,
    0x5d, 0x9c, 0x5c, 0x3, 0x9b, 0x80, 0x34, 0x89,
    0x92, 0x88, 0x28, 0x6, 0x5d, 0xa0, 0x8, 0x98,
    0x2a, 0x28, 0x43, 0xc0, 0x24, 0x9b, 0x0, 0xd2,
    0xb, 0x14, 0x40, 0x28, 0x0, 0x39, 0xd0, 0xc,
    0x88, 0x7, 0x95, 0xc0, 0x60, 0x1, 0xf7, 0x88,
    0x6, 0x80, 0x3, 0xb8, 0x14, 0x30, 0xf, 0xbc,
    0x80, 0x31, 0x98, 0xa, 0x80, 0x2, 0xe, 0xdf,
    0xe2, 0x0, 0xea, 0x0, 0x78, 0x4, 0xc1, 0x9f,
    0x84, 0x1, 0xee, 0x1b, 0x20, 0xa, 0x77, 0xa4,
    0x3, 0xf0,

    /* U+006F "o" */
    0x0, 0xfe, 0x32, 0x0, 0xff, 0xe1, 0x26, 0xeb,
    0xb9, 0xb0, 0x1, 0xff, 0xc0, 0x7b, 0x22, 0x36,
    0xf3, 0x80, 0x7f, 0xcf, 0x0, 0x16, 0x0, 0x90,
    0x80, 0x7f, 0x34, 0x0, 0x7, 0x90, 0x4, 0xc4,
    0x3, 0x85, 0x80, 0xa4, 0xd, 0x8, 0x40, 0xc,
    0xe0, 0x1c, 0x5a, 0x61, 0x20, 0x3a, 0x64, 0x0,
    0x19, 0xb0, 0x8, 0x63, 0xe1, 0x49, 0x2, 0x6,
    0x42, 0xca, 0x9c, 0x81, 0x27, 0xc3, 0x50, 0x14,
    0x0, 0xc0, 0x3e, 0x1a, 0x88, 0xef, 0x8f, 0xf4,
    0x0, 0x5c, 0xa, 0x1, 0xf, 0x8d, 0x4e, 0xfe,
    0x30, 0x80, 0x61, 0x3, 0x0, 0x96, 0xa8, 0xa8,
    0x60, 0x1f, 0xa8, 0x1c, 0x45, 0x37, 0xa8, 0x1,
    0xff, 0x15, 0x7, 0x70, 0x3c, 0xc0, 0x3f, 0xf8,
    0x2b, 0xdc, 0xf9, 0x10, 0xf, 0xfe, 0x8,

    /* U+0070 "p" */
    0x0, 0xff, 0xe7, 0x26, 0x7c, 0x0, 0x7f, 0xf4,
    0x11, 0x40, 0xf, 0x34, 0xe, 0x1, 0xff, 0xcf,
    0x2b, 0xa0, 0x7b, 0xc4, 0x0, 0xff, 0xe8, 0xd8,
    0x2a, 0xab, 0x46, 0x81, 0x0, 0x3a, 0x8c, 0x3,
    0xff, 0x8e, 0x2c, 0x19, 0x7e, 0x20, 0xc1, 0xa0,
    0x1a, 0x88, 0xc0, 0x3f, 0xf8, 0xec, 0x9, 0x16,
    0x40, 0xe2, 0x26, 0x0, 0xd, 0x94, 0x0, 0x7f,
    0xf2, 0x24, 0x19, 0xd4, 0x6, 0x42, 0x40, 0xb,
    0x9d, 0x0, 0x1f, 0xfc, 0x86, 0x10, 0x4, 0x80,
    0x2c, 0x44, 0xcc, 0xdf, 0xf2, 0x80, 0x7f, 0xf2,
    0x6c, 0x1, 0xc0, 0x4, 0x50, 0x7, 0xfb, 0xa8,
    0x80, 0x3f, 0xf9, 0x28, 0x40, 0xc4, 0xf9, 0x60,
    0x99, 0xd2, 0x60, 0x1f, 0xfc, 0xbf, 0x1, 0xcf,
    0xd2, 0x2, 0xb2, 0x0, 0xff, 0xe6, 0x92, 0x4,
    0xd5, 0x88, 0xde, 0x1, 0xff, 0xcf, 0xb0, 0x40,
    0x5, 0x20, 0xe1, 0x0, 0x7f, 0xf3, 0x85, 0x82,
    0x4c, 0x0, 0x78, 0x40, 0x1f, 0xfc, 0xf6, 0x6,
    0x24, 0xed, 0xc2, 0x0, 0xff, 0xe8, 0x48, 0xc0,
    0x0, 0x48, 0x3, 0xff, 0xa2, 0xc3, 0x2, 0x1,
    0xff, 0xd5, 0x82, 0x60, 0xf, 0xfe, 0xac, 0xc,
    0x80, 0x7f, 0xf5, 0x49, 0xcd, 0x0, 0x3f, 0xfa,
    0xb2, 0x12, 0x1, 0xff, 0xd5, 0x44, 0x12, 0x80,
    0x7f, 0xf5, 0x64, 0x2c, 0x3, 0xff, 0xaa, 0xc4,
    0x2c, 0x1, 0xff, 0xd5, 0x80, 0x80, 0xf, 0xfe,
    0xab, 0x88, 0x98, 0x3, 0xff, 0xab, 0x21, 0x20,
    0x1f, 0xfd, 0x58, 0x10, 0x60, 0xf, 0xfe, 0xa0,
    0xb8, 0x38, 0x80, 0x7f, 0xf5, 0x20, 0x1, 0x20,
    0x1f, 0xfd, 0x41, 0x60, 0x61, 0x0, 0xff, 0xea,
    0x48, 0x2, 0xc0, 0x3f, 0xfa, 0x82, 0xe0, 0x84,
    0x1, 0xff, 0xd4, 0x90, 0x4, 0x0, 0x7f, 0xf5,
    0x5, 0xc0, 0xcc, 0x1, 0xff, 0xd4, 0x60, 0x4,
    0x80, 0x7f, 0xf5, 0x64, 0x9, 0x40, 0x3f, 0xfa,
    0x8c, 0x21, 0x60, 0x1f, 0xfd, 0x5b, 0x1, 0x60,
    0xf, 0xfe, 0xa2, 0x10, 0x30, 0x7, 0xff, 0x57,
    0xc0, 0x12, 0x1, 0xff, 0xd4, 0x14, 0x5, 0x10,
    0xf, 0xfe, 0xa4, 0x80, 0x24, 0x3, 0xff, 0xaa,
    0xc0, 0x46, 0x1, 0xff, 0xd4, 0x31, 0xb, 0x0,
    0xff, 0xea, 0xd8, 0x1, 0x80, 0x3f, 0xfa, 0xa4,
    0xa, 0x1, 0xff, 0xd6, 0xe1, 0xe0, 0xf, 0xfe,
    0xb0,

    /* U+0071 "q" */
    0x0, 0xff, 0xe5, 0x9a, 0x90, 0x7, 0xff, 0x49,
    0xfb, 0x2b, 0x5c, 0x3, 0xff, 0x9e, 0x59, 0x1,
    0x1d, 0x51, 0x40, 0x1f, 0xfc, 0xd2, 0xc3, 0x4f,
    0x71, 0xd0, 0x30, 0xe, 0x44, 0x0, 0x7f, 0xf1,
    0x47, 0xc5, 0xec, 0x40, 0x9c, 0x60, 0x3, 0x4c,
    0x30, 0x7, 0xff, 0x17, 0x49, 0xe0, 0x2, 0xe0,
    0x81, 0x0, 0x26, 0xfe, 0x10, 0x7, 0xff, 0x11,
    0xcc, 0xd0, 0x1, 0x49, 0x99, 0x80, 0x6b, 0xf1,
    0x80, 0x3f, 0xf8, 0xd2, 0x1e, 0x1, 0x3b, 0x7,
    0x82, 0xe7, 0xd8, 0x80, 0x7f, 0xf1, 0x94, 0x48,
    0xc0, 0xd, 0x0, 0x85, 0x5f, 0x8a, 0x1, 0xff,
    0xc8, 0xd0, 0x70, 0x4, 0x48, 0x3, 0x31, 0xf4,
    0x20, 0x1f, 0xfc, 0x9f, 0x4, 0x5c, 0x73, 0x0,
    0x66, 0x14, 0x3, 0xff, 0x96, 0xa0, 0x34, 0x3a,
    0x41, 0x36, 0x20, 0x1f, 0xfc, 0xc2, 0xd8, 0xbd,
    0xa1, 0x36, 0x0, 0xfc, 0x44, 0x0, 0xff, 0xe2,
    0x93, 0xb6, 0x38, 0x48, 0x7, 0xcd, 0x9b, 0xa0,
    0xf, 0xfe, 0x33, 0x65, 0x0, 0xa8, 0x7, 0x36,
    0xea, 0x78, 0x84, 0x3, 0xff, 0x86, 0x37, 0xbe,
    0x0, 0x60, 0xc, 0x9b, 0x9f, 0x6a, 0x0, 0x10,
    0xf, 0xfe, 0x12, 0x7e, 0x58, 0xd0, 0x50, 0x0,
    0xaf, 0xfd, 0x44, 0x0, 0x9a, 0x0, 0xff, 0xe1,
    0x44, 0xeb, 0x80, 0x99, 0x88, 0x23, 0xfd, 0x64,
    0x1, 0xb, 0x30, 0x3, 0xff, 0x80, 0x58, 0x5a,
    0x60, 0x7, 0xb, 0x5d, 0xfd, 0x40, 0xe, 0x96,
    0x10, 0xf, 0xf9, 0x32, 0x68, 0x3, 0x68, 0x57,
    0xe3, 0x80, 0x78, 0x9a, 0x0, 0x3f, 0xe8, 0x9c,
    0x50, 0xc, 0x28, 0x33, 0x42, 0x1, 0xf4, 0xc0,
    0x7, 0xf8, 0x6c, 0xb4, 0x80, 0x33, 0x78, 0x32,
    0x0, 0x7e, 0x50, 0x60, 0xf, 0xe3, 0xcd, 0xa0,
    0xc, 0x79, 0xa8, 0x18, 0x1, 0xf8, 0x62, 0x80,
    0x3f, 0x97, 0xb8, 0xc0, 0x10, 0xce, 0xcd, 0xb0,
    0x20, 0x7, 0xeb, 0xb0, 0x80, 0x7e, 0x79, 0xc3,
    0x0, 0x9b, 0xc7, 0x94, 0xc, 0xc0, 0x1f, 0x98,
    0x58, 0x3, 0xf4, 0xee, 0x8, 0x1, 0x37, 0x59,
    0x0, 0x3, 0x6, 0x0, 0xf8, 0xee, 0x80, 0x3f,
    0x48, 0x50, 0x0, 0xee, 0x62, 0xc8, 0x2, 0x50,
    0xd0, 0xf, 0xf, 0x70, 0x40, 0x3e, 0x71, 0x90,
    0x3b, 0xdd, 0x94, 0x3, 0xb8, 0xc, 0x3, 0xd5,
    0x43, 0x0, 0xf8, 0xee, 0x57, 0x37, 0x5c, 0xc0,
    0x1f, 0x10, 0x30, 0x7, 0x40, 0x38, 0x7, 0xe5,
    0x3e, 0xe4, 0xf3, 0x0, 0x7f, 0x8, 0x10, 0x6,
    0x74, 0xb0, 0xf, 0xe6, 0xff, 0x5a, 0x80, 0x7f,
    0xf1, 0x5a, 0xb4, 0x3, 0xff, 0xa7, 0x10, 0xf1,
    0x0, 0xff, 0xe7, 0x10, 0x20, 0xd2, 0xe1, 0x0,
    0x7f, 0xf3, 0xf4, 0x2f, 0x9b, 0x8, 0x3, 0xff,
    0xa0, 0x8a, 0x2f, 0x82, 0x1, 0xff, 0xc1,

    /* U+0072 "r" */
    0x0, 0xf6, 0xe1, 0x67, 0x8, 0x7, 0xfc, 0xe4,
    0xd8, 0x42, 0xa0, 0x1f, 0xf4, 0x83, 0x87, 0x90,
    0x80, 0x7f, 0x98, 0x44, 0x54, 0x2d, 0xa0, 0x1f,
    0xeb, 0x1, 0x64, 0xc, 0x50, 0xd, 0x84, 0x1,
    0x21, 0x0, 0xc0, 0x1, 0x8e, 0x40, 0x15, 0x64,
    0x1, 0x78, 0x2, 0xc4, 0x0, 0x38, 0x7b, 0x7e,
    0xe0, 0x11, 0x20, 0x22, 0x80, 0x62, 0xad, 0xb5,
    0x0, 0xd6, 0x0, 0x90, 0xf, 0xfe, 0x8, 0xb0,
    0x39, 0x0, 0x7f, 0xf0, 0x64, 0x6, 0x0, 0x3f,
    0xf8, 0x4c, 0x10, 0x1, 0xff, 0xc3, 0x24, 0x60,
    0xf, 0xfe, 0x10,

    /* U+0073 "s" */
    0x0, 0xe6, 0xcf, 0xf5, 0x8, 0x7, 0xfd, 0x52,
    0x60, 0x2b, 0xa0, 0x1f, 0xe4, 0x50, 0x6e, 0xe6,
    0x90, 0x7, 0xfb, 0x41, 0x64, 0x41, 0x68, 0x3,
    0xa5, 0x0, 0x3b, 0x80, 0x27, 0x40, 0x8, 0xf3,
    0x90, 0x2, 0xc0, 0x20, 0xf, 0x1d, 0xc7, 0x38,
    0x6, 0x50, 0xc0, 0x8, 0x9f, 0x26, 0x2c, 0x80,
    0x3c, 0xca, 0x4f, 0x92, 0x39, 0x46, 0x1, 0xf8,
    0x43, 0xc3, 0x6d, 0x80, 0x3f, 0x9f, 0x44, 0x15,
    0xc4, 0x3, 0xf8, 0x73, 0xb2, 0x40, 0x3f, 0xf8,
    0x36, 0x92, 0x28, 0x1a, 0x1, 0xff, 0x3f, 0x2,
    0xd1, 0x28, 0x7, 0xfd, 0x10, 0xfa, 0x5c, 0x0,
    0xff, 0xe0, 0x2f, 0x73, 0xec, 0x40, 0x3f, 0xf8,
    0x0,

    /* U+0074 "t" */
    0x0, 0xff, 0xe9, 0x8, 0x7, 0xff, 0xa5, 0xf8,
    0x3, 0xff, 0xd0, 0x90, 0x20, 0x1f, 0xfe, 0x71,
    0xa1, 0xb0, 0xf, 0xff, 0x3e, 0x8d, 0x28, 0x7,
    0xff, 0x9a, 0xd, 0x90, 0x3, 0xff, 0xcc, 0x8e,
    0x52, 0x1, 0xff, 0xe6, 0x1a, 0xe, 0x0, 0xff,
    0x9, 0xab, 0x44, 0xde, 0x6f, 0x76, 0xdc, 0x80,
    0xf, 0xfe, 0x6d, 0xb, 0x98, 0x4, 0x4a, 0xf3,
    0x7b, 0xfd, 0xcf, 0xef, 0xc8, 0xec, 0xee, 0xdb,
    0x92, 0x1, 0xff, 0xcb, 0x17, 0x40, 0xe8, 0xbd,
    0xfd, 0xbb, 0x6, 0xcf, 0x7e, 0xd4, 0x3a, 0x99,
    0x8, 0x7, 0x84, 0x3, 0xff, 0x8c, 0x29, 0x17,
    0xdc, 0x80, 0x4, 0xa8, 0xd5, 0xf7, 0x32, 0x59,
    0x4, 0x3, 0xff, 0xa4, 0x6f, 0x5d, 0xcb, 0x77,
    0x88, 0xf, 0x3f, 0x69, 0xd0, 0x40, 0x3f, 0xfa,
    0x89, 0x19, 0xf9, 0xe, 0xe9, 0xdf, 0xcd, 0x20,
    0xe3, 0x0, 0xff, 0xe9, 0x4f, 0x39, 0xb4, 0xef,
    0xdb, 0x3c, 0x5f, 0xec, 0xb1, 0x0, 0x24, 0x20,
    0x80, 0x3f, 0xfa, 0x6e, 0x31, 0x92, 0xaa, 0xae,
    0xe5, 0xba, 0x0, 0x7a, 0x8, 0x8e, 0x1, 0xff,
    0xd4, 0xfb, 0xb6, 0xfe, 0x42, 0x88, 0x7, 0xf1,
    0xb8, 0x70, 0x7, 0xff, 0x54, 0x51, 0x4, 0x1,
    0xff, 0xc2, 0xf0, 0x63, 0x0, 0xff, 0xf3, 0x39,
    0x8c, 0x80, 0x7f, 0xf9, 0x86, 0x2, 0x80, 0x3f,
    0xfc, 0xf6, 0x8, 0x80, 0xf, 0xff, 0x31, 0xa8,
    0x48, 0x7, 0xff, 0x9f, 0xc1, 0xc8, 0x3, 0xff,
    0xcc, 0xc6, 0x32, 0x1, 0xff, 0xe6, 0x18, 0x8,
    0x10, 0xf, 0xff, 0x34, 0x9, 0x30, 0x7, 0xff,
    0x98, 0x98, 0x20, 0x3, 0xff, 0xcf, 0x0, 0x6a,
    0x1, 0xff, 0xe6, 0x25, 0x8, 0x0, 0xff, 0xf3,
    0xc0, 0x1a, 0x0, 0x7f, 0xf0, 0x1d, 0x80, 0x3f,
    0xfb, 0x4, 0xa1, 0x0, 0x1f, 0xfc, 0x3, 0xb6,
    0x0, 0xff, 0xec, 0x40, 0x1a, 0x0, 0x7f, 0xf0,
    0x3f, 0x80, 0x3f, 0xfb, 0x4, 0xa1, 0x0, 0x1f,
    0xfc, 0x9, 0xa2, 0x0, 0xff, 0xec, 0x58, 0x12,
    0x0, 0x7f, 0xca, 0x6c, 0x1, 0xff, 0xd8, 0x16,
    0xb, 0x0, 0xff, 0x8a, 0x28, 0x3, 0xff, 0xb2,
    0xc0, 0x2c, 0x1, 0xfe, 0x1f, 0xe0, 0xf, 0xfe,
    0xd5, 0x3, 0x0, 0x7f, 0xd5, 0x6, 0x1, 0xff,
    0xd9, 0x32, 0xa, 0x0, 0xff, 0x51, 0xa8, 0x7,
    0xff, 0x6a, 0x80, 0xc8, 0x3, 0xfa, 0x2, 0x0,
    0x3f, 0xfb, 0x68, 0x16, 0x1, 0xfc, 0xe9, 0x40,
    0x1f, 0xfd, 0xb2, 0x20, 0x30, 0x7, 0xe6, 0xad,
    0x0, 0xff, 0xee, 0x20, 0x10, 0x80, 0x7c, 0xd1,
    0xe2, 0x1, 0xff, 0xdc, 0xe0, 0x40, 0xf, 0x9e,
    0x30, 0x80, 0x3f, 0xfb, 0xa6, 0x1e, 0x1, 0xe9,
    0x96, 0x10, 0x7, 0xff, 0x80, 0x80, 0x30, 0xe2,
    0x79, 0x0, 0x7f, 0xf7, 0xc8, 0x4, 0x2, 0x5f,
    0x7d, 0x10, 0xf, 0xff, 0x6, 0x87, 0x12, 0x5d,
    0x4d, 0x80, 0x7f, 0xf8, 0x91, 0x93, 0x6c, 0x75,
    0xc0, 0x3f, 0xfc, 0x93, 0xb9, 0xf4, 0x40, 0x1f,
    0xfd, 0xd0,

    /* U+0075 "u" */
    0x0, 0x8a, 0xe0, 0x3, 0xff, 0x8b, 0x28, 0x40,
    0x1f, 0xfc, 0x45, 0x41, 0xb0, 0xa, 0x2c, 0x40,
    0x3f, 0xd0, 0x16, 0x20, 0xb, 0x74, 0x90, 0xf,
    0xe5, 0x24, 0x50, 0x5, 0xb2, 0x6, 0x0, 0x79,
    0xc, 0x38, 0x24, 0x1, 0x4b, 0xea, 0x28, 0x1,
    0xc3, 0x24, 0x28, 0x82, 0x9, 0x4c, 0x71, 0x90,
    0xf, 0x54, 0x8a, 0x7, 0x5, 0x3e, 0x94, 0x83,
    0x0, 0x61, 0xce, 0x40, 0xd0, 0xcb, 0x4d, 0x31,
    0x35, 0x10, 0x8, 0x72, 0x54, 0x0, 0x20, 0xcc,
    0xc3, 0x4, 0xc, 0x0, 0x97, 0x25, 0x40, 0x2a,
    0x59, 0xd2, 0x0, 0x18, 0x70, 0xa6, 0x76, 0x20,
    0x6, 0x3a, 0x60, 0xc, 0xe2, 0xfd, 0x10, 0xb1,
    0x0, 0xff, 0xe0, 0xf, 0x6f, 0x62, 0x0, 0x7c,

    /* U+0076 "v" */
    0x0, 0x89, 0x80, 0x3e, 0x1c, 0x94, 0x0, 0xf4,
    0x88, 0x28, 0x7, 0x98, 0x20, 0x40, 0xc, 0x20,
    0xa2, 0x27, 0x0, 0x4d, 0x80, 0x3c, 0x20, 0x0,
    0xa9, 0x82, 0x8, 0xc, 0x3, 0x1e, 0x20, 0x42,
    0xa0, 0xb, 0x82, 0x0, 0x30, 0x78, 0x18, 0xa8,
    0x4, 0x20, 0x81, 0xf2, 0x1, 0xe1, 0x64, 0x20,
    0xc, 0x80, 0x35, 0x0, 0x1c, 0x2f, 0x9e, 0x1,
    0xe0,

    /* U+0077 "w" */
    0x0, 0xe2, 0xcd, 0x0, 0xff, 0xe5, 0xf, 0x99,
    0x80, 0x3f, 0xf9, 0x54, 0x41, 0xa0, 0x1f, 0xfc,
    0x96, 0x40, 0xa3, 0x0, 0xf2, 0xc9, 0x0, 0x7e,
    0x10, 0x0, 0xc0, 0x32, 0x95, 0x60, 0x80, 0x23,
    0x4e, 0x80, 0x3e, 0xa4, 0x0, 0x48, 0x94, 0xae,
    0xa9, 0x98, 0x18, 0xa3, 0x7c, 0x3, 0xca, 0x2a,
    0x2, 0xe1, 0xcd, 0x40, 0x9, 0x20, 0xbb, 0x5,
    0xa0, 0x7, 0x2c, 0xd8, 0x2, 0x41, 0xd6, 0x40,
    0xa, 0xc0, 0x4c, 0x26, 0x26, 0x1, 0xa7, 0xb4,
    0x2, 0x61, 0xe9, 0x0, 0xac, 0x2, 0x60, 0x8b,
    0x0, 0x9b, 0x7a, 0xc4, 0x0, 0x82, 0x52, 0x1,
    0x48, 0x80, 0x9, 0x35, 0x1, 0xef, 0xb9, 0x8e,
    0x1, 0xb0, 0xc, 0xc, 0x9, 0x80, 0x34, 0x82,
    0xf0, 0x47, 0x40, 0x80, 0x71, 0x0, 0x15, 0xc2,
    0x0, 0x3a, 0x1a, 0xa1, 0xcc, 0x3, 0xf7, 0x82,
    0xda, 0x12, 0x80, 0x63, 0x6a, 0x0, 0xff, 0xe0,
    0x2f, 0xd2, 0x85, 0x0, 0x61, 0xdb, 0x10, 0xf,
    0xfe, 0x19, 0x2, 0x80, 0x6d, 0x75, 0x0, 0xff,
    0xe3, 0x10, 0x5, 0x6d, 0x20, 0x1f, 0xfc, 0x52,
    0x1, 0x2, 0xc1, 0xa0, 0xf, 0xfe, 0x32, 0x1f,
    0xe6, 0xd5, 0x0, 0x3f, 0xf9, 0x19, 0x15, 0xcc,
    0x1, 0xff, 0xc5,

    /* U+0078 "x" */
    0x0, 0xfa, 0xec, 0x1, 0xff, 0xc9, 0x64, 0x40,
    0x7, 0xcc, 0x1, 0xff, 0xc0, 0x70, 0x20, 0xe,
    0x3d, 0x0, 0xff, 0xe0, 0xe8, 0x8, 0x6, 0x6e,
    0xf6, 0x0, 0x8c, 0x40, 0x3e, 0x10, 0xe, 0x8a,
    0xc2, 0x0, 0x87, 0x80, 0x3f, 0x10, 0x6, 0x93,
    0xc1, 0x0, 0xd5, 0x22, 0x1, 0xf3, 0x80, 0x54,
    0x76, 0x1, 0xd0, 0x68, 0x1, 0xfe, 0xec, 0x3a,
    0x0, 0xe5, 0x38, 0x0, 0xfe, 0x20, 0x65, 0x90,
    0xe, 0x49, 0xb0, 0xf, 0xf1, 0x81, 0x48, 0x7,
    0x2c, 0x60, 0x7, 0xf8, 0xf0, 0x8a, 0x0, 0xd1,
    0xd8, 0x1, 0xfe, 0x6d, 0xaf, 0xf, 0x54, 0x7d,
    0xfb, 0x0, 0xfe, 0x1a, 0xbd, 0x42, 0xc1, 0xaa,
    0x77, 0xb8, 0x7, 0xf2, 0xf8, 0xe1, 0x80, 0xf,
    0x3f, 0xa4, 0x80, 0x3f, 0x47, 0xdc, 0x58, 0x80,
    0x7f, 0xf1, 0x66, 0xf9, 0x80, 0x3f, 0xf8, 0xe0,

    /* U+0079 "y" */
    0x0, 0xff, 0xef, 0x15, 0x98, 0x7, 0xff, 0xac,
    0xb1, 0x48, 0x3, 0xff, 0xd4, 0x58, 0x18, 0x20,
    0x1f, 0xfe, 0xaf, 0x1d, 0x20, 0x8, 0xc0, 0x3f,
    0x26, 0x80, 0x7f, 0xf7, 0x24, 0xa4, 0xc0, 0x25,
    0xc8, 0x0, 0xf3, 0x4f, 0x80, 0x7f, 0xf6, 0xd5,
    0x8d, 0x80, 0x22, 0xa0, 0xe0, 0xe, 0x9d, 0xc2,
    0x0, 0xff, 0xed, 0xd8, 0x40, 0x6, 0xf0, 0x46,
    0x0, 0x8b, 0x6, 0xc4, 0x3, 0xff, 0xb6, 0xc2,
    0x68, 0x1, 0x51, 0xd, 0x0, 0x4b, 0xf1, 0x0,
    0xf, 0xfe, 0xed, 0x5, 0x0, 0x4e, 0xa1, 0x62,
    0x0, 0xae, 0xc4, 0x0, 0xff, 0xef, 0x18, 0x38,
    0x1, 0x60, 0x15, 0x40, 0x7b, 0xab, 0x10, 0xf,
    0xfe, 0xf0, 0x80, 0x88, 0x1a, 0x80, 0x6c, 0x23,
    0xb8, 0xe0, 0x1f, 0xfe, 0x1, 0x1, 0x9b, 0x90,
    0x4, 0x1e, 0xe, 0x98, 0x7, 0xff, 0x8a, 0x41,
    0x81, 0x0, 0xc3, 0x26, 0x40, 0x1f, 0xfe, 0x46,
    0xfe, 0x94, 0x2, 0xdf, 0x50, 0xf, 0xff, 0x38,
    0xf0, 0x2, 0x6c, 0x40, 0x3f, 0xfd, 0x8, 0x61,
    0x8e, 0x1, 0xff, 0xe9, 0x29, 0x6, 0x30, 0xf,
    0xff, 0x4b, 0x69, 0x4, 0x0, 0x7f, 0xfa, 0x6,
    0xac, 0x41, 0xc4, 0x3, 0xff, 0xce, 0x7e, 0x12,
    0x21, 0x20, 0x1f, 0xfe, 0x77, 0xdb, 0xaf, 0x6,
    0x10, 0xf, 0xff, 0x28, 0xdd, 0xb1, 0x49, 0x2,
    0xc0, 0x3f, 0xfc, 0xa7, 0xe5, 0x84, 0x16, 0xa,
    0x40, 0x1f, 0xfe, 0x46, 0xdb, 0x90, 0x0, 0xb0,
    0x48, 0x7, 0xff, 0x92, 0xaf, 0x14, 0x2, 0x60,
    0x33, 0x0, 0x7f, 0xf8, 0x8b, 0x43, 0x48, 0x3,
    0x50, 0x50, 0x7, 0xff, 0x89, 0x32, 0xa8, 0x1,
    0xc8, 0x42, 0xc0, 0x1f, 0xfe, 0x18, 0xaa, 0x38,
    0x7, 0xb8, 0x18, 0x3, 0xff, 0xc3, 0x69, 0x88,
    0x1, 0xe1, 0x50, 0xa0, 0xf, 0xfe, 0xf9, 0x68,
    0xe1, 0x0, 0x7c, 0xc0, 0x84, 0x1, 0xff, 0xde,
    0x3c, 0xaa, 0x0, 0x7f, 0x48, 0x78, 0x7, 0xff,
    0x79, 0x72, 0xdc, 0x3, 0xf9, 0x4, 0x90, 0x3,
    0xff, 0xba, 0xf7, 0x8a, 0x1, 0xfe, 0xf0, 0xa0,
    0xf, 0xfe, 0xec, 0x56, 0x18, 0x7, 0xf8, 0x50,
    0x18, 0x3, 0xff, 0xb9, 0x4b, 0x84, 0x1, 0xff,
    0x48, 0x30, 0x80, 0x7f, 0xf6, 0xe9, 0xb4, 0x40,
    0x3f, 0xf8, 0xc, 0x14, 0x1, 0xff, 0xdb, 0xb1,
    0xc0, 0xf, 0xfe, 0xb, 0x9, 0x98, 0x3, 0xff,
    0xb5, 0x61, 0x60, 0x1f, 0xfc, 0x2b, 0x9, 0x0,
    0xff, 0xed, 0x58, 0x58, 0x7, 0xff, 0x9, 0x8,
    0x54, 0x3, 0xff, 0xb3, 0x41, 0x60, 0x1f, 0xfc,
    0x3f, 0x6, 0x0, 0xff, 0xec, 0xcb, 0x58, 0x7,
    0xff, 0xc, 0x90, 0x24, 0x3, 0xff, 0xb0, 0xe9,
    0xa0, 0x1f, 0xfc, 0x48, 0x6, 0x10, 0xf, 0xfe,
    0xba, 0xcf, 0x88, 0x7, 0xff, 0xc, 0x94, 0x2c,
    0x3, 0xff, 0xae, 0x57, 0xa4, 0x1, 0xff, 0xc4,
    0xb0, 0x52, 0x0, 0xff, 0xeb, 0xf, 0xc1, 0x80,
    0x7f, 0xf1, 0x5, 0x82, 0x0, 0x3f, 0xfa, 0xf6,
    0xec, 0x1, 0xff, 0xc5, 0xb0, 0x52, 0x0, 0xff,
    0xeb, 0x2b, 0xd0, 0x7, 0xff, 0x14, 0x94, 0x20,
    0x3, 0xff, 0xac, 0x37, 0xc0, 0x1f, 0xfc, 0x68,
    0x6, 0x20, 0xf, 0xfe, 0xb5, 0x31, 0x80, 0x7f,
    0xf1, 0x4d, 0x46, 0x0, 0x3f, 0xfa, 0xc8, 0xb0,
    0x1, 0xff, 0xc6, 0x80, 0x91, 0x0, 0xff, 0xeb,
    0x4c, 0x0, 0x7f, 0xf1, 0x95, 0xd, 0xc0, 0x3f,
    0xfa, 0xca, 0xc, 0x1, 0xff, 0xc6, 0xb0, 0xf0,
    0xf, 0xfe, 0xbf, 0x58, 0x7, 0xff, 0x1a, 0x5,
    0x8c, 0x3, 0xff, 0xac, 0x48, 0xc0, 0x1f, 0xfc,
    0x53, 0x72, 0x90, 0xf, 0xfe, 0xba, 0xb0, 0x7,
    0xff, 0x1b, 0x83, 0x80, 0x3f, 0xfb, 0x19, 0xa0,
    0x1f, 0xfc, 0x58, 0x28, 0x30, 0xf, 0xfe, 0xc2,
    0xa0, 0x7, 0xff, 0x11, 0x1c, 0xdc, 0x3, 0xff,
    0xb0, 0x26, 0x1, 0xff, 0xc4, 0x1a, 0x1d, 0x0,
    0xff, 0xec, 0x9b, 0x0, 0x7f, 0xf1, 0x34, 0x70,
    0x40, 0x3f, 0xfb, 0x22, 0x20, 0xf, 0xfe, 0x1c,
    0x9d, 0x90, 0x7, 0xff, 0x68, 0x44, 0x1, 0xff,
    0xc2, 0x66, 0x4a, 0x0, 0x7f, 0xf6, 0xc9, 0x80,
    0x3f, 0xf8, 0x2b, 0x30, 0xc0, 0x1f, 0xfd, 0xd6,
    0x30, 0xf, 0xf9, 0x6a, 0x1c, 0x3, 0xff, 0xbd,
    0xb2, 0x1, 0xfe, 0x8a, 0x97, 0x0, 0xff, 0xef,
    0xb3, 0x1c, 0x3, 0xe3, 0xc5, 0xc6, 0x0, 0xff,
    0xf0, 0xed, 0x5a, 0x8, 0x13, 0x5e, 0x26, 0x98,
    0x7, 0xff, 0x88, 0x70, 0xeb, 0xbf, 0x6f, 0x3a,
    0x0, 0x3f, 0xfc, 0xa3, 0x1d, 0xcd, 0xfd, 0x71,
    0x0, 0xff, 0xf1, 0x80,

    /* U+007A "z" */
    0x0, 0xfc, 0x99, 0xec, 0x1, 0xf4, 0x59, 0x87,
    0x80, 0x79, 0xdc, 0xa0, 0xb, 0x0, 0xe1, 0x88,
    0x20, 0x49, 0x0, 0x70, 0xad, 0xb, 0xb0, 0x7,
    0x89, 0x9, 0x60, 0x3, 0xc5, 0x82, 0xb4, 0x1,
    0xe2, 0xc1, 0x6a, 0x0, 0xf1, 0x60, 0xb7, 0x5e,
    0xe5, 0x18, 0x3, 0xc4, 0x4d, 0xb1, 0xb9, 0x2c,
    0x12, 0x40, 0x79, 0x46, 0x0, 0x35, 0x6, 0x4,
    0xc3, 0x0, 0xf8, 0xd6, 0xc4, 0x3, 0xe0
};


/*---------------------
 *  GLYPH DESCRIPTION
 *--------------------*/

static const lv_font_fmt_txt_glyph_dsc_t glyph_dsc[] = {
    {.bitmap_index = 0, .adv_w = 0, .box_w = 0, .box_h = 0, .ofs_x = 0, .ofs_y = 0} /* id = 0 reserved */,
    {.bitmap_index = 0, .adv_w = 166, .box_w = 0, .box_h = 0, .ofs_x = 0, .ofs_y = 0},
    {.bitmap_index = 0, .adv_w = 70, .box_w = 3, .box_h = 3, .ofs_x = -1, .ofs_y = -1},
    {.bitmap_index = 5, .adv_w = 56, .box_w = 3, .box_h = 2, .ofs_x = 0, .ofs_y = 0},
    {.bitmap_index = 8, .adv_w = 437, .box_w = 27, .box_h = 40, .ofs_x = 1, .ofs_y = 0},
    {.bitmap_index = 339, .adv_w = 282, .box_w = 18, .box_h = 41, .ofs_x = 0, .ofs_y = -1},
    {.bitmap_index = 548, .adv_w = 476, .box_w = 35, .box_h = 40, .ofs_x = -5, .ofs_y = 0},
    {.bitmap_index = 874, .adv_w = 527, .box_w = 36, .box_h = 42, .ofs_x = -2, .ofs_y = 0},
    {.bitmap_index = 1192, .adv_w = 432, .box_w = 35, .box_h = 42, .ofs_x = 0, .ofs_y = 0},
    {.bitmap_index = 1539, .adv_w = 427, .box_w = 38, .box_h = 41, .ofs_x = -5, .ofs_y = 0},
    {.bitmap_index = 1854, .adv_w = 371, .box_w = 32, .box_h = 41, .ofs_x = -6, .ofs_y = 0},
    {.bitmap_index = 2172, .adv_w = 284, .box_w = 29, .box_h = 41, .ofs_x = 0, .ofs_y = 0},
    {.bitmap_index = 2419, .adv_w = 380, .box_w = 34, .box_h = 42, .ofs_x = -5, .ofs_y = 0},
    {.bitmap_index = 2830, .adv_w = 305, .box_w = 26, .box_h = 40, .ofs_x = -2, .ofs_y = 0},
    {.bitmap_index = 3146, .adv_w = 782, .box_w = 58, .box_h = 75, .ofs_x = -7, .ofs_y = -23},
    {.bitmap_index = 3943, .adv_w = 956, .box_w = 68, .box_h = 75, .ofs_x = -11, .ofs_y = -21},
    {.bitmap_index = 5064, .adv_w = 855, .box_w = 66, .box_h = 74, .ofs_x = -5, .ofs_y = -26},
    {.bitmap_index = 5764, .adv_w = 1221, .box_w = 84, .box_h = 76, .ofs_x = -13, .ofs_y = -26},
    {.bitmap_index = 6787, .adv_w = 1217, .box_w = 83, .box_h = 74, .ofs_x = -5, .ofs_y = -24},
    {.bitmap_index = 7548, .adv_w = 1035, .box_w = 116, .box_h = 81, .ofs_x = -3, .ofs_y = -24},
    {.bitmap_index = 8627, .adv_w = 1148, .box_w = 71, .box_h = 85, .ofs_x = -3, .ofs_y = -30},
    {.bitmap_index = 9632, .adv_w = 982, .box_w = 87, .box_h = 89, .ofs_x = -11, .ofs_y = -31},
    {.bitmap_index = 10694, .adv_w = 532, .box_w = 83, .box_h = 82, .ofs_x = -16, .ofs_y = -27},
    {.bitmap_index = 11358, .adv_w = 861, .box_w = 61, .box_h = 80, .ofs_x = -6, .ofs_y = -27},
    {.bitmap_index = 12168, .adv_w = 651, .box_w = 67, .box_h = 76, .ofs_x = -6, .ofs_y = -24},
    {.bitmap_index = 12924, .adv_w = 395, .box_w = 58, .box_h = 82, .ofs_x = -12, .ofs_y = -27},
    {.bitmap_index = 13487, .adv_w = 1277, .box_w = 80, .box_h = 75, .ofs_x = 0, .ofs_y = -24},
    {.bitmap_index = 14832, .adv_w = 760, .box_w = 50, .box_h = 77, .ofs_x = -1, .ofs_y = -27},
    {.bitmap_index = 15659, .adv_w = 851, .box_w = 49, .box_h = 74, .ofs_x = 1, .ofs_y = -24},
    {.bitmap_index = 16484, .adv_w = 1087, .box_w = 74, .box_h = 80, .ofs_x = -3, .ofs_y = -27},
    {.bitmap_index = 17521, .adv_w = 840, .box_w = 49, .box_h = 82, .ofs_x = 1, .ofs_y = -32},
    {.bitmap_index = 18398, .adv_w = 1148, .box_w = 74, .box_h = 80, .ofs_x = 0, .ofs_y = -25},
    {.bitmap_index = 19517, .adv_w = 885, .box_w = 64, .box_h = 78, .ofs_x = -8, .ofs_y = -28},
    {.bitmap_index = 20361, .adv_w = 650, .box_w = 90, .box_h = 77, .ofs_x = 0, .ofs_y = -26},
    {.bitmap_index = 21153, .adv_w = 799, .box_w = 66, .box_h = 76, .ofs_x = -1, .ofs_y = -26},
    {.bitmap_index = 21982, .adv_w = 583, .box_w = 59, .box_h = 77, .ofs_x = -1, .ofs_y = -23},
    {.bitmap_index = 22688, .adv_w = 957, .box_w = 73, .box_h = 73, .ofs_x = -1, .ofs_y = -24},
    {.bitmap_index = 23591, .adv_w = 531, .box_w = 78, .box_h = 73, .ofs_x = -23, .ofs_y = -24},
    {.bitmap_index = 24235, .adv_w = 806, .box_w = 53, .box_h = 74, .ofs_x = -1, .ofs_y = -25},
    {.bitmap_index = 25099, .adv_w = 802, .box_w = 66, .box_h = 77, .ofs_x = -8, .ofs_y = -27},
    {.bitmap_index = 25787, .adv_w = 209, .box_w = 18, .box_h = 12, .ofs_x = -4, .ofs_y = 0},
    {.bitmap_index = 25878, .adv_w = 268, .box_w = 34, .box_h = 42, .ofs_x = -5, .ofs_y = -1},
    {.bitmap_index = 26268, .adv_w = 221, .box_w = 18, .box_h = 13, .ofs_x = -3, .ofs_y = -1},
    {.bitmap_index = 26352, .adv_w = 348, .box_w = 39, .box_h = 46, .ofs_x = -4, .ofs_y = -4},
    {.bitmap_index = 26756, .adv_w = 218, .box_w = 19, .box_h = 13, .ofs_x = -4, .ofs_y = -3},
    {.bitmap_index = 26854, .adv_w = 207, .box_w = 34, .box_h = 65, .ofs_x = -20, .ofs_y = -39},
    {.bitmap_index = 27352, .adv_w = 237, .box_w = 60, .box_h = 62, .ofs_x = -44, .ofs_y = -50},
    {.bitmap_index = 27916, .adv_w = 330, .box_w = 33, .box_h = 44, .ofs_x = -5, .ofs_y = -4},
    {.bitmap_index = 28322, .adv_w = 236, .box_w = 20, .box_h = 21, .ofs_x = -4, .ofs_y = -2},
    {.bitmap_index = 28439, .adv_w = 169, .box_w = 54, .box_h = 68, .ofs_x = -42, .ofs_y = -50},
    {.bitmap_index = 28973, .adv_w = 349, .box_w = 32, .box_h = 44, .ofs_x = -5, .ofs_y = -1},
    {.bitmap_index = 29348, .adv_w = 248, .box_w = 34, .box_h = 51, .ofs_x = -4, .ofs_y = -8},
    {.bitmap_index = 29784, .adv_w = 266, .box_w = 22, .box_h = 12, .ofs_x = -4, .ofs_y = -1},
    {.bitmap_index = 29892, .adv_w = 196, .box_w = 19, .box_h = 13, .ofs_x = -5, .ofs_y = -1},
    {.bitmap_index = 29990, .adv_w = 255, .box_w = 20, .box_h = 14, .ofs_x = -3, .ofs_y = -1},
    {.bitmap_index = 30101, .adv_w = 233, .box_w = 37, .box_h = 48, .ofs_x = -21, .ofs_y = -36},
    {.bitmap_index = 30414, .adv_w = 238, .box_w = 35, .box_h = 35, .ofs_x = -19, .ofs_y = -23},
    {.bitmap_index = 30789, .adv_w = 184, .box_w = 18, .box_h = 13, .ofs_x = -5, .ofs_y = -1},
    {.bitmap_index = 30872, .adv_w = 202, .box_w = 18, .box_h = 15, .ofs_x = -4, .ofs_y = -3},
    {.bitmap_index = 30969, .adv_w = 252, .box_w = 55, .box_h = 48, .ofs_x = -13, .ofs_y = -11},
    {.bitmap_index = 31371, .adv_w = 266, .box_w = 20, .box_h = 13, .ofs_x = -2, .ofs_y = 0},
    {.bitmap_index = 31475, .adv_w = 161, .box_w = 10, .box_h = 13, .ofs_x = -2, .ofs_y = 0},
    {.bitmap_index = 31532, .adv_w = 330, .box_w = 26, .box_h = 19, .ofs_x = -4, .ofs_y = -7},
    {.bitmap_index = 31703, .adv_w = 218, .box_w = 23, .box_h = 16, .ofs_x = -8, .ofs_y = -4},
    {.bitmap_index = 31823, .adv_w = 259, .box_w = 59, .box_h = 68, .ofs_x = -41, .ofs_y = -57},
    {.bitmap_index = 32435, .adv_w = 120, .box_w = 12, .box_h = 13, .ofs_x = -6, .ofs_y = -1}
};

/*---------------------
 *  CHARACTER MAPPING
 *--------------------*/

static const uint16_t unicode_list_0[] = {
    0x0, 0xc, 0xe
};

/*Collect the unicode lists and glyph_id offsets*/
static const lv_font_fmt_txt_cmap_t cmaps[] =
{
    {
        .range_start = 32, .range_length = 15, .glyph_id_start = 1,
        .unicode_list = unicode_list_0, .glyph_id_ofs_list = NULL, .list_length = 3, .type = LV_FONT_FMT_TXT_CMAP_SPARSE_TINY
    },
    {
        .range_start = 48, .range_length = 10, .glyph_id_start = 4,
        .unicode_list = NULL, .glyph_id_ofs_list = NULL, .list_length = 0, .type = LV_FONT_FMT_TXT_CMAP_FORMAT0_TINY
    },
    {
        .range_start = 65, .range_length = 26, .glyph_id_start = 14,
        .unicode_list = NULL, .glyph_id_ofs_list = NULL, .list_length = 0, .type = LV_FONT_FMT_TXT_CMAP_FORMAT0_TINY
    },
    {
        .range_start = 97, .range_length = 26, .glyph_id_start = 40,
        .unicode_list = NULL, .glyph_id_ofs_list = NULL, .list_length = 0, .type = LV_FONT_FMT_TXT_CMAP_FORMAT0_TINY
    }
};

/*-----------------
 *    KERNING
 *----------------*/


/*Pair left and right glyphs for kerning*/
static const uint8_t kern_pair_glyph_ids[] =
{
    4, 8,
    4, 10,
    4, 13,
    5, 4,
    5, 5,
    5, 6,
    5, 7,
    5, 8,
    5, 9,
    6, 5,
    6, 9,
    6, 10,
    6, 12,
    6, 13,
    7, 4,
    7, 5,
    7, 10,
    7, 12,
    7, 13,
    8, 6,
    8, 7,
    8, 9,
    8, 10,
    8, 11,
    8, 12,
    8, 13,
    9, 8,
    9, 10,
    9, 11,
    9, 12,
    10, 4,
    10, 6,
    10, 8,
    10, 11,
    11, 7,
    11, 8,
    11, 11,
    11, 12,
    11, 13,
    12, 6,
    12, 7,
    12, 11,
    12, 12,
    12, 13,
    13, 6,
    13, 7,
    13, 8,
    13, 11,
    13, 13,
    14, 19,
    14, 22,
    14, 24,
    14, 25,
    15, 16,
    15, 18,
    15, 19,
    15, 20,
    15, 22,
    15, 24,
    15, 25,
    15, 34,
    15, 35,
    15, 36,
    15, 38,
    15, 39,
    16, 15,
    16, 23,
    16, 29,
    16, 30,
    16, 31,
    16, 37,
    16, 38,
    17, 22,
    17, 24,
    17, 25,
    17, 27,
    17, 33,
    17, 34,
    17, 38,
    18, 15,
    19, 22,
    19, 24,
    20, 24,
    20, 61,
    21, 15,
    21, 24,
    22, 14,
    22, 15,
    22, 17,
    22, 19,
    22, 29,
    23, 24,
    23, 25,
    24, 14,
    24, 15,
    24, 16,
    24, 17,
    24, 18,
    24, 21,
    24, 26,
    24, 27,
    24, 28,
    25, 14,
    25, 15,
    25, 16,
    25, 17,
    25, 18,
    25, 24,
    25, 25,
    25, 29,
    25, 30,
    25, 35,
    26, 24,
    27, 17,
    27, 24,
    28, 24,
    28, 27,
    28, 45,
    28, 46,
    29, 15,
    29, 16,
    29, 22,
    29, 24,
    29, 25,
    29, 27,
    29, 36,
    30, 16,
    30, 24,
    33, 17,
    34, 15,
    34, 17,
    35, 15,
    36, 15,
    36, 29,
    36, 34,
    37, 16,
    37, 17,
    37, 19,
    38, 15,
    38, 17,
    39, 15,
    39, 17,
    57, 43
};

/* Kerning between the respective left and right glyphs
 * 4.4 format which needs to scaled with `kern_scale`*/
static const int8_t kern_pair_values[] =
{
    -9, 19, 22, -22, -12, -9, -19, -49,
    -15, 12, 15, 25, 22, 12, 20, 9,
    36, 34, 30, 14, 20, 17, 5, 24,
    17, 27, -3, 32, 22, 12, -5, -12,
    -22, 5, 29, -22, 29, 24, 20, 15,
    15, -2, 10, 15, 12, 27, -9, 24,
    25, 36, -56, -49, -48, -33, -33, -10,
    -56, -74, -69, -76, -69, -48, -61, -30,
    -38, 36, 43, 61, 49, 49, 42, 34,
    -30, -30, -88, -27, -61, -53, -15, 15,
    49, -26, -55, -10, 55, -39, 23, 53,
    72, 75, 59, -46, -62, 65, 75, 23,
    57, 69, 39, 46, 39, 49, 25, 114,
    59, 84, 88, 85, 117, 59, 39, 23,
    -39, 46, -46, -29, -20, 18, 15, 30,
    -27, -52, -33, -52, -46, -36, -11, -42,
    99, 51, 46, 51, 18, 26, -39, 42,
    27, 81, 69, 19, 51, 57, 4
};

/*Collect the kern pair's data in one place*/
static const lv_font_fmt_txt_kern_pair_t kern_pairs =
{
    .glyph_ids = kern_pair_glyph_ids,
    .values = kern_pair_values,
    .pair_cnt = 143,
    .glyph_ids_size = 0
};

/*--------------------
 *  ALL CUSTOM DATA
 *--------------------*/

#if LVGL_VERSION_MAJOR == 8
/*Store all the custom data of the font*/
static  lv_font_fmt_txt_glyph_cache_t cache;
#endif

#if LVGL_VERSION_MAJOR >= 8
static const lv_font_fmt_txt_dsc_t font_dsc = {
#else
static lv_font_fmt_txt_dsc_t font_dsc = {
#endif
    .glyph_bitmap = glyph_bitmap,
    .glyph_dsc = glyph_dsc,
    .cmaps = cmaps,
    .kern_dsc = &kern_pairs,
    .kern_scale = 42,
    .cmap_num = 4,
    .bpp = 4,
    .kern_classes = 0,
    .bitmap_format = 1,
#if LVGL_VERSION_MAJOR == 8
    .cache = &cache
#endif
};



/*-----------------
 *  PUBLIC FONT
 *----------------*/

/*Initialize a public general font descriptor*/
#if LVGL_VERSION_MAJOR >= 8
const lv_font_t font_cursive_40 = {
#else
lv_font_t font_cursive_40 = {
#endif
    .get_glyph_dsc = lv_font_get_glyph_dsc_fmt_txt,    /*Function pointer to get glyph's data*/
    .get_glyph_bitmap = lv_font_get_bitmap_fmt_txt,    /*Function pointer to get glyph's bitmap*/
    .line_height = 115,          /*The maximum line height required by the font*/
    .base_line = 57,             /*Baseline measured from the bottom of the line*/
#if !(LVGL_VERSION_MAJOR == 6 && LVGL_VERSION_MINOR == 0)
    .subpx = LV_FONT_SUBPX_NONE,
#endif
#if LV_VERSION_CHECK(7, 4, 0) || LVGL_VERSION_MAJOR >= 8
    .underline_position = -4,
    .underline_thickness = 2,
#endif
    .dsc = &font_dsc,          /*The custom font data. Will be accessed by `get_glyph_bitmap/dsc` */
#if LV_VERSION_CHECK(8, 2, 0) || LVGL_VERSION_MAJOR >= 9
    .fallback = NULL,
#endif
    .user_data = NULL,
};



#endif /*#if FONT_CURSIVE_40*/

