/*******************************************************************************
 * Size: 56 px
 * Bpp: 4
 * Opts: --font C:\Users\user\Downloads\amsterdam-handwriting\Amsterdam Handwriting.ttf --size 56 --bpp 4 --range 0x20-0x7E --format lvgl --lv-include lvgl.h -o font_cursive_56.c
 ******************************************************************************/

#ifdef LV_LVGL_H_INCLUDE_SIMPLE
#include "lvgl.h"
#else
#include "lvgl.h"
#endif

#ifndef FONT_CURSIVE_56
#define FONT_CURSIVE_56 1
#endif

#if FONT_CURSIVE_56

/*-----------------
 *    BITMAPS
 *----------------*/

/*Store the image of the glyphs*/
static LV_ATTRIBUTE_LARGE_CONST const uint8_t glyph_bitmap[] = {
    /* U+0020 " " */

    /* U+002C "," */
    0x3, 0x50, 0x6, 0x52, 0x0, 0x83, 0x8, 0x98,
    0x80,

    /* U+002E "." */
    0x39, 0x50, 0xf6, 0xa4, 0x40, 0x1a, 0x80,

    /* U+0030 "0" */
    0x0, 0xff, 0xe6, 0x9a, 0xa9, 0x4, 0x3, 0xff,
    0xa2, 0xb7, 0xf9, 0x54, 0xbe, 0xb2, 0x0, 0xff,
    0xe6, 0xa6, 0xd2, 0x0, 0x79, 0x35, 0x40, 0x3f,
    0xf9, 0x43, 0x76, 0x20, 0xf, 0xf5, 0x30, 0x7,
    0xff, 0x20, 0xfd, 0x0, 0x23, 0x8c, 0xef, 0xea,
    0x40, 0x4, 0x90, 0x7, 0xff, 0x19, 0x70, 0x40,
    0xb, 0xb8, 0xe6, 0x20, 0x2b, 0x74, 0x0, 0xe0,
    0xf, 0xfe, 0x2b, 0x50, 0x0, 0xb2, 0x88, 0x3,
    0xf2, 0xb8, 0x19, 0x80, 0x3f, 0xf8, 0x6d, 0x20,
    0x3, 0xc3, 0x0, 0xff, 0xa0, 0x42, 0x40, 0x3f,
    0xf8, 0x4b, 0x20, 0x4, 0xc1, 0x0, 0xff, 0xe0,
    0xa0, 0x20, 0x7, 0xff, 0x4, 0xe8, 0x0, 0x96,
    0x1, 0xff, 0xc3, 0xc0, 0x11, 0x0, 0x7f, 0xc3,
    0xa0, 0x2, 0xb0, 0xf, 0xfe, 0x21, 0x0, 0x10,
    0x3, 0xfe, 0xd1, 0x0, 0x78, 0x7, 0xff, 0x15,
    0xc0, 0x4, 0x1, 0xfe, 0x73, 0x0, 0x51, 0x0,
    0x7f, 0xf4, 0x8e, 0x0, 0xa, 0xa0, 0xf, 0xfe,
    0x33, 0x80, 0x3c, 0x3, 0xfb, 0xc0, 0x3, 0x40,
    0x1f, 0xfc, 0x72, 0x0, 0x78, 0x7, 0xe6, 0x30,
    0x5, 0x0, 0x7f, 0xf2, 0x3c, 0x0, 0x20, 0x1f,
    0xa0, 0x0, 0x88, 0x0, 0xff, 0xe4, 0x28, 0x0,
    0x80, 0x3e, 0x81, 0x0, 0x48, 0x7, 0xff, 0x24,
    0xc0, 0xc, 0x1, 0xe1, 0x70, 0x3, 0x90, 0x7,
    0xff, 0x20, 0xc0, 0x2, 0x40, 0x1e, 0x80, 0xa,
    0x40, 0x3f, 0xf9, 0x2a, 0x0, 0x50, 0xf, 0xb,
    0x0, 0x20, 0x40, 0x3f, 0xf9, 0x38, 0x0, 0x30,
    0xf, 0x48, 0x0, 0x5c, 0x3, 0xff, 0x94, 0x80,
    0xc, 0x0, 0xf3, 0x0, 0x18, 0x3, 0xff, 0x94,
    0x42, 0x0, 0x40, 0xe, 0x61, 0x0, 0x48, 0x7,
    0xff, 0x29, 0x40, 0x6, 0x1, 0xea, 0x0, 0x28,
    0x80, 0x7f, 0xf2, 0xac, 0x0, 0x80, 0x1c, 0x66,
    0x0, 0x48, 0x7, 0xff, 0x28, 0x4c, 0x1, 0x60,
    0x1d, 0x60, 0x2, 0x30, 0xf, 0xfe, 0x53, 0x80,
    0x4, 0xc0, 0x39, 0x40, 0x14, 0x1, 0xff, 0xcb,
    0xd0, 0x3, 0x80, 0x71, 0x90, 0x1, 0x40, 0x3f,
    0xf9, 0x42, 0x80, 0xd, 0x0, 0xeb, 0x0, 0x19,
    0x0, 0x7f, 0xf2, 0x98, 0x2, 0x40, 0xe, 0x50,
    0x5, 0x80, 0x7f, 0xf2, 0xe8, 0x0, 0xc0, 0x1c,
    0x24, 0x0, 0x40, 0xf, 0xfe, 0x52, 0x10, 0x2,
    0x80, 0x39, 0x40, 0x2, 0x60, 0x1f, 0xfc, 0xaf,
    0x0, 0x11, 0x80, 0x76, 0x0, 0x10, 0x3, 0xff,
    0x94, 0x48, 0x0, 0xb0, 0xf, 0x20, 0x3, 0x0,
    0x3f, 0xf9, 0x56, 0x0, 0x16, 0x0, 0xf1, 0x80,
    0x14, 0x3, 0xff, 0x92, 0x2c, 0x0, 0x60, 0xf,
    0x10, 0x4, 0x60, 0x1f, 0xfc, 0x98, 0x0, 0xa4,
    0x3, 0xcc, 0x0, 0x30, 0xf, 0xfe, 0x49, 0x30,
    0x1, 0xc4, 0x3, 0xc4, 0x0, 0x60, 0xf, 0xfe,
    0x4c, 0x0, 0x52, 0x1, 0xf7, 0x0, 0x8, 0x3,
    0xff, 0x90, 0x6a, 0x0, 0x71, 0x0, 0xf8, 0x40,
    0x1c, 0x1, 0xff, 0xc8, 0xf0, 0x0, 0xc0, 0x7,
    0xe3, 0x0, 0x18, 0x7, 0xff, 0x1d, 0x8c, 0x1,
    0x0, 0x1f, 0xc2, 0x0, 0x10, 0xf, 0xfe, 0x30,
    0xc0, 0x0, 0xd8, 0x3, 0xff, 0x80, 0xe0, 0x1f,
    0xfc, 0x6a, 0x10, 0x7, 0x0, 0x7f, 0x84, 0x0,
    0xe0, 0x1f, 0xfc, 0x56, 0x40, 0x4, 0x10, 0x7,
    0xf8, 0xc0, 0x2, 0x1, 0xff, 0xc4, 0x29, 0x0,
    0x1b, 0x80, 0x7f, 0xc2, 0x0, 0x30, 0xf, 0xfe,
    0x27, 0x80, 0x7, 0x40, 0x3f, 0xf8, 0x1a, 0x0,
    0xf0, 0xf, 0xfe, 0x1d, 0x90, 0x2, 0x84, 0x3,
    0xff, 0x80, 0xe0, 0x4, 0x0, 0xff, 0xe1, 0x52,
    0x0, 0x25, 0x0, 0x3f, 0xf8, 0x24, 0x20, 0x44,
    0x0, 0xff, 0xe0, 0x4a, 0x80, 0x1d, 0x80, 0x3f,
    0xf8, 0x6e, 0x0, 0xb0, 0xf, 0xfa, 0x98, 0x0,
    0xd0, 0x1, 0xff, 0xc4, 0xa0, 0x3, 0x10, 0x7,
    0xe1, 0xc5, 0x0, 0x3c, 0x80, 0x7f, 0xf1, 0x4d,
    0x0, 0x1e, 0x40, 0x1e, 0x6f, 0x30, 0x4, 0xc0,
    0x7, 0xff, 0x1e, 0x44, 0xb, 0x1c, 0x80, 0x9b,
    0x64, 0x40, 0xb1, 0x80, 0x3f, 0xf9, 0x5, 0xa2,
    0x3, 0x1b, 0xfb, 0x24, 0x0, 0x7d, 0x30, 0xf,
    0xfe, 0x51, 0xfb, 0x0, 0x78, 0x5f, 0xa0, 0x3,
    0xff, 0x9a, 0x33, 0xf7, 0x31, 0x39, 0xd0, 0x20,
    0x1f, 0xfc, 0xa0,

    /* U+0031 "1" */
    0x0, 0xff, 0xe5, 0x47, 0x20, 0x7, 0xff, 0x26,
    0x5c, 0x4c, 0x3, 0xff, 0x90, 0xcc, 0x0, 0x30,
    0x7, 0xff, 0x1c, 0xe4, 0x0, 0xc2, 0x1, 0xff,
    0xc7, 0xe0, 0xa, 0x0, 0x3f, 0xf8, 0xf0, 0x40,
    0x6, 0x10, 0xf, 0xfe, 0x31, 0x38, 0x5, 0x60,
    0x1f, 0xfc, 0x7e, 0x0, 0x98, 0x80, 0x3f, 0xf8,
    0xca, 0x60, 0x15, 0x80, 0x7f, 0xf1, 0xe0, 0x2,
    0x62, 0x0, 0xff, 0xe3, 0x31, 0x0, 0x56, 0x1,
    0xff, 0xc7, 0x80, 0x9, 0x48, 0x3, 0xff, 0x8c,
    0xe2, 0x1, 0x40, 0x7, 0xff, 0x1e, 0x40, 0x25,
    0x20, 0xf, 0xfe, 0x33, 0x8, 0x5, 0x0, 0x1f,
    0xfc, 0x7b, 0x0, 0x94, 0x80, 0x3f, 0xf8, 0xc6,
    0x40, 0x14, 0x0, 0x7f, 0xf1, 0xe8, 0x2, 0x52,
    0x0, 0xff, 0xe3, 0xb8, 0x5, 0x0, 0x1f, 0xfc,
    0x71, 0x10, 0x1, 0x8, 0x3, 0xff, 0x8e, 0xa0,
    0x14, 0x0, 0x7f, 0xf2, 0x3c, 0x0, 0x86, 0x1,
    0xff, 0xc7, 0x24, 0x0, 0x78, 0x7, 0xff, 0x22,
    0x0, 0x6, 0x80, 0x1f, 0xfc, 0x71, 0x50, 0x4,
    0x80, 0x7f, 0xf2, 0x24, 0x0, 0x4a, 0x1, 0xff,
    0xc8, 0x60, 0x5, 0x80, 0x7f, 0xf2, 0x14, 0x40,
    0x58, 0x3, 0xff, 0x91, 0x20, 0x6, 0x0, 0xff,
    0xe4, 0x11, 0x80, 0x24, 0x3, 0xff, 0x91, 0x40,
    0x6, 0x10, 0xf, 0xfe, 0x43, 0x0, 0x2c, 0x3,
    0xff, 0x90, 0xa2, 0x8, 0x40, 0x1f, 0xfc, 0x8e,
    0x0, 0x78, 0x7, 0xff, 0x20, 0x50, 0x9, 0x0,
    0x3f, 0xf9, 0xc, 0x0, 0xa0, 0xf, 0xfe, 0x4d,
    0x0, 0x18, 0x3, 0xff, 0x90, 0x64, 0xa, 0x20,
    0x1f, 0xfc, 0x8b, 0x0, 0x70, 0x7, 0xff, 0x25,
    0x80, 0x90, 0x3, 0xff, 0x90, 0x62, 0x14, 0x1,
    0xff, 0xc9, 0xb0, 0x3, 0x0, 0x7f, 0xf2, 0x54,
    0x10, 0x40, 0x3f, 0xf9, 0x4, 0x40, 0xd0, 0xf,
    0xfe, 0x4a, 0x0, 0x1c, 0x3, 0xff, 0x93, 0xa0,
    0x82, 0x1, 0xff, 0xc9, 0x40, 0xd0, 0xf, 0xfe,
    0x49, 0x80, 0x1c, 0x3, 0xff, 0x92, 0xa0, 0x42,
    0x1, 0xff, 0xc9, 0xc0, 0x40, 0xf, 0xfe, 0x53,
    0x86, 0x0, 0x7f, 0xf2, 0x88, 0x1c, 0x3, 0xff,
    0x92, 0x20, 0x2, 0x13, 0x0, 0xff, 0xe4, 0x90,
    0x6a, 0x80, 0x7f, 0xf2, 0x45, 0xcd, 0xc0, 0x3f,
    0xf8, 0xe2, 0x5, 0xa, 0x20, 0x1f, 0xfc, 0x86,
    0x11, 0x58, 0x7, 0xff, 0x26, 0x6b, 0xc4, 0x3,
    0xff, 0x90,

    /* U+0032 "2" */
    0x0, 0xff, 0xea, 0x1b, 0xd6, 0x77, 0xfb, 0xb2,
    0xc, 0x3, 0xff, 0xae, 0x73, 0xd9, 0xa, 0x62,
    0x0, 0x13, 0x7c, 0xb1, 0x0, 0xff, 0xe9, 0xb6,
    0x61, 0x84, 0x9a, 0x2a, 0xea, 0x58, 0x40, 0x9,
    0xe2, 0x1, 0xff, 0xd0, 0x7e, 0x93, 0x18, 0xdd,
    0x4b, 0xaa, 0x2b, 0x4f, 0x50, 0x80, 0xd8, 0x7,
    0xff, 0x39, 0xba, 0x4, 0xeb, 0x9c, 0x80, 0x3f,
    0x97, 0x40, 0xa, 0x20, 0x1f, 0xfc, 0xb2, 0xc9,
    0x12, 0xbc, 0x50, 0xf, 0xfe, 0x9, 0x90, 0x1,
    0x40, 0x3f, 0xf9, 0x51, 0xa6, 0x33, 0xa8, 0x1,
    0xff, 0xc4, 0x60, 0xf, 0xfe, 0x58, 0xe3, 0x82,
    0xfb, 0x0, 0x7f, 0xf1, 0x98, 0x0, 0xe0, 0x1f,
    0xfc, 0x73, 0xf3, 0xa, 0xa0, 0x80, 0x7f, 0xf1,
    0xc8, 0x0, 0x60, 0x1f, 0xfc, 0x65, 0xc1, 0x2d,
    0x50, 0xf, 0xfe, 0x42, 0x80, 0xc, 0x3, 0xff,
    0x8c, 0xd4, 0x9, 0x84, 0x1, 0xff, 0xc9, 0xe0,
    0x5, 0x80, 0x7f, 0xf1, 0x52, 0x41, 0x6c, 0x40,
    0x3f, 0xf9, 0x24, 0x80, 0x6, 0x0, 0xff, 0xe2,
    0x15, 0x82, 0xd0, 0x7, 0xff, 0x2e, 0x0, 0xa,
    0x20, 0x1f, 0xfc, 0x49, 0x4, 0xa0, 0xf, 0xfe,
    0x59, 0xa8, 0x2, 0x0, 0x3f, 0xf8, 0x86, 0x85,
    0x60, 0x1f, 0xfc, 0xcf, 0x0, 0x31, 0x0, 0x7f,
    0xf1, 0x10, 0x24, 0x3, 0xff, 0x98, 0xc6, 0x0,
    0x80, 0xf, 0xfe, 0x29, 0x0, 0x42, 0x20, 0xf,
    0xfe, 0x41, 0x48, 0x2, 0x4, 0x3, 0xff, 0x8a,
    0xaf, 0x39, 0x66, 0x1, 0xff, 0xc8, 0xe0, 0x1,
    0xb8, 0x7, 0xff, 0x1e, 0x37, 0x28, 0x80, 0x3f,
    0xf8, 0xf0, 0x60, 0xe, 0x0, 0xff, 0xef, 0xa3,
    0x80, 0x24, 0x80, 0x3f, 0xfb, 0xc3, 0x40, 0x4,
    0x60, 0xf, 0xfe, 0xfe, 0x88, 0xd, 0x0, 0x7f,
    0xf7, 0xe4, 0xc0, 0x1a, 0x20, 0x1f, 0xfd, 0xe6,
    0x60, 0x2, 0xc, 0x3, 0xff, 0xbc, 0x92, 0x0,
    0x57, 0x0, 0xff, 0xef, 0x15, 0x80, 0xe, 0x80,
    0x3f, 0xfb, 0xc3, 0x80, 0x1, 0xd0, 0xf, 0xfe,
    0xfe, 0x88, 0x3, 0x44, 0x3, 0xff, 0xbd, 0x66,
    0x0, 0xb3, 0x0, 0xff, 0xef, 0x52, 0x0, 0x29,
    0x0, 0x3f, 0xfb, 0xd2, 0xa0, 0x8, 0x50, 0xf,
    0xfe, 0xf4, 0x30, 0x1, 0xdc, 0x1, 0xff, 0xde,
    0x87, 0x0, 0x2c, 0x0, 0x7f, 0xf7, 0x9d, 0xc0,
    0x5, 0xa0, 0xf, 0xfe, 0xf3, 0xc0, 0x1, 0x28,
    0x3, 0xff, 0xbc, 0xf0, 0x0, 0x4b, 0x0, 0xff,
    0xef, 0x3c, 0x0, 0xe, 0xc0, 0x3f, 0xfb, 0xd1,
    0x0, 0x1, 0xe0, 0x7, 0xff, 0x7a, 0x1c, 0x0,
    0x78, 0x1, 0xff, 0xde, 0x97, 0x0, 0x1e, 0x0,
    0x7f, 0xf7, 0xa9, 0x80, 0x7, 0x80, 0x1f, 0xfd,
    0xeb, 0x50, 0x2, 0x60, 0x7, 0xff, 0x74, 0x71,
    0x0, 0x9, 0x60, 0x1f, 0xfd, 0xd2, 0xc3, 0x0,
    0x2d, 0x80, 0x7f, 0x8, 0x88, 0xb0, 0x8f, 0x0,
    0x7f, 0xf2, 0x4f, 0x8, 0x0, 0xd4, 0x0, 0x14,
    0x7a, 0xce, 0xff, 0x77, 0x37, 0x77, 0x77, 0x7f,
    0xdb, 0x97, 0x2c, 0x20, 0x1f, 0xf2, 0xe0, 0x80,
    0x1e, 0xda, 0xbb, 0x97, 0xa, 0x62, 0x4, 0x8a,
    0xf1, 0x32, 0xaa, 0xfd, 0x15, 0x81, 0x8e, 0x1,
    0xfe, 0x7a, 0x0, 0x89, 0x36, 0x54, 0x40, 0x56,
    0x2f, 0x7f, 0x6e, 0xa1, 0xd9, 0x8a, 0xbf, 0xcc,
    0xf3, 0x4c, 0x1, 0xfd, 0x30, 0x1, 0x88, 0xc0,
    0x56, 0x77, 0xa9, 0xd0, 0x80, 0x3f, 0xfa, 0x23,
    0x8c, 0x1, 0xe5, 0xbe, 0xa6, 0x20, 0xf, 0xfe,
    0xa9, 0xf9, 0x80, 0x63, 0xaf, 0xa4, 0x0, 0xff,
    0xec, 0x36, 0x8, 0x4, 0xb9, 0x85, 0x0, 0xff,
    0xed, 0x4c, 0x80, 0x24, 0xda, 0x30, 0xf, 0xfe,
    0xd1, 0x6b, 0x0, 0xa, 0xec, 0x40, 0x1f, 0xfd,
    0xb7, 0xd2, 0x0, 0x46, 0xa0, 0x7, 0xff, 0x72,
    0xa0, 0x0, 0x7a, 0xe0, 0x1f, 0xfd, 0xe3, 0x0,
    0x46, 0x10, 0x7, 0xff, 0x7e, 0x77, 0x9c, 0x3,
    0xff, 0xc2,

    /* U+0033 "3" */
    0x0, 0xff, 0xe4, 0x9b, 0xd6, 0x6e, 0xb2, 0x8,
    0x3, 0xff, 0xb4, 0x93, 0xf9, 0xa, 0x64, 0x43,
    0x7d, 0x70, 0xf, 0xfe, 0xbb, 0x6d, 0xb0, 0x24,
    0x67, 0x7f, 0xac, 0x82, 0x10, 0x3, 0xff, 0xa8,
    0xdd, 0x24, 0xb5, 0xf6, 0xe6, 0x20, 0x4, 0x80,
    0x6, 0x0, 0x7f, 0xf4, 0x8f, 0x64, 0x23, 0xa9,
    0x40, 0x3f, 0x18, 0x3, 0xc0, 0x3f, 0xfa, 0x2f,
    0x87, 0x3c, 0xe2, 0x1, 0xfe, 0xb0, 0x2, 0x0,
    0x7f, 0xf4, 0x2a, 0x17, 0xd8, 0x3, 0xff, 0x81,
    0x4, 0x6, 0x60, 0xf, 0xfe, 0x7c, 0x2c, 0x50,
    0x80, 0x7f, 0xf0, 0xd, 0xc0, 0x10, 0x1, 0xff,
    0xd0, 0x60, 0x70, 0xf, 0xfe, 0x8, 0xe8, 0x1,
    0x50, 0x3, 0xff, 0xa0, 0xa1, 0x0, 0x1f, 0xfc,
    0x1d, 0x10, 0x2a, 0x0, 0xff, 0xe8, 0xdd, 0xbc,
    0x80, 0x3f, 0xeb, 0x30, 0x1f, 0x0, 0xff, 0xe9,
    0xa3, 0x90, 0x7, 0xfa, 0xd0, 0x1, 0xa4, 0x1,
    0xff, 0xdf, 0xb4, 0x0, 0x59, 0x80, 0x7f, 0xf7,
    0xed, 0x0, 0x14, 0x80, 0x1f, 0xfd, 0xe1, 0xc4,
    0x0, 0x52, 0x80, 0x7f, 0xf7, 0x87, 0xc, 0x1,
    0x6a, 0x1, 0xff, 0xde, 0x2f, 0x20, 0x5, 0xa0,
    0x7, 0xff, 0x78, 0xf0, 0x40, 0x18, 0x80, 0x1f,
    0xfd, 0xe1, 0xd1, 0x1, 0xd2, 0x46, 0x9b, 0xce,
    0xe7, 0xfd, 0xdc, 0xdb, 0x96, 0x30, 0xf, 0xfe,
    0x74, 0x88, 0x1, 0x7f, 0xae, 0x59, 0xc, 0x44,
    0x1, 0x8, 0x89, 0x1a, 0x73, 0xed, 0x80, 0x3f,
    0xf9, 0x64, 0x1, 0x21, 0x0, 0x7f, 0xf1, 0xd2,
    0x7e, 0x0, 0x3f, 0xf9, 0x3e, 0x1, 0xc4, 0xaf,
    0x37, 0x9d, 0xcf, 0xfd, 0xdb, 0x94, 0xea, 0x20,
    0x13, 0xf2, 0x80, 0x7f, 0xf1, 0xd6, 0xde, 0x33,
    0xf6, 0xa1, 0x90, 0xc4, 0x40, 0x18, 0x48, 0xd6,
    0x2b, 0xb1, 0x80, 0x3, 0x4e, 0x1, 0xff, 0xc7,
    0x48, 0x73, 0x0, 0xff, 0xe4, 0x1c, 0xf2, 0x80,
    0x21, 0xc0, 0x3f, 0xfc, 0x3, 0x4e, 0x0, 0x82,
    0x0, 0xff, 0xf0, 0xc2, 0x0, 0x2c, 0x3, 0xff,
    0xc5, 0x0, 0x7, 0x0, 0xff, 0xf1, 0x18, 0x0,
    0x44, 0x1, 0xff, 0xe2, 0x20, 0x1, 0x0, 0x7f,
    0xff, 0xc0, 0x3f, 0xf9, 0x24, 0x0, 0x20, 0xf,
    0xff, 0x9, 0x80, 0x4, 0x40, 0x1f, 0xfe, 0x1a,
    0x0, 0x38, 0x7, 0xff, 0x84, 0x58, 0x1, 0x40,
    0x1f, 0xfe, 0x19, 0x0, 0x19, 0x80, 0x3f, 0xfc,
    0x4, 0xe0, 0xf, 0x0, 0xff, 0xf0, 0xf0, 0x1,
    0x4c, 0x3, 0xff, 0xc1, 0x26, 0x3, 0x60, 0x1f,
    0xfe, 0x6, 0x60, 0x3, 0x44, 0x3, 0xff, 0xbe,
    0x92, 0x0, 0xa3, 0x0, 0xff, 0xef, 0xa5, 0x80,
    0x25, 0x40, 0x3f, 0xfb, 0xeb, 0x60, 0x8, 0x60,
    0xf, 0xfe, 0xfb, 0xd0, 0x2, 0x9c, 0x3, 0xff,
    0xbf, 0x30, 0x0, 0xb5, 0x0, 0xff, 0xef, 0x16,
    0x30, 0x16, 0xa0, 0x7, 0xff, 0x79, 0xb4, 0xc1,
    0x74, 0x80, 0x3f, 0xfb, 0xa5, 0x72, 0x0, 0x9a,
    0x0, 0xff, 0xef, 0x46, 0xa0, 0x1e, 0xb0, 0x7,
    0xff, 0x75, 0x79, 0xc0, 0x67, 0x8, 0x3, 0xff,
    0xb8, 0x99, 0x42, 0xd, 0xec, 0x1, 0xff, 0xdc,
    0x4c, 0xb3, 0x4, 0xc9, 0x10, 0xf, 0xfe, 0xda,
    0xe5, 0x98, 0x1d, 0xd8, 0xc0, 0x3f, 0xfb, 0x45,
    0x1d, 0x46, 0x9, 0x78, 0x80, 0x1f, 0xfc, 0xa6,
    0x0, 0xff, 0xe1, 0xb, 0x66, 0xb8, 0x82, 0xed,
    0xa0, 0x7, 0xff, 0x2e, 0x64, 0x80, 0x1f, 0xc2,
    0x91, 0xbd, 0x26, 0x5, 0x3d, 0x44, 0x1, 0xff,
    0xcd, 0x50, 0xa7, 0x54, 0x55, 0x3c, 0x5f, 0x72,
    0xdc, 0x80, 0x9f, 0x35, 0x84, 0x3, 0xff, 0x9f,
    0xc2, 0x28, 0xab, 0xaa, 0x43, 0xa0, 0x80, 0x12,
    0x37, 0x50, 0x60, 0x1f, 0xfd, 0x22, 0xe9, 0x42,
    0x0, 0x9, 0x1b, 0x4e, 0x7d, 0xb9, 0x0, 0x7f,
    0xf5, 0x40,

    /* U+0034 "4" */
    0x0, 0xff, 0xe7, 0xa7, 0x58, 0x7, 0xff, 0x8a,
    0x5, 0x10, 0x1, 0xff, 0xe0, 0x33, 0x0, 0x18,
    0x3, 0xff, 0xc1, 0x20, 0x3, 0x20, 0xf, 0xfe,
    0xf8, 0xa8, 0x2, 0x40, 0x3f, 0xf8, 0x64, 0xe6,
    0x1, 0xff, 0xce, 0x90, 0x0, 0xa8, 0x7, 0xff,
    0x8, 0xb6, 0x30, 0x40, 0x3f, 0xf9, 0xac, 0x0,
    0x90, 0xf, 0xfe, 0x1c, 0x80, 0x4, 0x40, 0x1f,
    0xfc, 0xc6, 0x10, 0x3, 0x0, 0x7f, 0xf0, 0x99,
    0x0, 0x16, 0x1, 0xff, 0xcd, 0xb0, 0x3, 0x8,
    0x7, 0xff, 0x4, 0x60, 0x0, 0xaa, 0x0, 0xff,
    0xe6, 0x31, 0x0, 0x2c, 0x3, 0xff, 0x85, 0x62,
    0x3, 0x40, 0x1f, 0xfc, 0xdb, 0x0, 0x29, 0x0,
    0x7f, 0xf0, 0x51, 0x40, 0x1a, 0x1, 0xff, 0xcd,
    0x52, 0x0, 0x40, 0x7, 0xff, 0xa, 0x40, 0xe,
    0x60, 0x1f, 0xfc, 0xd8, 0x0, 0x29, 0x0, 0x7f,
    0xf0, 0x60, 0x80, 0xe0, 0x3, 0xff, 0x9a, 0x84,
    0x0, 0x90, 0xf, 0xfe, 0x9, 0x38, 0x3, 0x80,
    0x3f, 0xf9, 0xd2, 0x0, 0x53, 0x0, 0xff, 0xe0,
    0xc8, 0x2, 0x8, 0x3, 0xff, 0x9a, 0xa4, 0x0,
    0x80, 0xf, 0xfe, 0xa, 0x20, 0xd, 0xc0, 0x3f,
    0xf9, 0xd0, 0x0, 0x62, 0x0, 0xff, 0xe0, 0xc8,
    0x3, 0x80, 0x3f, 0xf9, 0xcc, 0x40, 0x8, 0x0,
    0xff, 0xe0, 0xb9, 0x4, 0x90, 0x7, 0xff, 0x3a,
    0x0, 0xe, 0x20, 0x1f, 0xfc, 0x1, 0x80, 0x36,
    0x0, 0xff, 0xe7, 0x38, 0x80, 0xc0, 0x7, 0xff,
    0x6, 0x0, 0x1c, 0x1, 0xff, 0xce, 0x18, 0x0,
    0x58, 0x7, 0xff, 0x4, 0x98, 0x1c, 0x80, 0x3f,
    0xf9, 0xd0, 0x0, 0x35, 0x0, 0xff, 0xe0, 0xc0,
    0x14, 0x0, 0x7f, 0xf3, 0x89, 0x80, 0x1e, 0x1,
    0xff, 0xc1, 0x35, 0x9, 0x0, 0xff, 0xe7, 0xc8,
    0x1, 0x8c, 0x3, 0xff, 0x83, 0xe0, 0x88, 0x0,
    0xff, 0xe7, 0x22, 0x0, 0x60, 0x3, 0xff, 0x82,
    0x86, 0x12, 0x1, 0xff, 0xcf, 0x90, 0x4, 0x8,
    0x7, 0xff, 0x6, 0x1, 0xc8, 0x3, 0xff, 0x9c,
    0xe4, 0x6, 0xc0, 0x1f, 0xfc, 0x14, 0x31, 0x80,
    0xf, 0xfe, 0x71, 0x40, 0x3, 0x80, 0x3f, 0xf8,
    0x50, 0x12, 0x1, 0xff, 0xcf, 0x90, 0x3, 0x90,
    0x7, 0xff, 0x5, 0xc, 0x5c, 0x3, 0xff, 0x9c,
    0xa8, 0x5, 0x0, 0x1f, 0xfc, 0x28, 0x8, 0x0,
    0xff, 0xe7, 0xd, 0x80, 0x38, 0x3, 0xff, 0x84,
    0x66, 0x26, 0x0, 0xff, 0xe7, 0x58, 0x83, 0x98,
    0x7, 0xff, 0x4, 0xf4, 0x20, 0x3, 0xff, 0x9c,
    0xaa, 0x2, 0x80, 0xf, 0xfe, 0xa, 0xe0, 0x92,
    0x80, 0x7f, 0xf3, 0x46, 0xc0, 0x1c, 0x1, 0xff,
    0xc0, 0x2b, 0xb0, 0x85, 0x80, 0x7f, 0xf3, 0xa8,
    0x41, 0xcc, 0x3, 0xfc, 0x95, 0xa5, 0x82, 0x26,
    0x0, 0xff, 0xe6, 0xb2, 0x1, 0xc0, 0x7, 0xe4,
    0x9e, 0xa2, 0xd9, 0x50, 0x90, 0xf, 0xfe, 0x69,
    0x48, 0x3, 0x80, 0x31, 0xb4, 0xe7, 0xd0, 0x57,
    0x41, 0x4, 0x83, 0x0, 0x7f, 0xf3, 0x78, 0x1,
    0xf, 0x15, 0xbf, 0x94, 0x15, 0xbd, 0x28, 0x1,
    0x20, 0xa8, 0x80, 0x7f, 0xf3, 0x20, 0xc0, 0x11,
    0x66, 0x51, 0xbf, 0x92, 0xc4, 0x1, 0xee, 0x9,
    0x0, 0xff, 0xe5, 0x95, 0x38, 0x15, 0xf7, 0x2e,
    0x14, 0x80, 0x3f, 0xc2, 0xa4, 0x60, 0x1f, 0xfc,
    0xa8, 0xd5, 0x0, 0x7a, 0x8, 0x7, 0xff, 0xd,
    0x82, 0x80, 0x3f, 0xf9, 0x54, 0xe0, 0x15, 0x10,
    0x7, 0xff, 0x16, 0xc1, 0x80, 0x3f, 0xf9, 0x2c,
    0xa0, 0x13, 0xa8, 0x7, 0xff, 0x14, 0x8d, 0x4,
    0x3, 0xff, 0x93, 0x0, 0x12, 0x40, 0x7, 0xff,
    0x19, 0x43, 0x40, 0x3f, 0xf9, 0x24, 0x20, 0x3,
    0xb0, 0xf, 0xfe, 0x3d, 0x83, 0x80, 0x7f, 0xf2,
    0x48, 0xc5, 0xf0, 0x3, 0xff, 0x8e, 0x26, 0x61,
    0x0, 0xff, 0xe5, 0x67, 0x40, 0x7, 0xff, 0x21,
    0xc2, 0xc0, 0x3f, 0xfc, 0x58, 0xa, 0x1, 0xff,
    0xe2, 0x41, 0x20, 0xf, 0xff, 0x9, 0xb, 0x80,
    0x7f, 0xf8, 0x90, 0x30, 0x3, 0xff, 0xc5, 0x80,
    0xe0, 0x1f, 0xfe, 0x27, 0x12, 0x0, 0xff, 0xf1,
    0x12, 0x0, 0x7f, 0xf8, 0x8c, 0x34, 0x3, 0xff,
    0xc4, 0x80, 0x80, 0x1f, 0xfe, 0x2d, 0x3, 0x0,
    0xff, 0xf1, 0x31, 0x80, 0x7f, 0xf8, 0xd6, 0x80,
    0x3f, 0xf9, 0xa0,

    /* U+0035 "5" */
    0x0, 0xff, 0xff, 0x80, 0x71, 0x10, 0x2, 0x5f,
    0xe0, 0xf, 0xff, 0xc, 0x6e, 0xbf, 0xea, 0x1,
    0xff, 0xff, 0xe1, 0xf6, 0xd3, 0x0, 0x7f, 0xf3,
    0x90, 0x3, 0xff, 0x90, 0x24, 0x43, 0x4, 0xb0,
    0xf, 0xfe, 0x77, 0x29, 0x0, 0x70, 0x91, 0x11,
    0x5e, 0x6a, 0xf7, 0xbf, 0xdd, 0xbb, 0xbb, 0x40,
    0x3f, 0xf9, 0xc5, 0x5b, 0x0, 0x2, 0xfe, 0xdd,
    0x5d, 0x43, 0x2a, 0x10, 0x80, 0x7f, 0xf6, 0x52,
    0x0, 0x1e, 0x1, 0xff, 0xe4, 0x1a, 0x0, 0x49,
    0x0, 0x7f, 0xf9, 0x34, 0x41, 0x18, 0x3, 0xff,
    0xc9, 0x6, 0x3, 0x40, 0x1f, 0xfe, 0x44, 0x70,
    0x5, 0x8, 0x7, 0xff, 0x8c, 0x68, 0x0, 0xe8,
    0x1, 0xff, 0xe4, 0xd1, 0x3, 0x80, 0xf, 0xff,
    0x24, 0x18, 0xe, 0x80, 0x7f, 0xf9, 0x11, 0xc0,
    0x16, 0x20, 0x1f, 0xfe, 0x31, 0xa0, 0x3, 0x28,
    0x7, 0xff, 0x93, 0x44, 0xa, 0x40, 0x3f, 0xfc,
    0x92, 0x60, 0xf, 0x0, 0xff, 0xf2, 0x2b, 0x0,
    0x24, 0x80, 0x3f, 0xfc, 0x65, 0x40, 0x5, 0x60,
    0xf, 0xff, 0x27, 0x0, 0xa, 0x80, 0x3f, 0xfc,
    0x92, 0x60, 0xe, 0x0, 0xff, 0xf2, 0x2b, 0x0,
    0x20, 0xc0, 0x3f, 0xfc, 0x65, 0x40, 0x3, 0x70,
    0xf, 0xff, 0x27, 0x0, 0x5a, 0x1, 0xff, 0xe4,
    0x73, 0x0, 0x51, 0xa2, 0xae, 0x42, 0x0, 0xff,
    0xee, 0xd8, 0x5, 0x5b, 0x75, 0x5a, 0xf7, 0xf6,
    0x98, 0x40, 0x3f, 0xfb, 0xa, 0x1, 0xff, 0xc1,
    0x25, 0x9e, 0xa2, 0x0, 0xff, 0xeb, 0x4d, 0xc4,
    0xe6, 0xf7, 0xfd, 0xdb, 0x72, 0xc2, 0x0, 0x5d,
    0x90, 0xf, 0xfe, 0xb2, 0x3b, 0x19, 0x8, 0x4,
    0x24, 0x8d, 0x3d, 0x88, 0x0, 0x6d, 0x10, 0xf,
    0xff, 0x19, 0xdd, 0x84, 0xb, 0x0, 0x3f, 0xfc,
    0xa9, 0xe2, 0x5, 0x40, 0x1f, 0xfe, 0x51, 0xd0,
    0x2, 0x90, 0x7, 0xff, 0x94, 0xd0, 0x1, 0x0,
    0x1f, 0xfe, 0x6e, 0x0, 0x20, 0x7, 0xff, 0x99,
    0x0, 0x2, 0x40, 0x1f, 0xfe, 0x51, 0x0, 0x98,
    0x3, 0xff, 0xfe, 0x1, 0xff, 0xd0, 0x10, 0xf,
    0xff, 0x4a, 0x80, 0x4a, 0x1, 0xff, 0xe5, 0xd0,
    0x0, 0x88, 0x3, 0xff, 0xc8, 0x2c, 0x0, 0x70,
    0xf, 0xff, 0x2c, 0x80, 0x54, 0x1, 0xff, 0xe4,
    0x27, 0x0, 0x21, 0x80, 0x7f, 0xf9, 0x24, 0x2,
    0x80, 0xf, 0xfe, 0x52, 0x55, 0x0, 0x3f, 0xf9,
    0x72, 0x80, 0x7, 0x30, 0xf, 0xfe, 0x40, 0xdd,
    0x9f, 0xc0, 0x3f, 0xf9, 0x4c, 0xc0, 0x2, 0x40,
    0x7, 0xff, 0x20, 0xbd, 0x27, 0x54, 0x3, 0xff,
    0x92, 0xf2, 0x0, 0x2a, 0x0, 0xff, 0xe4, 0xe0,
    0x6b, 0x0, 0x7f, 0xf2, 0xa2, 0x0, 0x1, 0xf1,
    0x0, 0xff, 0xe4, 0x40, 0xd9, 0x0, 0x7f, 0xf2,
    0x46, 0xdc, 0x0, 0x5e, 0x40, 0x1f, 0xfc, 0x95,
    0x15, 0x0, 0xff, 0xe4, 0xa7, 0xa0, 0x0, 0xf0,
    0x40, 0x3f, 0xf9, 0x44, 0xa0, 0x1f, 0xfc, 0x82,
    0xab, 0x10, 0x3, 0xe0, 0x80, 0x7f, 0xf2, 0xc9,
    0xc0, 0x3f, 0xf8, 0xc3, 0x1a, 0xa0, 0x2, 0xc8,
    0x0, 0xff, 0xe6, 0xd1, 0xa8, 0x7, 0xff, 0xc,
    0xa7, 0x9c, 0x2, 0x8d, 0x30, 0xf, 0xfe, 0x73,
    0x9d, 0x40, 0x7, 0xfc, 0x2d, 0x9a, 0xc0, 0x13,
    0x73, 0x80, 0x7f, 0xf4, 0x71, 0x1f, 0xe5, 0x4c,
    0x84, 0xd1, 0xa7, 0x7a, 0x4c, 0x0, 0x31, 0xd2,
    0x20, 0x1f, 0xfd, 0x3b, 0x91, 0x6a, 0xcd, 0xec,
    0xb9, 0x62, 0x0, 0xb, 0x67, 0x38, 0x80, 0x7f,
    0xf5, 0x9b, 0xad, 0xd0, 0x40, 0x2, 0x46, 0xd5,
    0xbd, 0x26, 0x1, 0xff, 0xd5,

    /* U+0036 "6" */
    0x0, 0xff, 0xee, 0x25, 0x50, 0x3, 0xff, 0xb9,
    0x56, 0xaa, 0x0, 0xff, 0xed, 0xe, 0x28, 0x1,
    0x0, 0x3f, 0xfb, 0x25, 0x86, 0x0, 0x1a, 0x0,
    0xff, 0xec, 0x1e, 0x10, 0x0, 0xb0, 0x40, 0x3f,
    0xfa, 0xe9, 0x82, 0x0, 0x6d, 0x20, 0xf, 0xfe,
    0xba, 0xd8, 0x0, 0xf2, 0x40, 0x3f, 0xfb, 0xb,
    0x40, 0xa, 0xc3, 0x0, 0xff, 0xec, 0x35, 0x0,
    0xe2, 0x80, 0x7f, 0xf6, 0x5a, 0x40, 0x70, 0xc0,
    0x3f, 0xfb, 0x2d, 0x20, 0x5e, 0x40, 0x1f, 0xfd,
    0x96, 0x90, 0x2c, 0x10, 0xf, 0xfe, 0xcb, 0x48,
    0x16, 0x8, 0x7, 0xff, 0x65, 0x64, 0xb, 0x4,
    0x3, 0xff, 0xb2, 0x94, 0x3, 0xe2, 0x1, 0xff,
    0xd9, 0x4b, 0x1, 0xc2, 0x0, 0xff, 0xec, 0x9d,
    0x80, 0x34, 0x80, 0x3f, 0xfb, 0x23, 0xa0, 0xb,
    0x30, 0xf, 0xfe, 0xc8, 0xe0, 0x85, 0x20, 0x7,
    0xff, 0x6a, 0x88, 0x21, 0x40, 0x3f, 0xfb, 0x52,
    0x80, 0xce, 0x1, 0xff, 0xda, 0x66, 0x1, 0xc8,
    0x7, 0xff, 0x69, 0x24, 0x7, 0x40, 0x3f, 0xfb,
    0x45, 0x40, 0xd, 0x10, 0xf, 0xfe, 0xd7, 0x8,
    0x51, 0x80, 0x7f, 0xf6, 0xa4, 0xc1, 0x9d, 0xd5,
    0xbf, 0xee, 0xc7, 0x10, 0xf, 0xfe, 0x8a, 0xb0,
    0x1, 0x36, 0x14, 0x80, 0x2, 0x71, 0xce, 0x1,
    0xff, 0xcf, 0x2a, 0x0, 0x88, 0xd, 0xe6, 0xea,
    0x10, 0x1, 0x10, 0x0, 0xff, 0xe7, 0x70, 0x4,
    0x73, 0xd9, 0xc, 0x8a, 0xf7, 0x60, 0x3, 0x90,
    0x7, 0xff, 0x32, 0x8c, 0xe, 0xf1, 0x84, 0x3,
    0xe4, 0xb0, 0x5, 0x80, 0x7f, 0xf2, 0x8b, 0x54,
    0x7, 0x50, 0x3, 0xfe, 0x43, 0x4, 0x0, 0xff,
    0xe4, 0x9e, 0x10, 0x2, 0xc4, 0x3, 0xff, 0x82,
    0x80, 0x60, 0x1f, 0xfc, 0x84, 0xc1, 0x0, 0x2a,
    0x80, 0x3f, 0xf8, 0x5e, 0x2, 0x1, 0xff, 0xc7,
    0x3b, 0x0, 0xd6, 0x1, 0xff, 0xc3, 0xf0, 0x20,
    0xf, 0xfe, 0x31, 0x60, 0x6, 0x91, 0x0, 0xff,
    0xe1, 0x98, 0x38, 0x7, 0xff, 0x14, 0x7c, 0x14,
    0x0, 0x4c, 0x1, 0xff, 0xc4, 0x40, 0xd0, 0xf,
    0xfe, 0x2d, 0x13, 0x88, 0x2, 0x40, 0x3f, 0xf8,
    0x8a, 0x0, 0x60, 0xf, 0xfe, 0x23, 0xa2, 0x31,
    0x0, 0xd0, 0x3, 0xff, 0x89, 0x20, 0x62, 0x1,
    0xff, 0xc3, 0x28, 0x1a, 0x80, 0x7, 0x80, 0x7f,
    0xf1, 0x10, 0xc2, 0x40, 0x3f, 0xf8, 0x92, 0x14,
    0x46, 0x6, 0x60, 0xf, 0xfe, 0x24, 0x0, 0xa8,
    0x7, 0xff, 0xd, 0x51, 0x29, 0x0, 0x48, 0x7,
    0xff, 0x11, 0x8c, 0x20, 0x3, 0xff, 0x89, 0x1,
    0x22, 0xa0, 0x4a, 0x1, 0xff, 0xc3, 0x18, 0x2,
    0x60, 0xf, 0xfe, 0x1a, 0x13, 0x13, 0x0, 0x28,
    0x3, 0xff, 0x89, 0x42, 0x12, 0x1, 0xff, 0xc4,
    0x80, 0xb0, 0xa0, 0x2, 0x80, 0x7f, 0xf0, 0xd9,
    0x1, 0x50, 0x3, 0xff, 0x86, 0x46, 0x84, 0x50,
    0x11, 0x0, 0x3f, 0xf8, 0x47, 0x20, 0x36, 0x1,
    0xff, 0xc4, 0xa0, 0xe0, 0x50, 0x2, 0x0, 0x7f,
    0xf0, 0x87, 0x80, 0x16, 0x20, 0x1f, 0xfc, 0x46,
    0x6, 0xd, 0x0, 0x60, 0x7, 0xff, 0xa, 0x88,
    0x19, 0x40, 0x3f, 0xf8, 0x84, 0x20, 0x60, 0x80,
    0x7, 0x0, 0xff, 0xe0, 0xd2, 0x1, 0xc8, 0x7,
    0xff, 0x1d, 0xc0, 0x2, 0x0, 0x20, 0xf, 0xfe,
    0x4, 0xa8, 0xe, 0x80, 0x7f, 0xf1, 0x8b, 0x20,
    0x8, 0x3, 0xff, 0x87, 0x2c, 0x0, 0xc1, 0x0,
    0xff, 0xe3, 0x98, 0x0, 0x40, 0x2, 0x1, 0xff,
    0x53, 0x0, 0x30, 0x80, 0x3f, 0xf9, 0x64, 0x0,
    0x10, 0xf, 0xe1, 0xb5, 0x0, 0x61, 0x80, 0x7f,
    0xf3, 0x4, 0x2, 0x10, 0xf, 0x8f, 0x10, 0x7,
    0xc, 0x3, 0xff, 0x9c, 0x80, 0x4, 0x0, 0xf3,
    0xe1, 0x1, 0x61, 0x80, 0x7f, 0xf3, 0xf8, 0x1,
    0x2, 0x1, 0x36, 0xc0, 0x1, 0x70, 0x80, 0x3f,
    0xfa, 0xa, 0x80, 0x5d, 0x79, 0xf2, 0x40, 0x33,
    0x42, 0x1, 0xff, 0xd2, 0xa2, 0x0, 0x21, 0x80,
    0x4d, 0xec, 0x1, 0xff, 0xd4, 0x1d, 0x72, 0x0,
    0x1c, 0x74, 0x88, 0x7, 0xff, 0x3c,

    /* U+0037 "7" */
    0x0, 0xff, 0xeb, 0xb, 0x39, 0x80, 0x7f, 0xf5,
    0x5b, 0x3a, 0x63, 0x8, 0x3, 0x37, 0x40, 0x80,
    0x7f, 0xf2, 0x4e, 0x7e, 0x4c, 0x3, 0x30, 0x6,
    0x11, 0x3f, 0xc1, 0x0, 0x7f, 0xf0, 0xc9, 0xab,
    0xb1, 0x80, 0x3c, 0xa8, 0x1, 0x9e, 0x84, 0x4f,
    0xba, 0x96, 0x32, 0x10, 0x12, 0x34, 0x69, 0xbe,
    0xd9, 0x51, 0x0, 0xf9, 0xe8, 0x3, 0xcb, 0xd2,
    0x60, 0x4d, 0x39, 0xbd, 0xfd, 0xb9, 0x72, 0xc8,
    0x20, 0x10, 0x98, 0x80, 0x6a, 0x80, 0xf, 0xe6,
    0xce, 0xa7, 0x42, 0x10, 0xe, 0x12, 0x45, 0x79,
    0xbe, 0xe5, 0x8, 0x0, 0x71, 0x40, 0x3f, 0xf8,
    0x2, 0xb1, 0x7b, 0xdf, 0xfd, 0xdb, 0x75, 0xc,
    0x82, 0xd2, 0x0, 0x2f, 0x30, 0xf, 0xfe, 0x9b,
    0xc8, 0x0, 0xb0, 0x40, 0x3f, 0xfa, 0x6f, 0x0,
    0x2, 0xc1, 0x0, 0xff, 0xe9, 0xac, 0x0, 0xb,
    0x4, 0x3, 0xff, 0xa6, 0x74, 0x0, 0x2c, 0x10,
    0xf, 0xfe, 0x99, 0x68, 0x0, 0x70, 0x40, 0x3f,
    0xfa, 0x63, 0xe2, 0x0, 0xc1, 0x0, 0xff, 0xea,
    0x51, 0x0, 0x2c, 0x80, 0x3f, 0xfa, 0x90, 0x80,
    0xa, 0x40, 0xf, 0xfe, 0xa2, 0x38, 0x1, 0xd4,
    0x3, 0xff, 0xa8, 0x34, 0x0, 0x48, 0x0, 0xff,
    0xea, 0xd0, 0x80, 0xd0, 0x7, 0xff, 0x55, 0xd0,
    0x1, 0xa2, 0x1, 0xff, 0xd4, 0x28, 0x0, 0x49,
    0x80, 0x7f, 0xf5, 0x78, 0x0, 0xac, 0x1, 0xff,
    0xd5, 0x73, 0x1, 0xb0, 0xf, 0xfe, 0xa9, 0x40,
    0x2, 0x84, 0x3, 0xff, 0xab, 0xc0, 0x7, 0x40,
    0xf, 0xfe, 0xab, 0x18, 0x14, 0x0, 0x7f, 0xf5,
    0x46, 0x0, 0x1c, 0x1, 0xff, 0xd6, 0x81, 0x7,
    0x30, 0xf, 0xfe, 0xa9, 0x30, 0xc, 0x0, 0x7f,
    0xf5, 0xb8, 0x1, 0x40, 0x1f, 0xfd, 0x65, 0x30,
    0x54, 0x0, 0xff, 0xeb, 0x40, 0x2, 0xc0, 0x3f,
    0xfa, 0xcc, 0x40, 0xe2, 0x1, 0xff, 0xd6, 0x80,
    0x18, 0x0, 0xff, 0xeb, 0x38, 0x85, 0x80, 0x7f,
    0xf5, 0xe4, 0xd, 0x40, 0x3f, 0xfa, 0xce, 0x21,
    0x0, 0x1f, 0xfd, 0x79, 0x4, 0x40, 0x7, 0xff,
    0x59, 0xc4, 0x20, 0x3, 0xff, 0xaf, 0x20, 0xa6,
    0x1, 0xff, 0xd6, 0x61, 0x8, 0x0, 0xff, 0xeb,
    0xd8, 0x29, 0x0, 0x7f, 0xf5, 0x94, 0x82, 0x0,
    0x3f, 0xfa, 0xf2, 0xa, 0x40, 0x1f, 0xfd, 0x63,
    0x30, 0x48, 0x7, 0xff, 0x5e, 0x41, 0xc, 0x3,
    0xff, 0xac, 0x2a, 0x1e, 0x1, 0xff, 0xd7, 0x90,
    0x24, 0x0, 0xff, 0xeb, 0xb0, 0x58, 0x7, 0xff,
    0x5d, 0x44, 0x4c, 0x1, 0xff, 0xd7, 0xe0, 0x60,
    0xf, 0xfe, 0xb8, 0xa0, 0x48, 0x7, 0xff, 0x5d,
    0x81, 0x44, 0x3, 0xff, 0xaf, 0x60, 0xc0, 0x1f,
    0xfd, 0x72, 0x30, 0x30, 0xf, 0xfe, 0xba, 0x0,
    0x18, 0x3, 0xff, 0xaf, 0xe0, 0x30, 0x1, 0xff,
    0xd7, 0x30, 0xa1, 0x0, 0xff, 0xeb, 0xce, 0x20,
    0x7, 0xff, 0x60,

    /* U+0038 "8" */
    0x0, 0xff, 0xec, 0xa, 0x34, 0x41, 0xd4, 0x40,
    0x3f, 0xfb, 0x9, 0x3d, 0xcb, 0x97, 0x74, 0x57,
    0x48, 0x7, 0xff, 0x50, 0x5f, 0x6d, 0x84, 0x3,
    0xf3, 0x50, 0x7, 0xff, 0x44, 0x67, 0xa0, 0x80,
    0x23, 0x7b, 0xef, 0xea, 0x20, 0x52, 0x0, 0xff,
    0xe7, 0xbf, 0x30, 0x4, 0x2d, 0xb9, 0x8, 0x20,
    0x2b, 0xe0, 0x4, 0x0, 0xff, 0xe6, 0xa7, 0x40,
    0x4, 0x33, 0xd2, 0x40, 0x1f, 0x10, 0x0, 0x40,
    0x3f, 0xf9, 0x93, 0x62, 0x0, 0x18, 0xe6, 0x0,
    0xff, 0xec, 0x1e, 0xb0, 0x4, 0xbe, 0xe0, 0x1f,
    0xfc, 0x2, 0x0, 0x18, 0x7, 0xff, 0x25, 0x70,
    0x80, 0x5, 0x94, 0x20, 0x1f, 0xfc, 0x17, 0x0,
    0x28, 0x7, 0xff, 0x22, 0x28, 0x2, 0x6d, 0x30,
    0xf, 0xfe, 0x1f, 0x81, 0x88, 0x7, 0xff, 0x1e,
    0x9c, 0x0, 0x35, 0x20, 0x1f, 0xfc, 0x55, 0xa,
    0x0, 0xff, 0xe3, 0xd2, 0x80, 0xb, 0x14, 0x3,
    0xff, 0x8a, 0xc0, 0x6, 0x0, 0xff, 0xe3, 0x5a,
    0x80, 0x13, 0x8, 0x3, 0xff, 0x8d, 0x60, 0xc0,
    0x1f, 0xfc, 0x6a, 0x40, 0x2, 0xd8, 0x80, 0x7f,
    0xf1, 0x94, 0x82, 0xc0, 0x3f, 0xf8, 0xb0, 0xa0,
    0x5, 0xa0, 0xf, 0xfe, 0x44, 0x3, 0x10, 0x7,
    0xff, 0x11, 0x5c, 0x0, 0xb4, 0x1, 0xff, 0xc8,
    0x62, 0x8, 0x0, 0xff, 0xe2, 0x15, 0x0, 0xe,
    0x80, 0x3f, 0xf9, 0x3, 0x1, 0x2, 0x1, 0xff,
    0xc4, 0xe0, 0x0, 0xe8, 0x7, 0xff, 0x26, 0x4,
    0x9c, 0x3, 0xff, 0x88, 0xe6, 0x0, 0xd1, 0x0,
    0xff, 0xe4, 0x23, 0x7, 0x0, 0x7f, 0xf1, 0x6,
    0x40, 0xe, 0x60, 0x1f, 0xfc, 0x99, 0x7, 0x30,
    0xf, 0xfe, 0x24, 0x88, 0xc, 0x0, 0x7f, 0xf2,
    0x64, 0x8e, 0x0, 0x3f, 0xf8, 0x82, 0xe0, 0xb,
    0x0, 0xff, 0xe4, 0xab, 0x7, 0x0, 0x7f, 0xf1,
    0x5c, 0x0, 0x4a, 0x1, 0xff, 0xc8, 0x2b, 0x9,
    0x20, 0xf, 0xfe, 0x2e, 0x80, 0x28, 0x3, 0xff,
    0x93, 0xc2, 0xac, 0x1, 0xff, 0xc6, 0x50, 0x2,
    0x0, 0x7f, 0xf2, 0x28, 0xca, 0x80, 0x3f, 0xf8,
    0xe2, 0x0, 0x30, 0xf, 0xfe, 0x3b, 0xa8, 0x78,
    0x7, 0xff, 0x79, 0x60, 0x2c, 0x80, 0x3f, 0xf9,
    0x4, 0x1, 0xff, 0xc8, 0x4a, 0x9, 0x40, 0xf,
    0xfe, 0x4a, 0x0, 0xc, 0x3, 0xff, 0x88, 0x76,
    0xe, 0xc0, 0x1f, 0xfc, 0xa8, 0x0, 0x40, 0x7,
    0xff, 0xc, 0xb4, 0x1a, 0x0, 0x3f, 0xf9, 0x63,
    0x0, 0x90, 0x1, 0xff, 0xc1, 0x2c, 0x16, 0x90,
    0xf, 0xfe, 0x6b, 0xb0, 0x3d, 0x0, 0x7f, 0xc5,
    0x82, 0xf2, 0x1, 0xff, 0xcf, 0x98, 0x5, 0xe5,
    0x0, 0xfe, 0x51, 0x88, 0x0, 0x7f, 0xf4, 0x74,
    0x0, 0x35, 0xaa, 0x1, 0xf3, 0xf3, 0x80, 0x7f,
    0xf4, 0x6d, 0x47, 0x6c, 0xca, 0xb9, 0xc4, 0x3,
    0x84, 0x3, 0xff, 0xa3, 0x48, 0x5e, 0x49, 0x96,
    0x63, 0x1d, 0x24, 0x1, 0xff, 0xd4, 0x95, 0x2c,
    0x10, 0x9, 0x33, 0xa, 0xd, 0xb6, 0x40, 0x1f,
    0xfd, 0x17, 0x61, 0xf1, 0x0, 0xf1, 0xd7, 0x30,
    0x26, 0xc0, 0x7, 0xff, 0x3d, 0x20, 0x34, 0x80,
    0x3f, 0x86, 0x79, 0x41, 0xf0, 0x40, 0x3f, 0xf9,
    0x85, 0x61, 0x66, 0x1, 0xff, 0xc0, 0x1a, 0x90,
    0x3a, 0x0, 0xff, 0xe6, 0x70, 0x3a, 0x0, 0x7f,
    0xf0, 0xd9, 0x1, 0x8, 0x3, 0xff, 0x95, 0x26,
    0x90, 0x1, 0xff, 0xc5, 0x20, 0x3, 0x80, 0x7f,
    0xf2, 0x51, 0x86, 0x80, 0x3f, 0xf8, 0xca, 0x1,
    0xff, 0xcc, 0xa0, 0xb1, 0x0, 0xff, 0xe2, 0x89,
    0x80, 0x1c, 0x3, 0xff, 0x91, 0x22, 0x8a, 0x1,
    0xff, 0xc6, 0x80, 0x1, 0x90, 0x7, 0xff, 0x1c,
    0x98, 0x24, 0x3, 0xff, 0x8c, 0x8c, 0x0, 0xf0,
    0xf, 0xfe, 0x44, 0x83, 0x90, 0x7, 0xff, 0x14,
    0x68, 0x0, 0xc6, 0x1, 0xff, 0xc7, 0x44, 0x4,
    0x80, 0x7f, 0xf1, 0xb4, 0x40, 0xa0, 0x3, 0xff,
    0x91, 0xe0, 0xe2, 0x1, 0xff, 0xc5, 0xc3, 0x0,
    0x78, 0x80, 0x7f, 0xf1, 0xcd, 0x2, 0x40, 0x3f,
    0xf8, 0x83, 0x86, 0x0, 0xb2, 0x0, 0xff, 0xe4,
    0x50, 0x20, 0x80, 0x7f, 0xf0, 0xcf, 0xc, 0x1,
    0x68, 0x1, 0xff, 0xc9, 0x70, 0xd0, 0xf, 0xfe,
    0x1b, 0x61, 0x0, 0xe2, 0x0, 0x7f, 0xf2, 0x4c,
    0x41, 0x0, 0x3f, 0xf8, 0x23, 0x72, 0x0, 0x2c,
    0x30, 0xf, 0xfe, 0x53, 0x0, 0x8, 0x3, 0xff,
    0x80, 0xde, 0x80, 0x5, 0xc2, 0x0, 0xff, 0xe5,
    0x90, 0x8, 0x7, 0xfc, 0x79, 0x22, 0x0, 0x9a,
    0x10, 0xf, 0xfe, 0x60, 0x80, 0x80, 0x7f, 0x25,
    0xe1, 0x80, 0x13, 0x58, 0x3, 0xff, 0x9c, 0x40,
    0x7, 0x0, 0xe2, 0x7d, 0xb4, 0x0, 0x15, 0x59,
    0x0, 0x7f, 0xf3, 0xd0, 0x82, 0x32, 0x21, 0x5b,
    0xa8, 0x20, 0x1, 0x4e, 0xa8, 0x7, 0xff, 0x4b,
    0xc4, 0xd, 0xdc, 0xa4, 0x1, 0x2d, 0xeb, 0x0,
    0x7f, 0xf5, 0xb, 0xe0, 0xc4, 0x4, 0xda, 0xba,
    0x90, 0x3, 0xff, 0xaa,

    /* U+0039 "9" */
    0x0, 0xff, 0xe9, 0xae, 0x7c, 0x80, 0x7f, 0xf1,
    0xc5, 0xef, 0xb9, 0x88, 0x1, 0xd7, 0x46, 0xc,
    0x20, 0x1f, 0xfc, 0x57, 0xe8, 0x41, 0x11, 0xda,
    0x0, 0xb, 0x50, 0x80, 0x3f, 0xf8, 0xe5, 0x90,
    0x0, 0x38, 0xa5, 0x8, 0x3, 0xc2, 0xa9, 0x0,
    0x84, 0x3, 0xff, 0x84, 0x9a, 0x60, 0x33, 0x8e,
    0xb4, 0xa6, 0x6c, 0xc, 0x53, 0x0, 0x20, 0x7,
    0xff, 0x9, 0xac, 0x0, 0x5e, 0xc0, 0x1b, 0xc3,
    0x7, 0xc, 0x2c, 0x1, 0x80, 0x1f, 0xfc, 0x17,
    0x90, 0x2, 0x68, 0x80, 0x70, 0x80, 0xe1, 0x0,
    0x98, 0x1, 0x80, 0x3f, 0xf8, 0xd, 0x0, 0x4,
    0xb0, 0xf, 0xbc, 0x70, 0x80, 0xc, 0x0, 0x31,
    0x0, 0xff, 0x92, 0x40, 0x7, 0x60, 0x1f, 0x52,
    0x39, 0x0, 0x54, 0x0, 0xa0, 0xf, 0xf8, 0xac,
    0x0, 0x5a, 0x1, 0xf4, 0x28, 0x68, 0x4, 0x64,
    0x0, 0x60, 0xf, 0xf0, 0xf8, 0x0, 0x7c, 0x40,
    0x3c, 0xce, 0x80, 0x80, 0x14, 0x80, 0x18, 0x3,
    0xfe, 0xb2, 0x0, 0x59, 0x0, 0x79, 0x25, 0x49,
    0x80, 0x21, 0x50, 0x5, 0x80, 0x7f, 0x99, 0x40,
    0xc, 0xa0, 0x1e, 0x3b, 0x3a, 0x4a, 0x0, 0xa4,
    0x0, 0x84, 0x1, 0xfc, 0x52, 0x0, 0x39, 0x0,
    0xf0, 0xe8, 0xe8, 0x69, 0x80, 0x4c, 0x0, 0xf0,
    0xf, 0xf7, 0x0, 0x5c, 0x1, 0xf6, 0x8e, 0x88,
    0x7, 0x30, 0x81, 0xa0, 0x7, 0xf2, 0x98, 0x2,
    0x48, 0x3, 0xd4, 0x72, 0x60, 0x1e, 0xb0, 0x4,
    0x0, 0x7f, 0xd, 0x80, 0x11, 0x80, 0x3d, 0xa,
    0xa6, 0x0, 0xf2, 0x90, 0x1a, 0x0, 0x7f, 0x40,
    0x80, 0x24, 0x3, 0xcc, 0xe7, 0x40, 0x1f, 0x48,
    0x2, 0x40, 0x3f, 0x89, 0x80, 0xe, 0x40, 0x1c,
    0x92, 0x3a, 0x1, 0xf2, 0x18, 0x12, 0x80, 0x7f,
    0x40, 0x0, 0xa0, 0x3, 0x8a, 0x82, 0x84, 0x3,
    0xe8, 0x0, 0x48, 0x7, 0xf1, 0x28, 0x2, 0x0,
    0x38, 0x7c, 0x65, 0x0, 0x3e, 0x43, 0x3, 0x40,
    0xf, 0xeb, 0x0, 0x1a, 0x80, 0x76, 0x93, 0x30,
    0x3, 0xf4, 0x0, 0x20, 0x3, 0xfc, 0xc0, 0x8,
    0x0, 0xea, 0x34, 0x90, 0xf, 0xc8, 0x60, 0x88,
    0x0, 0xfe, 0x60, 0x1, 0xa0, 0x6, 0x85, 0x2b,
    0x0, 0xfe, 0x90, 0x4, 0x0, 0x7f, 0xb4, 0x1,
    0x20, 0x19, 0xdc, 0x38, 0x1, 0xfc, 0xa4, 0xa,
    0x60, 0x1f, 0xe4, 0x1, 0x50, 0x9, 0xa0, 0x70,
    0x40, 0x3f, 0xa0, 0x1, 0x0, 0x1f, 0xe4, 0x0,
    0x20, 0x4, 0xf2, 0x3a, 0x40, 0x1f, 0xcc, 0x40,
    0xc4, 0x1, 0xfe, 0x20, 0x6, 0x0, 0x22, 0x3,
    0xa6, 0x1, 0xfe, 0x80, 0x4, 0x0, 0x7f, 0xf0,
    0xbc, 0xed, 0xcb, 0xc, 0x3, 0xfc, 0xe2, 0x10,
    0x20, 0x1f, 0xf3, 0x80, 0x1b, 0x11, 0x74, 0x80,
    0x3f, 0xc3, 0x0, 0x4e, 0x1, 0xff, 0xc0, 0x1d,
    0x42, 0x5c, 0xa0, 0xf, 0xfe, 0x4, 0x0, 0x24,
    0x3, 0xff, 0x84, 0x57, 0xb4, 0x60, 0x1f, 0xfc,
    0x3, 0x60, 0x44, 0x0, 0x7f, 0xf4, 0xfc, 0x1,
    0x20, 0x1f, 0xfd, 0x36, 0x30, 0x72, 0x0, 0xff,
    0xe9, 0xc0, 0xc, 0x0, 0x7f, 0xf4, 0xe4, 0x42,
    0xc0, 0x3f, 0xfa, 0x64, 0xc0, 0x6a, 0x1, 0xff,
    0xd3, 0x90, 0x7, 0x80, 0x7f, 0xf4, 0xd5, 0x1,
    0xcc, 0x3, 0xff, 0xa4, 0x36, 0x3, 0x0, 0x1f,
    0xfd, 0x38, 0x10, 0xa0, 0xf, 0xfe, 0x9a, 0x30,
    0x2a, 0x0, 0x7f, 0xf4, 0xe8, 0x6, 0xc0, 0x3f,
    0xfa, 0x72, 0x21, 0x62, 0x1, 0xff, 0xd2, 0x46,
    0x4, 0x50, 0xf, 0xfe, 0x90, 0xd0, 0xd, 0x0,
    0x7f, 0xf4, 0xe8, 0x42, 0xc4, 0x3, 0xff, 0xa4,
    0xc8, 0xa, 0xa0, 0xf, 0xfe, 0x91, 0xc8, 0xd,
    0x80, 0x7f, 0xf4, 0x87, 0x80, 0x1a, 0x20, 0x1f,
    0xfd, 0x2a, 0x20, 0x83, 0x0, 0xff, 0xe9, 0x42,
    0x2, 0x38, 0x7, 0xff, 0x49, 0x9c, 0xa, 0xc0,
    0x3f, 0xfa, 0x47, 0x20, 0x3e, 0x1, 0xff, 0xd2,
    0x1d, 0x1, 0xd2, 0x0, 0xff, 0xe9, 0x30, 0x96,
    0x18, 0x7, 0xff, 0x4d, 0x2b, 0x48, 0x3, 0xff,
    0xa4,

    /* U+0041 "A" */
    0x0, 0xff, 0xfd, 0xa4, 0xef, 0xf6, 0x28, 0x7,
    0xff, 0xf1, 0x76, 0xd8, 0x80, 0x4e, 0x9c, 0x3,
    0xff, 0xf2, 0x59, 0x44, 0x1, 0xf4, 0x10, 0x7,
    0xff, 0xdd, 0xf4, 0xc0, 0x5, 0x3d, 0xfa, 0x60,
    0xa, 0x0, 0xff, 0xfa, 0x8e, 0x40, 0x0, 0x67,
    0x58, 0x40, 0xbc, 0x0, 0x60, 0x1f, 0xff, 0x43,
    0xf3, 0x0, 0x2f, 0xb0, 0x7, 0x18, 0x83, 0x0,
    0x7f, 0xfc, 0xd7, 0x4, 0x1, 0x54, 0x10, 0xf,
    0x88, 0xc, 0x3, 0xff, 0xe4, 0xf4, 0x0, 0x2d,
    0x50, 0xf, 0xff, 0xec, 0xc0, 0x0, 0xf0, 0x80,
    0x3f, 0xc2, 0x1, 0xff, 0xf2, 0xa6, 0x0, 0x2e,
    0x8, 0x7, 0xfc, 0x40, 0x40, 0x1f, 0xfe, 0xfa,
    0x50, 0x3, 0x50, 0x7, 0xff, 0x0, 0x40, 0xc,
    0x1, 0xff, 0xee, 0xa5, 0x0, 0x3c, 0x80, 0x7f,
    0xf0, 0x54, 0x0, 0x40, 0x1f, 0xfe, 0xda, 0x50,
    0x3, 0xc0, 0x7, 0xff, 0x8, 0xc0, 0x1a, 0x1,
    0xff, 0xec, 0x95, 0x0, 0x3c, 0x0, 0x7f, 0xf0,
    0xf4, 0x0, 0xe0, 0x1f, 0xfe, 0xb8, 0x60, 0x3,
    0xc0, 0x7, 0xff, 0x11, 0x0, 0x4, 0x1, 0xff,
    0xea, 0x77, 0x0, 0x1a, 0x0, 0x3f, 0xf8, 0x84,
    0x20, 0x80, 0x1f, 0xfe, 0xa5, 0x80, 0x2, 0xc8,
    0x7, 0xff, 0x15, 0x0, 0x18, 0x1, 0xff, 0xe9,
    0x3a, 0x0, 0x25, 0x0, 0x7f, 0xf1, 0xb4, 0x0,
    0x80, 0x1f, 0xfe, 0x82, 0xd0, 0x1, 0xd8, 0x7,
    0xff, 0x1d, 0x0, 0x4c, 0x3, 0xff, 0xce, 0x3e,
    0x20, 0x5a, 0x1, 0xff, 0xc7, 0x50, 0x2, 0x0,
    0x7f, 0xfa, 0x28, 0x80, 0x7c, 0x40, 0x3f, 0xf8,
    0xfe, 0x0, 0xf0, 0xf, 0xff, 0x3c, 0xa0, 0x3,
    0x48, 0x3, 0xff, 0x90, 0x80, 0x4, 0x0, 0xff,
    0xf3, 0x33, 0x0, 0x14, 0x60, 0x1f, 0xfc, 0x84,
    0x10, 0x31, 0x0, 0xff, 0xf2, 0x9c, 0x80, 0x1d,
    0x40, 0x3f, 0xf9, 0x3a, 0x0, 0xb0, 0xf, 0xff,
    0x28, 0xe8, 0x1, 0x20, 0x3, 0xff, 0x94, 0xe0,
    0x5, 0x0, 0xff, 0xf2, 0xe8, 0x81, 0x58, 0x7,
    0xff, 0x29, 0x4, 0x8, 0x80, 0x1f, 0xfe, 0x49,
    0x30, 0x7, 0x80, 0x7f, 0xf2, 0xf8, 0x1, 0x40,
    0x1f, 0xfe, 0x45, 0x60, 0x5, 0x90, 0x7, 0xff,
    0x2d, 0x40, 0xa, 0x1, 0xff, 0xe3, 0x2a, 0x0,
    0x42, 0x0, 0x7f, 0xf2, 0xd4, 0x0, 0x64, 0x1,
    0xff, 0xe3, 0xf0, 0x2, 0x38, 0x7, 0xff, 0x33,
    0x80, 0x16, 0x1, 0xff, 0xe3, 0xa2, 0x2, 0xb0,
    0xf, 0xfe, 0x60, 0xa0, 0x1, 0x80, 0x3f, 0xfc,
    0x4c, 0xa0, 0xf, 0x0, 0xff, 0xe6, 0xb8, 0x1,
    0x4, 0x3, 0xff, 0xc2, 0x52, 0x0, 0xa2, 0x0,
    0xff, 0xe6, 0xd0, 0x3, 0x40, 0x3f, 0xfc, 0x5e,
    0x0, 0x65, 0x0, 0xff, 0xe6, 0x91, 0x80, 0x18,
    0x3, 0xff, 0xc3, 0x24, 0x7, 0x20, 0x1f, 0xfc,
    0xea, 0x0, 0x28, 0x7, 0xff, 0x85, 0x58, 0x1,
    0xc0, 0x1f, 0xfc, 0xf6, 0x0, 0x48, 0x7, 0xff,
    0x80, 0x6c, 0x1, 0x44, 0x1, 0xff, 0xce, 0x51,
    0x2, 0x30, 0xf, 0xff, 0x6, 0x88, 0x32, 0x80,
    0x7f, 0xf3, 0xf8, 0x1, 0x40, 0x1f, 0xfe, 0x7,
    0x30, 0x29, 0x0, 0xff, 0xe7, 0x8a, 0x0, 0x18,
    0x3, 0xff, 0xbe, 0x70, 0x0, 0xf0, 0xf, 0xfe,
    0x83, 0x0, 0x10, 0x40, 0x3f, 0xfb, 0xfc, 0x0,
    0x92, 0x0, 0xff, 0xe8, 0x48, 0x3, 0xc0, 0x3f,
    0xfb, 0xf2, 0x40, 0xac, 0x1, 0xff, 0xd0, 0x41,
    0x1, 0x40, 0xf, 0xfe, 0xf2, 0x30, 0xd, 0x80,
    0x7f, 0xf4, 0x7c, 0x0, 0xc0, 0x1f, 0xfd, 0xe1,
    0xa0, 0x5, 0x8, 0x7, 0xff, 0x40, 0x50, 0x1,
    0x20, 0x1f, 0xfd, 0xeb, 0x10, 0x74, 0x0, 0xff,
    0xe8, 0xc8, 0x1, 0x4, 0x3, 0xff, 0xba, 0xaa,
    0x3, 0x80, 0xf, 0xfe, 0x93, 0x0, 0x3c, 0x3,
    0xff, 0xba, 0x36, 0x0, 0xe0, 0xf, 0xfe, 0x92,
    0x88, 0xa, 0x0, 0x7f, 0xf7, 0x6c, 0x42, 0x8,
    0x3, 0xff, 0xa5, 0xc0, 0x6, 0x0, 0xff, 0xee,
    0xa2, 0x81, 0xb8, 0x7, 0xff, 0x48, 0x50, 0x1,
    0x20, 0x1f, 0xfd, 0xc1, 0xa0, 0x7, 0x0, 0x7f,
    0xf4, 0xe4, 0x0, 0x82, 0x6, 0xac, 0xf0, 0xe8,
    0x1, 0xff, 0xd4, 0xb1, 0x9, 0x20, 0xf, 0xfe,
    0x9b, 0x0, 0x1b, 0xbf, 0x2a, 0x61, 0xe2, 0xd0,
    0x3, 0xff, 0xa4, 0x8a, 0x8, 0xc0, 0x1f, 0xfd,
    0x2, 0x58, 0xc1, 0x0, 0x10, 0x88, 0x91, 0xa,
    0xcf, 0x48, 0x1, 0xff, 0xd2, 0xa0, 0x1a, 0x0,
    0xff, 0xe6, 0xa, 0x45, 0xf6, 0xd3, 0x18, 0x1,
    0xfb, 0xfb, 0x6e, 0xd5, 0x30, 0xa0, 0x1f, 0xfd,
    0x29, 0x10, 0x81, 0x0, 0xff, 0xe4, 0x1b, 0x56,
    0xf5, 0xa1, 0x46, 0x7e, 0x80, 0x50, 0x20, 0x1f,
    0xfd, 0xa3, 0x60, 0x46, 0x0, 0xff, 0xe2, 0xa,
    0xc6, 0x7e, 0x58, 0x5e, 0x7e, 0x4b, 0x18, 0x48,
    0x1, 0x80, 0x3f, 0xfb, 0x9e, 0x0, 0xa0, 0xf,
    0xfe, 0x0, 0xa3, 0xd7, 0x72, 0x8d, 0x2f, 0xb6,
    0x98, 0xc0, 0x38, 0x54, 0x1, 0x60, 0x1f, 0xfd,
    0xb7, 0x30, 0x91, 0x0, 0xfc, 0x6f, 0x5b, 0xd7,
    0x47, 0x1b, 0xf7, 0x8, 0x20, 0x1f, 0xcc, 0x0,
    0x32, 0x0, 0xff, 0xed, 0x14, 0x2, 0x30, 0x4,
    0x28, 0xf5, 0xbf, 0x90, 0x2b, 0x7d, 0xb2, 0xc4,
    0x1, 0xff, 0xc2, 0xa0, 0x4, 0x80, 0x7f, 0xf1,
    0xa2, 0xe1, 0x0, 0x3f, 0xf8, 0xb2, 0x0, 0xd7,
    0x9c, 0xee, 0x5c, 0x3a, 0x4e, 0xfd, 0xc2, 0x8,
    0x7, 0xff, 0x15, 0x8, 0x5, 0x40, 0x3f, 0xf8,
    0xa2, 0xe8, 0xf7, 0xfb, 0x75, 0x31, 0x1f, 0xd3,
    0x7a, 0x80, 0x9, 0x86, 0x14, 0x8b, 0xfd, 0x96,
    0x20, 0xf, 0xfe, 0x57, 0x0, 0x18, 0x3, 0xff,
    0x8c, 0x34, 0x20, 0x11, 0x22, 0xb3, 0xbf, 0xf3,
    0x21, 0x1, 0x34, 0xe7, 0x6d, 0x3a, 0x0, 0x7f,
    0xf3, 0x85, 0x40, 0x12, 0x1, 0xff, 0xc7, 0x5e,
    0xc8, 0x53, 0x10, 0xc, 0x22, 0x23, 0x56, 0x8a,
    0x30, 0x7, 0xcb, 0x18, 0x80, 0x7f, 0xf4, 0x98,
    0x0, 0x82, 0x1, 0xff, 0xc9, 0x37, 0xac, 0xef,
    0xfd, 0xdc, 0xdc, 0xa9, 0x76, 0x30, 0x82, 0x0,
    0xff, 0xeb, 0x48, 0x3, 0xc0, 0x3f, 0xfb, 0x5e,
    0x4, 0xe0, 0x1f, 0xfd, 0x65, 0x10, 0x24, 0x0,
    0xff, 0xec, 0xb1, 0x87, 0x0, 0x7f, 0xf5, 0xf8,
    0x1, 0x40, 0x1f, 0xfd, 0x91, 0x80, 0x63, 0x0,
    0xff, 0xeb, 0x12, 0x0, 0x18, 0x3, 0xff, 0xb3,
    0x2, 0x28, 0x0, 0xff, 0xeb, 0xd0, 0x1, 0x84,
    0x3, 0xff, 0xb0, 0x6c, 0x10, 0x20, 0x1f, 0xfd,
    0x76, 0x0, 0x50, 0x7, 0xff, 0x67, 0xc0, 0xd8,
    0x3, 0xff, 0xae, 0xa2, 0x6, 0x60, 0xf, 0xfe,
    0xc2, 0x98, 0x78, 0x7, 0xff, 0x62, 0x40, 0x14,
    0x1, 0xff, 0xd9, 0x80, 0x63, 0x0, 0xff, 0xeb,
    0x91, 0x80, 0x18, 0x3, 0xff, 0xb0, 0xe4, 0x30,
    0x1, 0xff, 0xd8, 0xb0, 0x3, 0x0, 0x7f, 0xf6,
    0x6, 0x2, 0x4, 0x3, 0xff, 0xb0, 0xc0, 0xb,
    0x0, 0xff, 0xec, 0x40, 0x1b, 0x0, 0x7f, 0xf6,
    0x18, 0x0, 0x84, 0x1, 0xff, 0xd7, 0x26, 0xf,
    0x0, 0xff, 0xec, 0xd0, 0x3, 0x80, 0x3f, 0xfb,
    0x10, 0xa, 0x60, 0x1f, 0xfd, 0x82, 0x30, 0x15,
    0x0, 0xff, 0xeb, 0x9a, 0x85, 0x80, 0x7f, 0xf6,
    0x6c, 0x0, 0xe0, 0x1f, 0xfd, 0x8f, 0x7, 0x10,
    0xf, 0xfe, 0xcb, 0x80, 0x2c, 0x3, 0xff, 0xae,
    0x86, 0x30, 0x1, 0xff, 0xd9, 0x51, 0x3, 0x20,
    0xf, 0xfe, 0xbc, 0x4, 0x0, 0x7f, 0xf6, 0xb8,
    0x1, 0x40, 0x1f, 0xfd, 0x74, 0x32, 0x60, 0xf,
    0xfe, 0xc9, 0x20, 0x1, 0x80, 0x3f, 0xfa, 0xf0,
    0x10, 0x1, 0xff, 0xda, 0xa0, 0x3, 0x0, 0x7f,
    0xf5, 0xd0, 0xcc, 0xa0, 0x1f, 0xfd, 0xa6, 0x0,
    0x50, 0x7, 0xff, 0x5e, 0x2, 0x0, 0x3f, 0xfb,
    0x48, 0x20, 0x46, 0x1, 0xff, 0xd6, 0x43, 0x44,
    0x0, 0x7f, 0xf6, 0xb8, 0x0, 0xa0, 0x1f, 0xfd,
    0x78, 0x8, 0x0, 0xff, 0xed, 0xa8, 0x2, 0x80,
    0x3f, 0xfa, 0xc6, 0x64, 0x30, 0xf, 0xfe, 0xd2,
    0x80, 0xc, 0x80, 0x3f, 0xfa, 0xd0, 0x10, 0x1,
    0xff, 0xdb, 0xe0, 0x5, 0x80, 0x7f, 0xf5, 0x89,
    0xc, 0xc0, 0x1f, 0xfd, 0xa1, 0x40, 0x3, 0x0,
    0x7f, 0xf5, 0xac, 0x20, 0x3, 0xff, 0xb6, 0xe0,
    0x3, 0x10, 0xf, 0xfe, 0xb3, 0x12, 0x0, 0x7f,
    0xf6, 0xe8, 0x1, 0x60, 0x1f, 0xfd, 0x66, 0xb,
    0x0, 0xff, 0xed, 0x89, 0x80, 0x18, 0x3, 0xff,
    0xad, 0x40, 0xc0, 0x1f, 0xfd, 0xb7, 0x0, 0x18,
    0x80, 0x7f, 0xf5, 0x48, 0xd8, 0x3, 0xff, 0xb9,
    0xa0, 0x4, 0x0, 0xff, 0xeb, 0x50, 0x50, 0x7,
    0xff, 0x71, 0x0, 0x16, 0x1, 0xff, 0xd6, 0x62,
    0x30, 0xf, 0xfe, 0xda, 0x0, 0x4, 0xc0, 0x3f,
    0xfa, 0xa4, 0x2a, 0x1, 0xff, 0xdc, 0xd0, 0x2,
    0x0, 0x7f, 0xf5, 0x94, 0x2c, 0x3, 0xff, 0xb8,
    0xa0, 0xd, 0x0, 0xff, 0xeb, 0x68, 0x18, 0x7,
    0xff, 0x70, 0xc0, 0x6, 0x1, 0xff, 0xd6, 0x63,
    0x0, 0xff, 0xee, 0x18, 0x4, 0xa0, 0x1f, 0xfd,
    0x61, 0x60, 0xf, 0xfe, 0xe2, 0x80, 0x42, 0x1,
    0xff, 0xd6, 0x54, 0x10, 0xf, 0xfe, 0xd8, 0x80,
    0x44, 0x1, 0xff, 0xd6, 0x8e, 0x10, 0xf, 0xfe,
    0xff, 0x0, 0x7f, 0xff, 0xc0, 0x80, 0x22, 0x0,
    0xff, 0xff, 0x82, 0x90, 0x1, 0xc0, 0x3f, 0xff,
    0xe0, 0xc, 0x99, 0x80, 0x3f, 0xfa, 0x80,

    /* U+0042 "B" */
    0x0, 0xff, 0xff, 0x92, 0x3c, 0xe6, 0xf7, 0xfb,
    0xb7, 0x25, 0x44, 0x3, 0xff, 0xfe, 0x8, 0xf7,
    0xdb, 0x70, 0xc6, 0x42, 0x0, 0x12, 0x36, 0xae,
    0xb2, 0x0, 0xff, 0xfd, 0x13, 0xdf, 0xdc, 0x20,
    0x80, 0x4, 0xd1, 0x54, 0x86, 0x20, 0x1c, 0x9a,
    0x80, 0x1f, 0xff, 0x64, 0x9e, 0xd8, 0x40, 0x14,
    0x7a, 0xdf, 0xec, 0xba, 0xa5, 0xe7, 0x6c, 0x10,
    0x6, 0xb2, 0x0, 0xff, 0xf9, 0x1c, 0xf5, 0xb0,
    0x82, 0x46, 0x75, 0xc2, 0x90, 0x7, 0xf1, 0x3e,
    0xb8, 0x6, 0x80, 0xf, 0xff, 0x78, 0xc7, 0x63,
    0x8, 0x9a, 0xfe, 0xdc, 0xc0, 0x3f, 0xf8, 0xb0,
    0xe0, 0x12, 0x0, 0x7f, 0xfb, 0x56, 0xf9, 0xc4,
    0x1a, 0xfa, 0x50, 0x3, 0xff, 0x95, 0x0, 0x10,
    0x80, 0x7f, 0xfa, 0x86, 0x3a, 0x90, 0x12, 0xbe,
    0x50, 0x3, 0xff, 0x9c, 0x60, 0x1f, 0xfe, 0xb2,
    0x9e, 0x71, 0x13, 0xf5, 0xa8, 0x7, 0xff, 0x44,
    0x40, 0x8, 0x1, 0xff, 0xe6, 0x4b, 0xd6, 0x4,
    0xae, 0x81, 0x0, 0xff, 0xe9, 0x9, 0x0, 0x30,
    0x3, 0xff, 0xc8, 0x99, 0x68, 0xd, 0xb6, 0xa0,
    0x1f, 0xfd, 0x56, 0x0, 0x98, 0x3, 0xff, 0xc4,
    0x99, 0x66, 0x31, 0xd2, 0x40, 0x1f, 0xfd, 0x79,
    0x0, 0x30, 0x80, 0x7f, 0xf8, 0xf, 0x2c, 0xca,
    0x79, 0xc4, 0x3, 0xff, 0xb1, 0x2, 0x0, 0x80,
    0xf, 0xfe, 0xf9, 0x5e, 0x19, 0x56, 0xb0, 0x7,
    0xff, 0x68, 0xdc, 0x1, 0x2, 0x1, 0xff, 0xdd,
    0x1a, 0xd4, 0x2a, 0xd5, 0x0, 0xff, 0xed, 0x8f,
    0x0, 0x9, 0xc0, 0x3f, 0xfb, 0xaf, 0xca, 0x33,
    0xaa, 0x1, 0xff, 0xdd, 0xa2, 0x0, 0x78, 0x7,
    0xff, 0x71, 0x36, 0x2, 0x39, 0x80, 0x3f, 0xfb,
    0xd0, 0x80, 0x9, 0x20, 0xf, 0xfe, 0xd0, 0xd5,
    0x93, 0x73, 0x80, 0x78, 0x40, 0x3f, 0xfb, 0xc,
    0xe0, 0x6, 0x60, 0x7, 0xff, 0x69, 0x7d, 0x4b,
    0x24, 0x40, 0x3d, 0x3c, 0xa0, 0x1f, 0xfd, 0x65,
    0x90, 0x2, 0x48, 0x7, 0xff, 0x64, 0x6a, 0x82,
    0xfa, 0x60, 0x1f, 0xb, 0x6, 0x80, 0x7f, 0xf5,
    0x56, 0x80, 0x5, 0x40, 0x1f, 0xfd, 0x94, 0xf5,
    0x2c, 0x80, 0xf, 0xe9, 0x0, 0x60, 0x7, 0xff,
    0x51, 0x68, 0x0, 0x58, 0x20, 0x1f, 0xfd, 0x88,
    0xb1, 0x6d, 0x30, 0xf, 0xf3, 0x80, 0x14, 0x3,
    0xff, 0xa6, 0xb4, 0x0, 0x1f, 0x10, 0xf, 0xfe,
    0xb8, 0xe3, 0x85, 0x48, 0x7, 0xfc, 0xc0, 0x3,
    0x10, 0xf, 0xfe, 0x93, 0x50, 0x0, 0xbc, 0x80,
    0x3f, 0xfa, 0xe7, 0xe6, 0x38, 0xa0, 0x1f, 0xfc,
    0xb, 0x0, 0x58, 0x7, 0xff, 0x4a, 0x24, 0x0,
    0x58, 0x20, 0x1f, 0xfd, 0x74, 0xc1, 0x3f, 0x30,
    0xf, 0xfe, 0x2, 0x10, 0x1, 0x40, 0x3f, 0xfa,
    0x34, 0xe0, 0x2, 0xc1, 0x0, 0xff, 0xeb, 0xad,
    0x81, 0xe0, 0x80, 0x7f, 0xf0, 0x7c, 0x0, 0x44,
    0x0, 0xff, 0xe7, 0x8e, 0x28, 0x0, 0xf0, 0x40,
    0x3f, 0xfa, 0xe9, 0x40, 0x98, 0x1, 0xff, 0xc2,
    0x24, 0x0, 0x20, 0x7, 0xff, 0x3c, 0xb0, 0xc0,
    0x9, 0x82, 0x1, 0xff, 0xd7, 0x2b, 0x3, 0xb0,
    0xf, 0xfe, 0x1d, 0x80, 0x5a, 0x1, 0xff, 0xce,
    0x4c, 0x20, 0x3, 0x58, 0x7, 0xff, 0x67, 0xc0,
    0xb4, 0x3, 0xff, 0x86, 0x2c, 0x1, 0x28, 0x7,
    0xff, 0x35, 0xec, 0x40, 0x11, 0x20, 0x1f, 0xfd,
    0x98, 0x20, 0xf1, 0x0, 0xff, 0xe1, 0xb0, 0x4,
    0x42, 0x1, 0xff, 0xcc, 0xa8, 0x0, 0xa9, 0xc0,
    0x3f, 0xfb, 0x24, 0xe1, 0x44, 0x1, 0xff, 0xc4,
    0xa0, 0x9, 0x0, 0x3f, 0xf9, 0x65, 0xaa, 0x0,
    0x2d, 0x50, 0xf, 0xfe, 0xd4, 0x82, 0xa8, 0x3,
    0xff, 0x88, 0x84, 0x0, 0xba, 0x0, 0xff, 0xe5,
    0x26, 0x10, 0x0, 0xf0, 0x80, 0x3f, 0xfb, 0x46,
    0x81, 0x60, 0x1f, 0xfc, 0x5f, 0x0, 0x3a, 0x18,
    0x7, 0xff, 0x26, 0x2c, 0x40, 0xd, 0x82, 0x1,
    0xff, 0xdb, 0x90, 0x71, 0x0, 0xff, 0xe2, 0x12,
    0x0, 0x24, 0x3, 0xff, 0x92, 0x38, 0xe0, 0x15,
    0x48, 0x7, 0xff, 0x70, 0x54, 0x24, 0x3, 0xff,
    0x8b, 0x60, 0x6, 0x10, 0xf, 0xfe, 0x42, 0x79,
    0x80, 0xf, 0x54, 0x3, 0xff, 0xba, 0xe0, 0x82,
    0x1, 0xff, 0xc5, 0x60, 0x5, 0x80, 0x7f, 0xf2,
    0x26, 0xc4, 0x0, 0xd8, 0x40, 0x1f, 0xfd, 0xed,
    0xd, 0x0, 0xff, 0xe2, 0xb0, 0x1, 0x8, 0x3,
    0xff, 0x8c, 0x5a, 0xc0, 0x1, 0xa9, 0x0, 0xff,
    0xf0, 0x20, 0x38, 0x7, 0xff, 0x16, 0xc0, 0x10,
    0x1, 0xff, 0xc6, 0x6d, 0x20, 0x2, 0x7a, 0x80,
    0x7f, 0xf8, 0x10, 0x8, 0x40, 0x3f, 0xf8, 0x88,
    0x40, 0x66, 0x0, 0xff, 0xe2, 0xd, 0xc8, 0x5,
    0x16, 0x20, 0x1f, 0xfe, 0x13, 0x7, 0x0, 0xff,
    0xe2, 0xf0, 0x2, 0x0, 0x3f, 0xf8, 0x8d, 0xc8,
    0x0, 0x2d, 0x70, 0xf, 0xff, 0x1e, 0x86, 0x80,
    0x7f, 0xf1, 0x5, 0x40, 0x90, 0x3, 0xff, 0x84,
    0x37, 0x20, 0x13, 0xe9, 0x0, 0x7f, 0xf9, 0x18,
    0x4, 0x3, 0xff, 0x89, 0x20, 0xb, 0x0, 0xff,
    0xe1, 0x2f, 0xa0, 0x0, 0xb2, 0x0, 0x91, 0x9e,
    0x26, 0xae, 0xec, 0xbb, 0x54, 0xc3, 0x20, 0x80,
    0x7f, 0xf4, 0x88, 0x8, 0x3, 0xff, 0x88, 0xc0,
    0x2c, 0x1, 0xff, 0xc0, 0x2b, 0xa1, 0x0, 0xb,
    0xff, 0x7e, 0xdc, 0xc3, 0xb2, 0xa2, 0x46, 0x88,
    0x56, 0x79, 0xbe, 0xe5, 0xb0, 0x80, 0x7f, 0xf3,
    0x84, 0x1c, 0x3, 0xff, 0x86, 0xa2, 0xc, 0x1,
    0xff, 0xc0, 0x7d, 0x40, 0xc, 0x2a, 0x62, 0x6a,
    0xf1, 0x57, 0xba, 0xee, 0x7f, 0xdd, 0xcc, 0xb9,
    0x62, 0x14, 0x9e, 0xa2, 0x0, 0xff, 0xe7, 0x8,
    0x7, 0xff, 0xe, 0x40, 0x12, 0x1, 0xf8, 0xde,
    0xfe, 0x0, 0x31, 0xb4, 0xe7, 0x7e, 0x54, 0x3a,
    0xa1, 0x10, 0x44, 0x1, 0x8, 0x8d, 0x1a, 0x77,
    0xa4, 0x81, 0x76, 0x0, 0x3f, 0xf9, 0x42, 0x0,
    0x30, 0xf, 0xfe, 0x11, 0x18, 0x28, 0x80, 0x64,
    0x8c, 0xfc, 0x84, 0x0, 0x9b, 0x7f, 0x25, 0x8c,
    0x40, 0x3f, 0xf9, 0x22, 0xdb, 0x42, 0xf, 0x60,
    0x1f, 0xfd, 0xbb, 0x0, 0x48, 0xb, 0xdf, 0xdb,
    0x98, 0x7, 0x1e, 0x49, 0x0, 0x7f, 0xf4, 0x97,
    0x8, 0x12, 0xc0, 0x3f, 0xf9, 0x62, 0x1, 0xff,
    0xc2, 0x60, 0x25, 0xce, 0x84, 0x0, 0x18, 0x6,
    0x19, 0xc3, 0x0, 0xff, 0xea, 0x96, 0x0, 0x11,
    0x40, 0x3f, 0xfb, 0xc, 0x0, 0x29, 0x30, 0x16,
    0xa7, 0x30, 0xa, 0x39, 0x80, 0x3f, 0xfb, 0x3,
    0x0, 0xe, 0x0, 0xff, 0xe3, 0x88, 0x0, 0x40,
    0x3f, 0xf8, 0x3, 0x60, 0x18, 0xef, 0xb9, 0x6e,
    0x0, 0x7e, 0x70, 0xf, 0xfe, 0xda, 0x80, 0x10,
    0x3, 0xff, 0xac, 0xdc, 0x40, 0x11, 0x46, 0xf4,
    0x8, 0x37, 0x40, 0x80, 0x7f, 0xf7, 0x8, 0x2,
    0x10, 0xf, 0xfe, 0x38, 0x81, 0x80, 0x7f, 0xa6,
    0x40, 0x1c, 0x56, 0xc2, 0x28, 0xe9, 0x10, 0xf,
    0xff, 0x11, 0x80, 0x7f, 0xf1, 0xcc, 0x4, 0x3,
    0xf9, 0x58, 0x3, 0xf2, 0x57, 0x38, 0x80, 0x7f,
    0xf8, 0x4, 0x2, 0x30, 0xf, 0xfe, 0x3b, 0x3,
    0x80, 0x7f, 0x10, 0x7, 0xa, 0xcf, 0x5a, 0x80,
    0x7f, 0xf8, 0xd4, 0x0, 0x22, 0x0, 0xff, 0xe3,
    0x88, 0x8, 0x7, 0xf3, 0xd8, 0x0, 0xb7, 0xa9,
    0x84, 0x3, 0xff, 0xcb, 0x80, 0x4, 0x0, 0xff,
    0xe4, 0x10, 0x18, 0x7, 0xff, 0x6, 0xc8, 0x3,
    0xff, 0xd2, 0xc0, 0xc, 0x0, 0xff, 0xe4, 0x78,
    0x8, 0x7, 0xfb, 0xc0, 0xe, 0x1, 0xff, 0xe9,
    0x41, 0x0, 0x38, 0x7, 0xff, 0x20, 0x83, 0x80,
    0x3f, 0x89, 0x1, 0x44, 0x3, 0xff, 0xd3, 0x0,
    0x5, 0x10, 0xf, 0xfe, 0x43, 0x1, 0x0, 0x7f,
    0x50, 0x2, 0x40, 0x3f, 0xfd, 0x28, 0x60, 0x8,
    0x0, 0xff, 0xe4, 0x90, 0x38, 0x7, 0xf3, 0x1,
    0x18, 0x7, 0xff, 0xa6, 0x40, 0xa, 0x40, 0x1f,
    0xfc, 0x91, 0x2, 0x0, 0xfc, 0xa2, 0x14, 0x1,
    0xff, 0xe9, 0x72, 0x0, 0x40, 0x7, 0xff, 0x2c,
    0x84, 0x3, 0xf7, 0x0, 0x18, 0x3, 0xff, 0xd0,
    0x50, 0x0, 0x72, 0x0, 0xff, 0xe5, 0xb0, 0x8,
    0x7, 0x89, 0x1, 0x44, 0x3, 0xff, 0xd1, 0xe0,
    0x1, 0x80, 0xf, 0xfe, 0x61, 0x1, 0x0, 0x7a,
    0x80, 0x1c, 0x1, 0xff, 0xe8, 0xa2, 0x0, 0x50,
    0x7, 0xff, 0x37, 0x81, 0xc0, 0x3c, 0xc0, 0x48,
    0x1, 0xff, 0xe7, 0x65, 0x0, 0x32, 0x0, 0x7f,
    0xf3, 0x48, 0x8, 0x3, 0x94, 0x42, 0x80, 0x3f,
    0xfc, 0xe7, 0x20, 0x3, 0x90, 0xf, 0xfe, 0x73,
    0x7, 0x0, 0x77, 0x0, 0x18, 0x3, 0xff, 0xcc,
    0x5a, 0x1, 0x70, 0x7, 0xff, 0x3c, 0x80, 0x40,
    0x31, 0x20, 0x28, 0x80, 0x7f, 0xf9, 0x47, 0xc4,
    0x1, 0x44, 0x1, 0xff, 0xcf, 0x10, 0x20, 0xd,
    0x40, 0xe, 0x0, 0xff, 0xf2, 0x8e, 0x10, 0x2,
    0x54, 0x3, 0xff, 0xa2, 0x4c, 0x1, 0x98, 0x9,
    0x0, 0x3f, 0xfc, 0xba, 0x40, 0x7, 0x60, 0xf,
    0xfe, 0x93, 0x10, 0x4, 0x82, 0x14, 0x1, 0xff,
    0xe4, 0x1c, 0x30, 0x3, 0x40, 0x7, 0xff, 0x4c,
    0x80, 0x37, 0x0, 0x18, 0x3, 0xff, 0xc6, 0x38,
    0x60, 0x6, 0x90, 0xf, 0xfe, 0xa0, 0x81, 0x0,
    0xa8, 0x20, 0x80, 0x7f, 0xf8, 0x8b, 0x8, 0x0,
    0xd2, 0x1, 0xff, 0xd5, 0xe0, 0x10, 0x60, 0x7,
    0x80, 0x7f, 0xf8, 0x8f, 0x8, 0x0, 0xf2, 0x1,
    0xff, 0xd6, 0x30, 0x60, 0xa0, 0x14, 0x0, 0xff,
    0xf0, 0xae, 0x8, 0x2, 0x20, 0x1, 0xff, 0xd7,
    0x10, 0x33, 0x10, 0x30, 0x7, 0xff, 0x86, 0x28,
    0x2, 0xa7, 0x0, 0xff, 0xec, 0x38, 0xd, 0x0,
    0x28, 0x3, 0xff, 0x9e, 0x6a, 0xd1, 0x37, 0x9b,
    0xae, 0xe7, 0xf7, 0x37, 0x2f, 0x1c, 0x0, 0x38,
    0xa0, 0x1f, 0xfd, 0x91, 0xf, 0x70, 0x42, 0x0,
    0xff, 0xe4, 0xa, 0x3d, 0x67, 0x7e, 0x54, 0xa9,
    0xa, 0x55, 0xc5, 0xd5, 0xc5, 0xb2, 0x18, 0x0,
    0xbc, 0xc0, 0x3f, 0xfb, 0x46, 0xc, 0x21, 0xc0,
    0x1f, 0xfc, 0x53, 0x7b, 0xee, 0x5c, 0x23, 0xba,
    0x6f, 0x7f, 0x6e, 0xa1, 0xd9, 0x8a, 0xb3, 0xa,
    0x80, 0x4d, 0xa2, 0x1, 0xff, 0xdb, 0x30, 0x10,
    0x15, 0x0, 0xff, 0xe0, 0xa4, 0x67, 0xe4, 0x21,
    0x3d, 0x6f, 0x5c, 0xb2, 0x10, 0x7, 0xf8, 0x6e,
    0x0, 0x2a, 0x90, 0xf, 0xff, 0xb, 0x0, 0x7f,
    0x89, 0xaf, 0xed, 0xcd, 0x23, 0x3f, 0x21, 0x48,
    0x3, 0xff, 0x86, 0xbe, 0x80, 0x3, 0xd5, 0x0,
    0xff, 0xf1, 0x50, 0x7, 0xc7, 0x1b, 0xa9, 0x43,
    0x7b, 0xfb, 0x73, 0x0, 0xff, 0xe3, 0xcd, 0x8,
    0x1, 0xf0, 0x80, 0x3f, 0xfc, 0x48, 0x40, 0x18,
    0xa3, 0x71, 0xc8, 0xe3, 0x72, 0x10, 0x3, 0xff,
    0x92, 0x9c, 0xc0, 0x2, 0xc8, 0x0, 0xff, 0xf0,
    0x88, 0x3, 0x80, 0x2, 0xdb, 0xa7, 0x23, 0x9e,
    0xc7, 0x20, 0xf, 0xfe, 0x50, 0xd5, 0x88, 0x1,
    0xf4, 0xc0, 0x3f, 0xfc, 0x56, 0x2, 0xa7, 0x5d,
    0x24, 0x2f, 0xb8, 0xc2, 0x1, 0xff, 0xcc, 0x7e,
    0x50, 0x1, 0x64, 0x0, 0x7f, 0xf9, 0x18, 0xf,
    0x71, 0x41, 0x6f, 0xa0, 0x80, 0x3f, 0xf9, 0xa7,
    0x90, 0x1, 0x46, 0x98, 0x7, 0xff, 0x91, 0x4,
    0x8, 0x83, 0x1d, 0x48, 0x1, 0xff, 0xce, 0x19,
    0xc3, 0x0, 0x2f, 0x38, 0x7, 0xff, 0x90, 0x66,
    0xc0, 0x7, 0x5c, 0xe2, 0x1, 0xff, 0xcf, 0x8e,
    0x60, 0x1, 0x5d, 0x8, 0x7, 0xff, 0x8c, 0x63,
    0x98, 0x2, 0xc5, 0x0, 0xff, 0xe8, 0x37, 0x38,
    0x0, 0x67, 0x50, 0x3, 0xff, 0xc6, 0x31, 0xce,
    0x2, 0x0, 0x20, 0xf, 0xfe, 0x82, 0xec, 0x88,
    0x1, 0xf9, 0x80, 0x3f, 0xfc, 0x8f, 0xce, 0x9,
    0x8e, 0x0, 0x60, 0xf, 0xfe, 0x72, 0x65, 0x10,
    0x1, 0xba, 0x0, 0x3f, 0xfc, 0x89, 0xb0, 0x5,
    0x76, 0x37, 0x0, 0x10, 0x7, 0xff, 0x31, 0x76,
    0xcc, 0x0, 0xbb, 0x22, 0x1, 0xff, 0xe3, 0x2b,
    0xb1, 0xc, 0xea, 0x2, 0x8, 0x3, 0xc0, 0x3f,
    0xf9, 0x4b, 0xb4, 0x40, 0x5, 0xda, 0x20, 0xf,
    0xff, 0x24, 0x6a, 0x2, 0xfb, 0x0, 0x5a, 0x1,
    0x28, 0x7, 0xff, 0x21, 0xb6, 0x88, 0x0, 0xdb,
    0x44, 0x1, 0xff, 0xe4, 0x2d, 0x70, 0x1b, 0xa1,
    0x0, 0xce, 0x1, 0x18, 0x7, 0xff, 0x14, 0x63,
    0xa4, 0x80, 0xd, 0xd2, 0x40, 0x1f, 0xfe, 0x54,
    0xc2, 0x4, 0xf4, 0x0, 0xe3, 0x10, 0x1, 0x0,
    0x7f, 0xf1, 0xe, 0xb9, 0xc4, 0x6, 0x3a, 0x44,
    0x3, 0xff, 0xcc, 0x76, 0x20, 0xd6, 0x20, 0x1e,
    0xb0, 0x9, 0x0, 0x3f, 0xf8, 0x22, 0xfb, 0x8a,
    0x0, 0x3a, 0xe7, 0x10, 0xf, 0xff, 0x47, 0x0,
    0x1e, 0x40, 0x3f, 0x28, 0x5, 0x80, 0x1f, 0xf2,
    0xd7, 0x41, 0x0, 0x17, 0x30, 0xa0, 0x1f, 0xfe,
    0xa5, 0x20, 0x48, 0x0, 0xfc, 0x24, 0x1, 0x20,
    0x7, 0xe4, 0x9f, 0xa5, 0x0, 0x14, 0xfd, 0x18,
    0x7, 0xff, 0xb3, 0x0, 0x1e, 0x1, 0xfc, 0x80,
    0x11, 0x88, 0x6, 0x15, 0xaf, 0xb6, 0x0, 0xb,
    0x66, 0xb0, 0x7, 0xff, 0xbc, 0x40, 0x2, 0x1,
    0xfd, 0x80, 0x15, 0x80, 0xa4, 0x67, 0x52, 0x80,
    0x4b, 0x7d, 0x26, 0x1, 0xff, 0xf1, 0xa0, 0x5,
    0x41, 0x80, 0x7c, 0x80, 0x15, 0xf7, 0x2d, 0xcc,
    0x0, 0x2d, 0x7f, 0x48, 0x1, 0xff, 0xf4, 0x2a,
    0x0, 0x3e, 0x7f, 0x6e, 0xdd, 0xe4, 0x1, 0x18,
    0x80, 0x49, 0x19, 0xd2, 0x80, 0x1f, 0xff, 0x85,
    0xd5, 0x0, 0x84, 0x8a, 0x10, 0xe, 0x14, 0x8b,
    0xfb, 0x73, 0x0, 0xff, 0xfe, 0x15, 0x7d, 0xc2,
    0x90, 0x88, 0x3, 0x1f, 0x72, 0xdd, 0x0, 0x3f,
    0xff, 0xe0, 0x19, 0x1e, 0xb7, 0xb9, 0xfe, 0x0,
    0x78, 0x80, 0x7f, 0xff, 0xc0, 0x3f, 0xf8, 0x97,
    0x86, 0x1, 0xff, 0xff, 0x0, 0x80,

    /* U+0043 "C" */
    0x0, 0xff, 0xff, 0x80, 0x62, 0x56, 0x62, 0xa0,
    0x80, 0x7f, 0xff, 0xc0, 0x38, 0xe3, 0x3f, 0x6a,
    0x65, 0x57, 0xd8, 0xc0, 0x1f, 0xff, 0xf2, 0x8e,
    0xc7, 0x30, 0xf, 0xc7, 0x36, 0x1, 0xff, 0xfc,
    0x5c, 0xd7, 0x10, 0x1, 0x3d, 0x6f, 0x7f, 0x63,
    0x80, 0x11, 0x40, 0x3f, 0xff, 0x2d, 0xb4, 0x60,
    0x2, 0x8d, 0xd4, 0x29, 0x8, 0x9, 0xc6, 0x88,
    0x70, 0x7, 0xff, 0xdd, 0x76, 0x48, 0x0, 0x97,
    0xae, 0x40, 0x1f, 0xc5, 0x60, 0x80, 0x1f, 0xff,
    0x54, 0xda, 0x20, 0x2, 0xed, 0xa0, 0x7, 0xff,
    0x5, 0x44, 0x4, 0x3, 0xff, 0xe4, 0x35, 0x64,
    0x0, 0x4c, 0xa2, 0x0, 0xff, 0xe2, 0x20, 0x7,
    0xff, 0xcd, 0xf9, 0x40, 0x5, 0x76, 0x30, 0xf,
    0xfe, 0x31, 0x80, 0x80, 0x7f, 0xfb, 0xcb, 0x20,
    0x2, 0x9d, 0x40, 0xf, 0xfe, 0x48, 0x80, 0x7f,
    0xfb, 0xdf, 0x4c, 0x0, 0xbc, 0xc0, 0x1f, 0xfc,
    0xa2, 0x50, 0xf, 0xff, 0x69, 0x64, 0x0, 0x6,
    0xa8, 0x20, 0x1f, 0xfc, 0xb5, 0xc0, 0xf, 0xff,
    0x63, 0x69, 0x80, 0x17, 0xd4, 0x3, 0xff, 0x98,
    0x42, 0xa0, 0x1f, 0xfe, 0xa1, 0xa9, 0x0, 0xa6,
    0x84, 0x3, 0xff, 0x9a, 0xa6, 0x40, 0x1f, 0xfe,
    0x93, 0xc5, 0x0, 0x1e, 0xb0, 0x7, 0xff, 0x3e,
    0xa8, 0x1, 0xff, 0xe9, 0x6c, 0x20, 0x3, 0x61,
    0x0, 0x7f, 0xf3, 0xd4, 0xd8, 0x3, 0xff, 0xd1,
    0x32, 0x0, 0xaa, 0x40, 0x3f, 0xfa, 0x31, 0x0,
    0xf, 0xff, 0x38, 0xe3, 0x0, 0xb, 0x54, 0x3,
    0xff, 0xa2, 0xe0, 0xc0, 0x1f, 0xfe, 0x63, 0xf3,
    0x0, 0x26, 0x10, 0x7, 0xff, 0x44, 0xa3, 0x80,
    0x3f, 0xfc, 0xcb, 0x82, 0x0, 0x7b, 0x10, 0xf,
    0xfe, 0x97, 0xc1, 0x80, 0x7f, 0xf9, 0x5e, 0x80,
    0x2a, 0x80, 0xf, 0xfe, 0x9d, 0xbb, 0x80, 0x3f,
    0xfc, 0xb3, 0x0, 0x1, 0xc5, 0x0, 0xff, 0xe9,
    0xd0, 0x50, 0x7, 0xff, 0x96, 0xd8, 0x0, 0x58,
    0x60, 0x1f, 0xfd, 0x3b, 0x1b, 0x0, 0xff, 0xf2,
    0xe, 0x20, 0x0, 0xf0, 0x80, 0x3f, 0xfa, 0x43,
    0x83, 0x60, 0x1f, 0xfe, 0x41, 0xc3, 0x0, 0x2e,
    0x8, 0x7, 0xff, 0x49, 0x7e, 0xe8, 0x3, 0xff,
    0xc8, 0x5e, 0x40, 0x6, 0xa0, 0xf, 0xfe, 0x90,
    0xd4, 0x6b, 0x80, 0x7f, 0xf9, 0xb, 0x4, 0x0,
    0xf2, 0x1, 0xff, 0xd1, 0x18, 0xf2, 0xd3, 0x0,
    0xff, 0xf2, 0x16, 0x8, 0x2, 0x20, 0x1, 0xff,
    0xd0, 0x29, 0xe2, 0xc8, 0x0, 0xff, 0xf2, 0x96,
    0x8, 0x2, 0x5c, 0x3, 0xff, 0x9c, 0x6f, 0x98,
    0x1d, 0xa2, 0x0, 0xff, 0xf2, 0x9e, 0x8, 0x2,
    0x58, 0x3, 0xff, 0x9c, 0xfd, 0xc8, 0xe8, 0x20,
    0xf, 0xff, 0x31, 0x68, 0x80, 0x29, 0x80, 0x3f,
    0xf9, 0xef, 0xb2, 0x80, 0x1f, 0xfe, 0x82, 0xc1,
    0x0, 0x52, 0x80, 0x7f, 0xff, 0xc0, 0x3f, 0xe,
    0x8, 0x2, 0x94, 0x3, 0xff, 0xfe, 0x1, 0xf8,
    0x70, 0x40, 0x12, 0xa0, 0x1f, 0xff, 0xf0, 0xf,
    0xc3, 0x84, 0x0, 0x96, 0x0, 0xff, 0xff, 0x80,
    0x7f, 0x69, 0x0, 0x25, 0x80, 0x3f, 0xff, 0xe0,
    0x1f, 0xd6, 0x60, 0x8, 0x60, 0xf, 0xff, 0xf8,
    0x7, 0xf5, 0x20, 0x1, 0x9c, 0x3, 0xff, 0xfe,
    0x1, 0xfd, 0xa, 0x0, 0x59, 0x0, 0xff, 0xff,
    0x80, 0x7f, 0x33, 0x80, 0x12, 0x80, 0x3f, 0xff,
    0xe0, 0x1f, 0xc9, 0x20, 0x3, 0xb0, 0xf, 0xff,
    0xf8, 0x7, 0xf1, 0x58, 0x0, 0xb4, 0x3, 0xff,
    0xfe, 0x1, 0xfc, 0x3e, 0x1, 0x78, 0x80, 0x7f,
    0xff, 0xc0, 0x3f, 0xa8, 0x80, 0x16, 0x40, 0x1f,
    0xff, 0xf0, 0xf, 0xe8, 0x40, 0x4, 0x20, 0x7,
    0xff, 0xfc, 0x3, 0xf9, 0x5c, 0x0, 0xae, 0x1,
    0xff, 0xff, 0x0, 0xfe, 0x3a, 0x0, 0x1d, 0x0,
    0x7f, 0xff, 0xc0, 0x3f, 0x87, 0x40, 0x3, 0xa0,
    0x1f, 0xff, 0xf0, 0xf, 0xf5, 0x8, 0x2, 0x84,
    0x3, 0xff, 0xfe, 0x1, 0xfc, 0xe8, 0x0, 0x84,
    0x0, 0xff, 0xff, 0x80, 0x7f, 0x1c, 0x0, 0x11,
    0xc0, 0x3f, 0xff, 0xe0, 0x1f, 0xee, 0x0, 0xd,
    0x0, 0x7f, 0xff, 0xc0, 0x3f, 0xd2, 0x40, 0xd,
    0x10, 0xf, 0xff, 0xf8, 0x7, 0xf2, 0xb0, 0x2,
    0xc, 0x3, 0xff, 0xfe, 0x1, 0xfc, 0x36, 0x0,
    0x37, 0x0, 0xff, 0xff, 0x80, 0x7f, 0xac, 0x40,
    0x1c, 0x1, 0xff, 0xff, 0x0, 0xff, 0x2a, 0x80,
    0x10, 0x40, 0x1f, 0xff, 0xf0, 0xf, 0xe1, 0xb0,
    0x1, 0xb8, 0x7, 0xff, 0xc9, 0x38, 0x3, 0xff,
    0x93, 0x62, 0x0, 0xe0, 0xf, 0xff, 0x9d, 0x48,
    0x7, 0xff, 0x21, 0x14, 0x1, 0x24, 0x1, 0xff,
    0xf2, 0xa3, 0x70, 0xf, 0xfe, 0x45, 0x0, 0xd,
    0x80, 0x3f, 0xfe, 0x48, 0xbc, 0x1, 0xff, 0xc8,
    0x81, 0x0, 0x78, 0x7, 0xff, 0xc8, 0x69, 0x8c,
    0x3, 0xff, 0x8e, 0x4e, 0x0, 0x63, 0x0, 0xff,
    0xf9, 0x58, 0x48, 0x7, 0xff, 0x22, 0x0, 0x3,
    0x0, 0x1f, 0xff, 0x24, 0x5a, 0x0, 0xff, 0xe4,
    0x1a, 0x80, 0x20, 0x40, 0x3f, 0xfe, 0x23, 0x4c,
    0x80, 0x1f, 0xfc, 0x8f, 0x0, 0x13, 0x0, 0x7f,
    0xfc, 0xb4, 0xe4, 0x3, 0xff, 0x90, 0x86, 0x0,
    0x80, 0xf, 0xff, 0x94, 0x9f, 0x0, 0x7f, 0xf2,
    0x60, 0x0, 0x6a, 0x1, 0xff, 0xf1, 0x56, 0x83,
    0x0, 0xff, 0xe4, 0x21, 0x80, 0x20, 0x3, 0xff,
    0xe2, 0x54, 0x8e, 0x1, 0xff, 0xc9, 0x80, 0x1,
    0xa0, 0x7, 0xff, 0xc0, 0x7c, 0xa8, 0x3, 0xff,
    0x92, 0x86, 0x0, 0x80, 0xf, 0xff, 0x8d, 0x17,
    0x88, 0x7, 0xff, 0x27, 0xc0, 0x4, 0x80, 0x1f,
    0xff, 0x9, 0x4a, 0x20, 0xf, 0xfe, 0x49, 0x20,
    0x2, 0xc0, 0x3f, 0xfe, 0xe, 0xce, 0xa0, 0x1f,
    0xfc, 0xaa, 0x0, 0xb, 0x0, 0x7f, 0xfb, 0xd6,
    0x16, 0x0, 0x3f, 0xf9, 0x6c, 0x0, 0x70, 0xf,
    0xff, 0x7a, 0x51, 0xd0, 0x7, 0xff, 0x2d, 0x44,
    0x1, 0x40, 0x1f, 0xfe, 0xe3, 0xb2, 0xd0, 0xf,
    0xfe, 0x67, 0x0, 0x8, 0xc0, 0x3f, 0xfd, 0xa5,
    0xa3, 0xe2, 0x1, 0xff, 0xcb, 0x14, 0x0, 0x50,
    0x7, 0xff, 0xb4, 0xb0, 0x30, 0x80, 0x3f, 0xf9,
    0x88, 0x1, 0x28, 0x7, 0xff, 0xb0, 0xb0, 0x74,
    0x80, 0x3f, 0xf9, 0xbe, 0x0, 0x22, 0x0, 0x7f,
    0xfa, 0xcf, 0x7, 0xc, 0x3, 0xff, 0x9c, 0x80,
    0x4, 0x0, 0xff, 0xf5, 0x9e, 0xd, 0x98, 0x7,
    0xff, 0x38, 0x84, 0x1, 0x80, 0x1f, 0xfe, 0xa4,
    0xc0, 0xb4, 0x0, 0xff, 0xe7, 0xa0, 0x4, 0x80,
    0x1f, 0xfe, 0x96, 0xb1, 0xc4, 0x0, 0xff, 0xe8,
    0x78, 0x0, 0x44, 0x1, 0xff, 0xe8, 0x89, 0x1d,
    0x30, 0xf, 0xfe, 0x8a, 0x80, 0x14, 0x3, 0xff,
    0xd1, 0x4e, 0x58, 0x60, 0x1f, 0xfd, 0x22, 0x0,
    0x10, 0x7, 0xff, 0x98, 0x71, 0x4f, 0x8, 0x3,
    0xff, 0xa6, 0x20, 0xe, 0x0, 0xff, 0xf2, 0x9f,
    0x9a, 0xe0, 0x80, 0x7f, 0xf4, 0xc4, 0x2, 0x20,
    0xf, 0xff, 0x23, 0x60, 0xbd, 0x0, 0x7f, 0xf5,
    0x4c, 0x3, 0xff, 0xcf, 0x52, 0x15, 0x0, 0x1f,
    0xff, 0xf0, 0xf, 0xe3, 0xd5, 0x2d, 0x50, 0xf,
    0xff, 0xf8, 0x7, 0xf4, 0x61, 0x2e, 0x90, 0x7,
    0xff, 0x60, 0x80, 0x22, 0x0, 0xff, 0xef, 0x1e,
    0xb8, 0x4d, 0x0, 0x7f, 0xf6, 0xc4, 0x1, 0xe0,
    0x1f, 0xfd, 0xd8, 0xc2, 0x26, 0xb0, 0x7, 0xff,
    0x70, 0x80, 0x8, 0x1, 0xff, 0xdb, 0x4d, 0x70,
    0x7d, 0x20, 0xf, 0xfe, 0xea, 0x0, 0xc, 0x3,
    0xff, 0xb2, 0x55, 0x64, 0x7b, 0x0, 0x1f, 0xfd,
    0xfb, 0x0, 0x94, 0x3, 0xff, 0xac, 0x31, 0xaa,
    0x13, 0x84, 0x1, 0xff, 0xe0, 0x32, 0x0, 0x48,
    0x7, 0xff, 0x55, 0xfd, 0xc1, 0x79, 0x80, 0x3f,
    0xfc, 0x76, 0x0, 0x35, 0x0, 0xff, 0xe8, 0x8b,
    0xf4, 0xa, 0x65, 0x8, 0x7, 0xff, 0x91, 0x88,
    0x1, 0x44, 0x1, 0xff, 0xce, 0x29, 0xe8, 0x13,
    0xbb, 0x18, 0x7, 0xff, 0x9f, 0xc0, 0x2c, 0x30,
    0xf, 0xfe, 0x5a, 0xde, 0xb0, 0x1d, 0xe2, 0x0,
    0x7f, 0xfa, 0x4a, 0x80, 0x3, 0x8e, 0x1, 0xff,
    0xc7, 0x4a, 0xfa, 0x40, 0x5c, 0xc2, 0x0, 0x7f,
    0xfb, 0x17, 0x4, 0x1, 0x1c, 0xe2, 0x1, 0xff,
    0xc0, 0x37, 0xbf, 0xb5, 0x2, 0x8e, 0xa3, 0x0,
    0xff, 0xf7, 0x9f, 0xa8, 0x0, 0x63, 0xb6, 0x9d,
    0x95, 0x15, 0xa2, 0x73, 0xf2, 0x10, 0x5, 0xb3,
    0x5c, 0x40, 0x3f, 0xfe, 0x43, 0x58, 0xc2, 0x0,
    0x25, 0x89, 0xab, 0xa9, 0x76, 0x30, 0x1, 0xc6,
    0x74, 0x98, 0x7, 0xff, 0xdc, 0xe7, 0xae, 0x14,
    0x84, 0x2, 0x12, 0x46, 0x9c, 0xfc, 0x73, 0x0,
    0xff, 0xf9, 0x0,

    /* U+0044 "D" */
    0x0, 0xff, 0xed, 0x89, 0xab, 0x45, 0x5e, 0x6f,
    0x73, 0xff, 0xdd, 0xcd, 0xcb, 0x98, 0x65, 0x30,
    0xf, 0xff, 0xf8, 0x7, 0xf8, 0xde, 0xb7, 0xfb,
    0x2a, 0x55, 0x81, 0x91, 0x99, 0x11, 0xce, 0xce,
    0xf3, 0x3b, 0xa6, 0xb3, 0xfb, 0x25, 0x8c, 0x3,
    0xff, 0xfe, 0x0, 0x1c, 0xc4, 0x3b, 0xd5, 0x9d,
    0xfb, 0x97, 0x53, 0x10, 0x77, 0xe8, 0x84, 0xd5,
    0xef, 0x7f, 0x5c, 0xba, 0xb, 0x4e, 0x7e, 0xca,
    0x90, 0x7, 0xff, 0xf2, 0xce, 0x3f, 0x6a, 0x14,
    0xc4, 0x3, 0xff, 0x92, 0x28, 0xd1, 0x5b, 0xd7,
    0xa, 0x6d, 0x5b, 0xa9, 0x50, 0xf, 0xff, 0xcc,
    0x90, 0x7, 0xff, 0x5c, 0x51, 0xeb, 0xb6, 0x10,
    0x9a, 0xbe, 0xd4, 0x40, 0x3f, 0xfe, 0xa7, 0xae,
    0x1, 0xff, 0xdb, 0x27, 0xbf, 0xa5, 0x14, 0xae,
    0xa4, 0x0, 0xff, 0xff, 0x80, 0x7f, 0xf5, 0x96,
    0xba, 0xd4, 0x16, 0xf9, 0xc4, 0x3, 0xff, 0xfe,
    0x1, 0xf4, 0xf2, 0x0, 0x7f, 0xf3, 0x12, 0xba,
    0x8, 0x63, 0xa8, 0x80, 0x3f, 0xff, 0xe0, 0x19,
    0xd8, 0x78, 0x3, 0xff, 0x9c, 0x2f, 0xb4, 0x60,
    0xbb, 0x46, 0x1, 0xff, 0xff, 0x0, 0x48, 0x0,
    0xc0, 0x3f, 0xfa, 0x2b, 0x96, 0x80, 0xb9, 0x44,
    0x1, 0xff, 0xfe, 0x71, 0x0, 0x60, 0x7, 0xff,
    0x4d, 0x2e, 0xc4, 0xb, 0xb0, 0x20, 0x1f, 0xff,
    0xc9, 0x0, 0x90, 0x3, 0xff, 0xaa, 0x9b, 0x22,
    0xf, 0xea, 0x1, 0xff, 0xfa, 0x71, 0x0, 0x20,
    0x80, 0x7f, 0xf5, 0xdb, 0xd4, 0x6, 0xac, 0x40,
    0x3f, 0xff, 0x12, 0x1, 0x70, 0x7, 0xff, 0x64,
    0x6a, 0xc4, 0x13, 0xd0, 0x3, 0xff, 0xec, 0xc2,
    0x0, 0x15, 0x0, 0xff, 0xed, 0xa7, 0xa0, 0xd,
    0xc0, 0x7, 0xff, 0xd6, 0xc0, 0x26, 0x0, 0xff,
    0xee, 0x8d, 0xc0, 0x1, 0xec, 0x40, 0x3f, 0xfe,
    0x4a, 0x40, 0x15, 0x0, 0x7f, 0xf7, 0xde, 0xc4,
    0x13, 0x8, 0x3, 0xff, 0xe3, 0x0, 0x12, 0x10,
    0x7, 0xff, 0x81, 0x30, 0x40, 0xb0, 0x80, 0x3f,
    0xfd, 0xe8, 0x40, 0x17, 0x0, 0x7f, 0xf8, 0x8b,
    0x8, 0x7, 0xc, 0x3, 0xff, 0xdd, 0xe2, 0x0,
    0x15, 0x0, 0xff, 0xf1, 0x96, 0x10, 0xe, 0x90,
    0x7, 0xff, 0xb0, 0x50, 0xc0, 0xc, 0x1, 0xff,
    0xe5, 0x1c, 0x10, 0x1f, 0x10, 0xf, 0xff, 0x5b,
    0x9, 0x0, 0x24, 0x3, 0xff, 0xcc, 0x38, 0x0,
    0x2d, 0x0, 0xff, 0xf5, 0xe0, 0x80, 0x14, 0x40,
    0x3f, 0xfc, 0xe5, 0x60, 0x3, 0x90, 0xf, 0xff,
    0x52, 0x80, 0x5c, 0x1, 0xff, 0xe9, 0x47, 0x0,
    0x32, 0x80, 0x7f, 0xfa, 0x48, 0x0, 0x48, 0x1,
    0xff, 0xea, 0x83, 0x0, 0x58, 0x80, 0x7f, 0xfa,
    0x18, 0x1, 0x60, 0x1f, 0xfe, 0xce, 0x0, 0xd,
    0x80, 0x7f, 0xf9, 0xc5, 0x40, 0xc, 0x1, 0xff,
    0xec, 0x27, 0x0, 0x29, 0x80, 0x7f, 0xf9, 0xa4,
    0x0, 0xc0, 0x1f, 0xfe, 0xe8, 0x10, 0x7, 0x80,
    0x7f, 0xf9, 0x98, 0x1, 0x60, 0x1f, 0xfe, 0xf8,
    0x0, 0x1a, 0x80, 0x7f, 0xf9, 0x18, 0x41, 0x8,
    0x3, 0xff, 0xde, 0xc2, 0x0, 0x90, 0xf, 0xff,
    0x25, 0x0, 0x3c, 0x3, 0xff, 0xe2, 0xc0, 0x3,
    0x30, 0x7, 0xff, 0x88, 0xcc, 0x4, 0x80, 0x1f,
    0xff, 0x19, 0x0, 0xa8, 0x3, 0xff, 0xc5, 0x20,
    0xb, 0x0, 0xff, 0xf9, 0xa, 0x0, 0x1c, 0x3,
    0xff, 0xc2, 0x2a, 0x2, 0xc0, 0x1f, 0xff, 0x3d,
    0x0, 0xa, 0x0, 0x7f, 0xf8, 0x24, 0x0, 0xc0,
    0x1f, 0xff, 0x44, 0x0, 0xb0, 0x3, 0xff, 0xc0,
    0xc0, 0x9, 0x0, 0xff, 0xfa, 0x10, 0x80, 0x10,
    0x3, 0xff, 0xbe, 0xa2, 0xa, 0x20, 0x1f, 0xff,
    0x54, 0x0, 0x18, 0x7, 0xff, 0x7e, 0x40, 0x12,
    0x1, 0xff, 0xf6, 0x20, 0x8, 0x80, 0x3f, 0xfb,
    0xa6, 0x60, 0x33, 0x0, 0x7f, 0xfd, 0xb8, 0x2,
    0x60, 0xf, 0xfe, 0xec, 0x80, 0x24, 0x3, 0xff,
    0xee, 0x40, 0x11, 0x0, 0x7f, 0xf7, 0x5, 0x40,
    0x54, 0x3, 0xff, 0xee, 0xc0, 0x10, 0x80, 0x7f,
    0xf7, 0x18, 0x1, 0x20, 0x1f, 0xff, 0xcf, 0x0,
    0xff, 0xee, 0x48, 0x1, 0x80, 0x3f, 0xff, 0xe0,
    0x1f, 0xfd, 0x95, 0x10, 0x61, 0x0, 0xff, 0xff,
    0x80, 0x7f, 0xf6, 0x64, 0x1, 0x60, 0x1f, 0xff,
    0xdf, 0x0, 0xff, 0xed, 0x11, 0x82, 0x10, 0x7,
    0xff, 0xe5, 0x80, 0x21, 0x0, 0xff, 0xed, 0x58,
    0x3, 0xc0, 0x3f, 0xff, 0x42, 0x1, 0x18, 0x7,
    0xff, 0x64, 0x58, 0x9, 0x0, 0x3f, 0xff, 0x44,
    0x1, 0x30, 0x7, 0xff, 0x65, 0x80, 0x16, 0x1,
    0xff, 0xfb, 0xe0, 0x8, 0xc0, 0x3f, 0xfb, 0x32,
    0x2, 0xc0, 0x1f, 0xff, 0xb5, 0x0, 0x8, 0x7,
    0xff, 0x65, 0x44, 0x24, 0x3, 0xff, 0xf8, 0x60,
    0x4, 0x0, 0xff, 0xec, 0xf0, 0x1, 0x80, 0x3f,
    0xff, 0x66, 0x1, 0x60, 0x7, 0xff, 0x60, 0x90,
    0x18, 0x40, 0x3f, 0xff, 0x68, 0x1, 0x28, 0x7,
    0xff, 0x62, 0xc0, 0x16, 0x1, 0xff, 0xfc, 0xb0,
    0x0, 0x98, 0x7, 0xff, 0x5c, 0x58, 0x10, 0x80,
    0x3f, 0xff, 0x62, 0x60, 0x7, 0x0, 0xff, 0xec,
    0x30, 0x3, 0xc0, 0x3f, 0xff, 0x8e, 0x1, 0x68,
    0x7, 0xff, 0x62, 0x80, 0x90, 0x3, 0xff, 0xf9,
    0x40, 0x12, 0x0, 0x7f, 0xf5, 0xd0, 0x82, 0xc0,
    0x3f, 0xff, 0x86, 0x60, 0x3, 0x0, 0x7f, 0xf6,
    0x3c, 0x5, 0x80, 0x3f, 0xff, 0x92, 0x1, 0x58,
    0x7, 0xff, 0x5c, 0x90, 0x24, 0x3, 0xff, 0x9a,
    0x48, 0xcf, 0x13, 0x57, 0x6c, 0xbb, 0xaa, 0x5d,
    0x4c, 0x3, 0xff, 0xa2, 0x2a, 0x0, 0x32, 0x0,
    0xff, 0xeb, 0xd8, 0x1, 0x80, 0x3f, 0xf8, 0xc4,
    0xb1, 0x59, 0xdf, 0xb7, 0x30, 0xec, 0xa8, 0x83,
    0x44, 0x95, 0xa2, 0xb3, 0xf1, 0x80, 0x3f, 0xf9,
    0xd0, 0x1, 0x48, 0x7, 0xff, 0x61, 0x81, 0x84,
    0x3, 0xff, 0x82, 0x6d, 0x3b, 0xfb, 0x4e, 0xa4,
    0x46, 0x79, 0xab, 0xdd, 0x77, 0x3f, 0xff, 0x77,
    0x32, 0x40, 0x3f, 0xf9, 0xc2, 0xc0, 0x2, 0x50,
    0xf, 0xfe, 0xbb, 0x0, 0x2c, 0x3, 0xfc, 0x91,
    0x9f, 0x92, 0xc6, 0x8f, 0x5b, 0xfd, 0x93, 0xc,
    0xa8, 0x44, 0x11, 0x0, 0x7e, 0x11, 0x1a, 0xb0,
    0x7, 0xff, 0x36, 0x0, 0x28, 0x0, 0xff, 0xec,
    0x58, 0x21, 0x0, 0x78, 0xdf, 0x3e, 0xdc, 0xcc,
    0xf7, 0xdc, 0xb8, 0x52, 0x0, 0xff, 0xf2, 0x93,
    0x0, 0x9, 0x40, 0x3f, 0xfa, 0xe8, 0x41, 0xe0,
    0x19, 0x67, 0xb2, 0xc, 0xcf, 0x7f, 0x90, 0x82,
    0x1, 0xff, 0xea, 0x90, 0xa, 0x40, 0x3f, 0xfb,
    0x1e, 0x4, 0x80, 0xb5, 0xf4, 0xc2, 0x93, 0xd9,
    0x8, 0x1, 0xff, 0xee, 0x54, 0x0, 0x22, 0x0,
    0x3f, 0xfa, 0xe4, 0x80, 0xf5, 0xf4, 0xa0, 0x95,
    0xf6, 0xc2, 0x1, 0xff, 0xf0, 0x1b, 0x0, 0xa4,
    0x3, 0xff, 0xb1, 0x60, 0x5, 0x50, 0x1c, 0xf5,
    0xa8, 0x7, 0xff, 0xd2, 0xc4, 0x0, 0xe4, 0x1,
    0xff, 0xd6, 0x6d, 0x60, 0x0, 0xb6, 0xe3, 0x8,
    0x7, 0xff, 0xd5, 0x54, 0x0, 0x28, 0x0, 0xff,
    0xea, 0xc, 0x74, 0x90, 0x2, 0x7a, 0x48, 0x3,
    0xff, 0xee, 0x36, 0x1, 0x48, 0x7, 0xff, 0x4c,
    0x63, 0x9c, 0x44, 0x0, 0x46, 0x0, 0xff, 0xfd,
    0x68, 0x80, 0x19, 0x0, 0x3f, 0xfa, 0x23, 0x3c,
    0xe0, 0x33, 0xa0, 0xf, 0x0, 0xff, 0xfd, 0x49,
    0x80, 0xa, 0x40, 0x3f, 0xfa, 0x2f, 0xcc, 0x3,
    0x3c, 0xd4, 0x4, 0x80, 0x1f, 0xff, 0x97, 0x60,
    0xb, 0xc0, 0x3f, 0xfa, 0xb, 0xd0, 0x0, 0x7e,
    0x60, 0x3, 0x5, 0x80, 0x7f, 0xfe, 0x56, 0x0,
    0x2a, 0x20, 0xf, 0xfe, 0x71, 0x65, 0x8, 0x2f,
    0x40, 0x4, 0xc0, 0x2c, 0x1, 0xff, 0xf8, 0x4a,
    0x0, 0x9d, 0x40, 0x3f, 0xf9, 0xcf, 0xa6, 0x5,
    0x74, 0x20, 0x1a, 0xc2, 0x40, 0x3f, 0xff, 0x9,
    0x60, 0x12, 0xc0, 0x7, 0xff, 0x34, 0xb2, 0x0,
    0xf, 0xa8, 0x1, 0xc8, 0x40, 0xc0, 0x1f, 0xff,
    0x74, 0xb0, 0x9, 0x28, 0x3, 0xff, 0x9a, 0x98,
    0x60, 0x39, 0x0, 0x1f, 0x70, 0x30, 0x80, 0x7f,
    0xfd, 0x92, 0xc0, 0x23, 0xb0, 0xf, 0xfe, 0x6b,
    0xd8, 0x82, 0xf9, 0x80, 0x7c, 0x2a, 0x16, 0x1,
    0xff, 0xf6, 0x6b, 0x0, 0x8f, 0x0, 0x3f, 0xf9,
    0xb5, 0x0, 0x9, 0xa1, 0x0, 0xfd, 0x20, 0x84,
    0x1, 0xff, 0xf5, 0x79, 0x0, 0x8f, 0x40, 0x3f,
    0xf9, 0xb4, 0xa0, 0xb, 0x60, 0xf, 0xf3, 0x7,
    0x80, 0x7f, 0xfd, 0x6a, 0x0, 0x25, 0xc1, 0x0,
    0xff, 0xe6, 0x52, 0x80, 0xea, 0x0, 0x7f, 0x94,
    0x49, 0x0, 0x3f, 0xfe, 0x63, 0x8a, 0x1, 0x35,
    0x0, 0x7f, 0xf3, 0x69, 0x40, 0xbc, 0x80, 0x3f,
    0xe9, 0xb, 0x0, 0xff, 0xf9, 0xa7, 0x98, 0x5,
    0x12, 0x1, 0xff, 0xcd, 0x85, 0x1, 0xf1, 0x0,
    0xff, 0x8c, 0xc2, 0xc0, 0x1f, 0xff, 0x28, 0xb1,
    0x0, 0xa9, 0xc0, 0x3f, 0xf9, 0xa8, 0xe0, 0x38,
    0x40, 0x1f, 0xfc, 0xa, 0x6, 0x0, 0xff, 0xf8,
    0x96, 0x38, 0x4, 0x38, 0xa0, 0x1f, 0xfc, 0xd1,
    0xa0, 0x6, 0x90, 0x7, 0xff, 0x0, 0x58, 0x24,
    0x3, 0xff, 0xe0, 0xda, 0x60, 0x12, 0x79, 0x80,
    0x7f, 0xf3, 0xac, 0x42, 0xc, 0x3, 0xff, 0x82,
    0xc0, 0xa2, 0x1, 0xff, 0xee, 0x2b, 0x90, 0xd,
    0x16, 0x20, 0x1f, 0xfc, 0xe3, 0x50, 0x37, 0x0,
    0xff, 0xe1, 0x50, 0x48, 0x7, 0xff, 0xba, 0x35,
    0x0, 0x21, 0xc7, 0x0, 0xff, 0xe8, 0x48, 0x3,
    0xc0, 0x3f, 0xf8, 0x48, 0x46, 0x60, 0xf, 0xff,
    0x62, 0x6b, 0x80, 0x65, 0xf3, 0x0, 0xff, 0xe8,
    0xa, 0x81, 0x98, 0x3, 0xff, 0x85, 0xc1, 0x20,
    0x1f, 0xfe, 0xb2, 0xbb, 0x10, 0x4, 0x37, 0x42,
    0x1, 0xff, 0xd1, 0x60, 0x5, 0x0, 0x7f, 0xf0,
    0x85, 0x49, 0x40, 0x3f, 0xfd, 0x23, 0x1a, 0x80,
    0x19, 0xf9, 0x0, 0x3f, 0xfa, 0x7a, 0x0, 0x70,
    0xf, 0xfe, 0x13, 0x5, 0x0, 0x7f, 0xfa, 0x5f,
    0x9c, 0x3, 0x1e, 0x40, 0x7, 0xff, 0x55, 0xc0,
    0x84, 0x3, 0xff, 0x85, 0x20, 0xc0, 0x1f, 0xfe,
    0x77, 0xe8, 0x0, 0xc3, 0x38, 0x60, 0x1f, 0xfd,
    0x62, 0x1, 0x0, 0xff, 0xe1, 0x20, 0xb0, 0x80,
    0x7f, 0xf9, 0x5f, 0xa0, 0x40, 0x34, 0x73, 0x0,
    0x7f, 0xf6, 0x4, 0x3, 0xff, 0x89, 0xc1, 0x40,
    0x1f, 0xfe, 0x32, 0x8e, 0x81, 0x0, 0xcf, 0xce,
    0x1, 0xff, 0xda, 0x30, 0x30, 0xf, 0xfe, 0x12,
    0x99, 0x80, 0x3f, 0xfc, 0x29, 0x7a, 0xe2, 0x1,
    0x9f, 0xa0, 0x40, 0x3f, 0xfb, 0x6e, 0x0, 0x50,
    0xf, 0xfe, 0xc, 0x78, 0x7, 0xff, 0x81, 0xb6,
    0xd0, 0x3, 0xb, 0xf4, 0x8, 0x7, 0xff, 0x77,
    0x80, 0x16, 0x1, 0xff, 0xc1, 0x73, 0x0, 0xff,
    0xee, 0xa5, 0x7c, 0x90, 0x6, 0x29, 0xe8, 0x10,
    0xf, 0xfe, 0xfa, 0x18, 0xd, 0x0, 0x7f, 0xfa,
    0xe, 0x7a, 0xd4, 0x3, 0x92, 0xf5, 0x80, 0x3f,
    0xfc, 0x7c, 0x0, 0x5a, 0x0, 0xff, 0xf2, 0x14,
    0x6e, 0x30, 0x80, 0x62, 0x7d, 0xb4, 0x0, 0xff,
    0xf2, 0x95, 0x80, 0x17, 0x4c, 0x3, 0xff, 0xbe,
    0x93, 0xda, 0xe4, 0x1, 0x85, 0xb3, 0x60, 0x80,
    0x3f, 0xfd, 0x9, 0x82, 0x5, 0x94, 0x40, 0x1f,
    0xfd, 0x93, 0x7b, 0xfb, 0x61, 0x0, 0xe5, 0xbe,
    0x93, 0x0, 0xff, 0xf6, 0x1f, 0xb0, 0x1, 0x77,
    0x18, 0x40, 0x3f, 0xfa, 0x24, 0xb1, 0x9f, 0x90,
    0x80, 0x1c, 0x4d, 0x7f, 0x48, 0x1, 0xff, 0xf0,
    0x19, 0xd5, 0x0, 0x1c, 0xf6, 0xcb, 0x18, 0x80,
    0x7f, 0xf1, 0x89, 0x1e, 0x73, 0xf6, 0x9c, 0xc0,
    0x3c, 0x91, 0xba, 0x94, 0x0, 0xff, 0xfa, 0x95,
    0x74, 0x98, 0x0, 0x9a, 0x73, 0xbf, 0x6e, 0x65,
    0xe, 0xfd, 0x13, 0x57, 0xbd, 0xfb, 0x70, 0xc6,
    0x1, 0xe1, 0x48, 0xcf, 0xb7, 0x20, 0xf, 0xff,
    0xd0, 0xb6, 0x7d, 0xba, 0x8, 0x4, 0x48, 0xcc,
    0x78, 0x8e, 0x76, 0x54, 0x21, 0x0, 0xfc, 0x6d,
    0x5b, 0xd6, 0xe6, 0x1, 0xff, 0xff, 0x0, 0x92,
    0x2f, 0xb9, 0x95, 0xc, 0xa8, 0x64, 0x22, 0x0,
    0xf0, 0x91, 0xa2, 0xbc, 0xdf, 0x7e, 0x4a, 0x90,
    0x7, 0xff, 0xe4,

    /* U+0045 "E" */
    0x0, 0xff, 0xff, 0x80, 0x7f, 0xff, 0xc0, 0x3f,
    0xfb, 0xc4, 0xb3, 0x7b, 0xdf, 0xec, 0x80, 0xf,
    0xff, 0xf8, 0x7, 0xff, 0x3c, 0x5a, 0xbb, 0x69,
    0x90, 0x84, 0x0, 0x6f, 0x0, 0x1f, 0xff, 0xf0,
    0xf, 0xfe, 0x59, 0x3e, 0xf4, 0xa8, 0x82, 0x45,
    0xf7, 0xfa, 0xc0, 0x2, 0x1, 0xff, 0xff, 0x0,
    0xff, 0xe4, 0xb, 0xe6, 0xc1, 0x0, 0x16, 0xfe,
    0xdd, 0x4, 0x0, 0x80, 0xa, 0x0, 0xff, 0xff,
    0x80, 0x7f, 0xf1, 0x92, 0xba, 0xc, 0x0, 0x95,
    0xf4, 0x80, 0x1f, 0x38, 0x31, 0x80, 0x7f, 0xff,
    0xc0, 0x3f, 0xf8, 0x8d, 0xb6, 0xa0, 0x1, 0x7e,
    0xb5, 0x0, 0xfe, 0x48, 0x39, 0x0, 0xff, 0xff,
    0x80, 0x7f, 0xf0, 0x86, 0x3a, 0x48, 0x0, 0x75,
    0xd0, 0x20, 0x1f, 0xe3, 0xb3, 0xd0, 0xf, 0xff,
    0xf8, 0x7, 0xff, 0x4, 0x63, 0x9c, 0x40, 0x9,
    0x78, 0xa0, 0x1f, 0xfc, 0x3, 0xc5, 0xc1, 0x0,
    0xff, 0xff, 0x80, 0x7f, 0xc3, 0x1c, 0xe0, 0x12,
    0x65, 0xa0, 0x7, 0xff, 0x9, 0xf2, 0x80, 0x3f,
    0xff, 0xe0, 0x1f, 0xfc, 0x6, 0xf7, 0x0, 0x8f,
    0x2c, 0xc0, 0x3f, 0xf8, 0x88, 0x60, 0x1f, 0xff,
    0xf0, 0xf, 0xf9, 0x36, 0x44, 0x0, 0x77, 0x86,
    0x1, 0xff, 0xff, 0x0, 0xff, 0xe8, 0x8d, 0x59,
    0x0, 0x6, 0x71, 0x0, 0x3f, 0xff, 0xe0, 0x1f,
    0xfd, 0x26, 0xf5, 0x0, 0x9b, 0xd8, 0x3, 0xff,
    0xfe, 0x1, 0xff, 0xd2, 0x1b, 0x91, 0x0, 0x1e,
    0xc8, 0x80, 0x7f, 0xff, 0xc0, 0x3f, 0xfa, 0x47,
    0xe8, 0x1, 0x46, 0x10, 0x7, 0xff, 0xfc, 0x3,
    0xff, 0xa6, 0xd8, 0x20, 0x3, 0xd7, 0x0, 0xff,
    0xff, 0x80, 0x7f, 0xf5, 0x1e, 0x40, 0x27, 0xc2,
    0x0, 0xff, 0xff, 0x80, 0x7f, 0xf5, 0x22, 0x0,
    0x15, 0x40, 0x7, 0xff, 0xfc, 0x3, 0xff, 0xaa,
    0xee, 0x0, 0xe, 0xa8, 0x7, 0xff, 0xfc, 0x3,
    0xff, 0xaa, 0x90, 0x0, 0x2f, 0x20, 0xf, 0xff,
    0xf8, 0x7, 0xff, 0x5a, 0x40, 0x3, 0x82, 0x1,
    0xff, 0xff, 0x0, 0xff, 0xeb, 0x31, 0x0, 0x34,
    0x40, 0x3f, 0xff, 0xe0, 0x1f, 0xfd, 0x7a, 0x0,
    0x39, 0x80, 0x7f, 0xff, 0xc0, 0x3f, 0xfb, 0x6,
    0x0, 0xa0, 0xf, 0xff, 0xf8, 0x7, 0xff, 0xec,
    0x4d, 0xc, 0x3, 0xff, 0xfe, 0x1, 0x18, 0x2,
    0x0, 0x3f, 0xf9, 0x42, 0x6a, 0xf3, 0x7b, 0xfd,
    0x97, 0x9a, 0x20, 0x1f, 0xff, 0xf0, 0x80, 0x2,
    0xf4, 0xb2, 0x10, 0x80, 0x70, 0x91, 0xa2, 0xbc,
    0x56, 0x6f, 0xf6, 0x54, 0x32, 0x10, 0x7, 0x13,
    0x80, 0x7f, 0xff, 0xc1, 0x28, 0x0, 0x2d, 0x37,
    0xbd, 0xff, 0xdd, 0xb9, 0x75, 0xe, 0xa6, 0x40,
    0x18, 0x40, 0x3f, 0xb, 0x80, 0x7f, 0xff, 0xc0,
    0xb, 0xd0, 0x40, 0x1f, 0xfc, 0x51, 0x46, 0x8b,
    0xb3, 0x8, 0x7, 0xc7, 0x82, 0x1, 0xff, 0xff,
    0x0, 0x85, 0xf7, 0xae, 0x5d, 0xcc, 0xab, 0x33,
    0x22, 0x6b, 0x37, 0xfa, 0xe5, 0x7a, 0xd8, 0x3,
    0x85, 0xb3, 0x4, 0x1, 0xff, 0xff, 0x0, 0xf8,
    0x51, 0xa2, 0x13, 0x55, 0x4c, 0x9d, 0x94, 0xc8,
    0x0, 0x77, 0xaa, 0x1, 0xc9, 0x5d, 0x26, 0x1,
    0xff, 0xff, 0x0, 0xff, 0xe6, 0x95, 0xe2, 0x0,
    0x73, 0x6d, 0xa8, 0x7, 0xff, 0xfc, 0x3, 0xff,
    0x9c, 0x55, 0xa8, 0x1, 0x86, 0x3e, 0x48, 0x3,
    0xff, 0xfe, 0x1, 0xff, 0xce, 0x19, 0xd5, 0x0,
    0xc5, 0x3c, 0xe0, 0x1f, 0xff, 0xf0, 0xf, 0xfe,
    0x84, 0x73, 0x0, 0x62, 0xad, 0x60, 0xf, 0xff,
    0xf8, 0x7, 0xff, 0x41, 0x79, 0xc0, 0x31, 0x4e,
    0xa8, 0x7, 0xff, 0xfc, 0x3, 0xff, 0xa0, 0x79,
    0x42, 0x1, 0xc, 0xeb, 0x0, 0x7f, 0xff, 0xc0,
    0x3f, 0xfa, 0x3, 0x58, 0x60, 0x1a, 0x39, 0x80,
    0x3f, 0xff, 0xe0, 0x1f, 0xfd, 0x16, 0xe5, 0x0,
    0xcd, 0xce, 0x1, 0xff, 0xff, 0x0, 0xff, 0xe8,
    0x96, 0x48, 0x6, 0x4d, 0x91, 0x0, 0xff, 0xff,
    0x80, 0x7f, 0xf4, 0x63, 0x4c, 0x2, 0x2b, 0xb1,
    0x0, 0x7f, 0xff, 0xc0, 0x3f, 0xfa, 0x29, 0xae,
    0x1, 0xa3, 0x50, 0x3, 0xff, 0xfe, 0x1, 0xff,
    0xd2, 0x9b, 0x20, 0x9, 0x35, 0xc0, 0x3f, 0xff,
    0xe0, 0x1f, 0xfd, 0x24, 0xe6, 0x0, 0x86, 0xac,
    0x80, 0x3f, 0xff, 0xe0, 0x1f, 0xfd, 0x28, 0xb1,
    0x0, 0x9b, 0x94, 0x3, 0xff, 0xfe, 0x1, 0xff,
    0xd2, 0x3d, 0x70, 0x8, 0xb2, 0x40, 0x3f, 0xff,
    0xe0, 0x1f, 0xfd, 0x37, 0xc2, 0x0, 0x9b, 0x4c,
    0x3, 0xff, 0xfe, 0x1, 0xff, 0xd2, 0x1b, 0x80,
    0x8, 0xb2, 0x40, 0x3f, 0xff, 0xe0, 0x1f, 0xfd,
    0x34, 0xf4, 0x0, 0x9b, 0x4c, 0x3, 0xff, 0xfe,
    0x1, 0xff, 0xd3, 0x8b, 0x10, 0x0, 0xdc, 0x80,
    0x7f, 0xff, 0xc0, 0x3f, 0xfa, 0x63, 0x8e, 0x1,
    0x27, 0xa0, 0x7, 0xff, 0xfc, 0x3, 0xff, 0xa6,
    0x7e, 0x60, 0x14, 0x58, 0x80, 0x7f, 0xff, 0xc0,
    0x3f, 0xfa, 0x6d, 0x82, 0x0, 0x2c, 0x70, 0xf,
    0xff, 0xf8, 0x7, 0xff, 0x52, 0x64, 0x1, 0x2e,
    0x98, 0x7, 0xff, 0xfc, 0x3, 0xff, 0xa6, 0x38,
    0xc0, 0x14, 0x50, 0x7, 0xff, 0xfc, 0x3, 0xff,
    0xa8, 0x7e, 0x60, 0x1, 0xb7, 0x0, 0xff, 0xff,
    0x80, 0x7f, 0xf5, 0x13, 0x4, 0x0, 0x7e, 0x80,
    0x1f, 0xff, 0xf0, 0xf, 0xfe, 0xa3, 0x58, 0x4,
    0xd8, 0x20, 0x1f, 0xff, 0xf0, 0xf, 0x9f, 0x0,
    0x3f, 0xf9, 0x71, 0x20, 0x14, 0x48, 0x7, 0xff,
    0xfc, 0x3, 0xf4, 0x41, 0x40, 0x3f, 0xf9, 0x52,
    0xe0, 0x15, 0x38, 0x7, 0xff, 0xfc, 0x3, 0xf4,
    0xba, 0xc8, 0x7, 0xff, 0x26, 0xd8, 0x0, 0x38,
    0xa0, 0x1f, 0xff, 0xf0, 0xf, 0xd4, 0xcb, 0x40,
    0x1f, 0xfc, 0x9b, 0x40, 0x1, 0x61, 0x80, 0x7f,
    0xff, 0xc0, 0x3e, 0x1b, 0x56, 0xa0, 0xf, 0xfe,
    0x4e, 0x20, 0x0, 0xf0, 0x80, 0x3f, 0xff, 0xe0,
    0x1f, 0x16, 0x24, 0x48, 0x7, 0xff, 0x27, 0xc,
    0x0, 0x78, 0x20, 0x1f, 0xff, 0xf0, 0xf, 0x93,
    0xa, 0x9c, 0x3, 0xff, 0x93, 0x86, 0x0, 0x4c,
    0x0, 0xff, 0xff, 0x80, 0x7e, 0x7b, 0xc, 0x50,
    0xf, 0xfe, 0x4d, 0x98, 0x1, 0x2c, 0x3, 0xff,
    0xfe, 0x1, 0xf0, 0xdc, 0x1f, 0x98, 0x7, 0xff,
    0x26, 0xd0, 0x0, 0x96, 0x1, 0xff, 0xff, 0x0,
    0xf9, 0x3d, 0x1f, 0x4, 0x3, 0xff, 0x93, 0x28,
    0x0, 0x5b, 0x0, 0xff, 0xff, 0x80, 0x7d, 0x16,
    0x17, 0x0, 0x1f, 0xfc, 0xa8, 0x60, 0x2, 0x50,
    0x7, 0xff, 0xfc, 0x3, 0xc5, 0x8e, 0x7e, 0x80,
    0x1f, 0xfc, 0xa6, 0x70, 0x1, 0xd8, 0x7, 0xff,
    0xfc, 0x3, 0xcd, 0xa6, 0xf8, 0x20, 0x1f, 0xfc,
    0xa3, 0x90, 0x1, 0x68, 0x7, 0xff, 0xfc, 0x3,
    0x86, 0xe4, 0xb2, 0x0, 0x3f, 0xf9, 0x63, 0xa0,
    0x1, 0xf1, 0x0, 0xff, 0xff, 0x80, 0x66, 0xe4,
    0x6d, 0x30, 0xf, 0xfe, 0x66, 0x88, 0x3, 0x48,
    0x3, 0xff, 0xfe, 0x1, 0x15, 0xc8, 0xdc, 0x80,
    0x7f, 0xf3, 0x64, 0xc0, 0x12, 0x60, 0x1f, 0xff,
    0xf0, 0x9, 0xf5, 0x1b, 0x90, 0x3, 0xff, 0x9a,
    0x8c, 0x0, 0x66, 0x0, 0x7f, 0xff, 0xc0, 0x7,
    0xb0, 0x59, 0x20, 0x1f, 0xfc, 0xe1, 0xa0, 0x1,
    0x48, 0x7, 0xff, 0xfc, 0x6, 0x70, 0x9f, 0x4c,
    0x3, 0xff, 0x9f, 0x62, 0x0, 0xe0, 0xf, 0xff,
    0xf8, 0x37, 0xb1, 0xec, 0x0, 0x7f, 0xf4, 0x11,
    0x40, 0x10, 0x60, 0x1f, 0xff, 0xe4, 0xd9, 0x9,
    0xc2, 0x0, 0xff, 0xe8, 0xc8, 0x0, 0x9c, 0x3,
    0xff, 0xfa, 0x57, 0x62, 0x6f, 0x60, 0xf, 0xfe,
    0x93, 0x90, 0x2, 0x40, 0x3f, 0xff, 0x83, 0x1a,
    0x87, 0x92, 0x20, 0x1f, 0xfd, 0x39, 0x0, 0x22,
    0x0, 0x3f, 0xff, 0x6f, 0xee, 0x35, 0x86, 0x1,
    0xff, 0xd4, 0x71, 0x0, 0x48, 0x7, 0xff, 0xe9,
    0xba, 0x6, 0x39, 0x40, 0x3f, 0xfa, 0xd2, 0x0,
    0x42, 0x0, 0xff, 0xfc, 0x2e, 0xc8, 0xb7, 0x38,
    0x7, 0xff, 0x5d, 0x4, 0x1, 0xe0, 0x1f, 0xff,
    0x74, 0xca, 0x24, 0xc9, 0x10, 0xf, 0xfe, 0xc7,
    0x0, 0x9, 0x0, 0x3f, 0xfe, 0xab, 0x96, 0x66,
    0xbb, 0x18, 0x7, 0xff, 0x69, 0x40, 0xa, 0x1,
    0xff, 0xf4, 0x5d, 0xa3, 0x2a, 0xc4, 0x0, 0xff,
    0xed, 0xa0, 0x5, 0x60, 0x1f, 0xff, 0x25, 0xda,
    0x22, 0x56, 0xa8, 0x7, 0xff, 0x74, 0xc0, 0x23,
    0x0, 0xff, 0xf8, 0x3f, 0x51, 0x12, 0x75, 0x40,
    0x3f, 0xfb, 0xfa, 0x0, 0x20, 0xf, 0xff, 0x70,
    0xc7, 0xc0, 0x95, 0x6b, 0x0, 0x7f, 0xf8, 0x58,
    0x0, 0xc0, 0x1f, 0xfe, 0xc3, 0xae, 0x70, 0x2a,
    0xd5, 0x0, 0xff, 0xf1, 0x88, 0x7, 0xff, 0xb5,
    0x73, 0xa, 0x7, 0x5a, 0xa0, 0x1f, 0xfe, 0x51,
    0x0, 0x38, 0x7, 0xff, 0x9c, 0x63, 0xa8, 0xc1,
    0x73, 0xa, 0x1, 0xff, 0xe7, 0x60, 0x1, 0x0,
    0x7f, 0xf9, 0x52, 0xf9, 0xc4, 0x1b, 0x68, 0xc0,
    0x3f, 0xfd, 0x3a, 0x0, 0x11, 0x0, 0x7f, 0xf8,
    0x4a, 0x3a, 0xd0, 0x6, 0x3a, 0x48, 0x3, 0xff,
    0xd6, 0x80, 0x13, 0x80, 0x7f, 0xf7, 0x85, 0xb3,
    0x5c, 0x41, 0x2b, 0x9c, 0x40, 0x3f, 0xfd, 0xa6,
    0x40, 0xb, 0x0, 0xff, 0xed, 0x8b, 0x5f, 0x49,
    0x80, 0xbe, 0xda, 0x80, 0x7f, 0xfc, 0x60, 0x0,
    0x4e, 0x1, 0xff, 0xd7, 0x16, 0xbe, 0x94, 0x0,
    0x1d, 0x74, 0x10, 0x7, 0xff, 0xcd, 0x4c, 0x1,
    0x8, 0x1, 0xff, 0xd3, 0x37, 0xce, 0x94, 0x0,
    0x14, 0x76, 0x28, 0x7, 0xff, 0xdf, 0x44, 0x1,
    0x6c, 0x1, 0xff, 0xce, 0x15, 0x9e, 0xc8, 0x30,
    0x0, 0xbe, 0x6b, 0x88, 0x7, 0xff, 0xe4, 0x74,
    0x40, 0x13, 0x88, 0x1, 0xff, 0xc8, 0x26, 0xad,
    0xea, 0x61, 0x0, 0x13, 0xe7, 0x41, 0x80, 0x7f,
    0xff, 0x4f, 0x8, 0x0, 0x77, 0xd2, 0xa2, 0x1,
    0xfe, 0x24, 0x69, 0xcf, 0xd9, 0x52, 0x0, 0x92,
    0x37, 0x50, 0x60, 0x1f, 0xff, 0xf0, 0x1, 0x6c,
    0x0, 0x42, 0xd5, 0xdf, 0xb9, 0x8b, 0xb6, 0x6f,
    0x7e, 0xdc, 0xb1, 0x80, 0x63, 0x7b, 0xeb, 0x72,
    0x0, 0xff, 0xff, 0x80, 0x7c, 0xff, 0x26, 0x1,
    0xc4, 0x66, 0x44, 0x19, 0x8, 0x7, 0xa, 0x3d,
    0xfe, 0x42, 0x8, 0x7, 0xff, 0xfc, 0x3, 0xff,
    0x80, 0xd9, 0xd6, 0xea, 0x62, 0x1, 0x84, 0x8d,
    0x5e, 0x6f, 0xb9, 0x70, 0x80, 0x1f, 0xff, 0xf0,
    0xf, 0xc0,

    /* U+0046 "F" */
    0x0, 0xff, 0xf9, 0x37, 0x60, 0x80, 0x7f, 0xff,
    0xc0, 0x3f, 0xff, 0xe0, 0x1e, 0x49, 0x13, 0x60,
    0xf, 0xff, 0xf8, 0x7, 0xff, 0xfc, 0x3, 0xd2,
    0x1, 0x10, 0x7, 0xff, 0xfc, 0x3, 0xff, 0xfe,
    0x1, 0xca, 0x40, 0x1, 0x50, 0xf, 0xff, 0xf8,
    0x7, 0xff, 0xfc, 0x3, 0xa4, 0x2, 0x90, 0xf,
    0xff, 0xf8, 0x7, 0xff, 0xfc, 0x3, 0x90, 0xc0,
    0x2, 0xe0, 0x1f, 0xff, 0xf0, 0xf, 0xff, 0xf8,
    0x7, 0x40, 0x5, 0x0, 0x1f, 0xff, 0xf0, 0xf,
    0xff, 0xf8, 0x7, 0x19, 0x80, 0x4, 0xc0, 0x1f,
    0xfd, 0xa1, 0x23, 0x44, 0x95, 0x66, 0x69, 0xdf,
    0xff, 0xa2, 0xcd, 0x95, 0xc, 0x80, 0x3f, 0xff,
    0x10, 0x1, 0x40, 0x7, 0xff, 0x3c, 0x8d, 0x5a,
    0x26, 0xaf, 0x3b, 0xfd, 0xdb, 0x97, 0x75, 0x55,
    0x33, 0x44, 0x7f, 0xf4, 0x66, 0x75, 0x5e, 0x6f,
    0xfb, 0x6a, 0x14, 0x40, 0x3f, 0xfe, 0x4, 0x80,
    0x3, 0x50, 0xf, 0xfe, 0x28, 0x9a, 0x34, 0x55,
    0xef, 0x7e, 0xe5, 0x4b, 0xb2, 0xa1, 0x88, 0x7,
    0xff, 0xa4, 0x95, 0xeb, 0xb6, 0x4, 0x3, 0xff,
    0xdb, 0x0, 0x14, 0x0, 0x7f, 0x89, 0x1a, 0x26,
    0xf7, 0xfb, 0x2e, 0x5d, 0x50, 0x84, 0x3, 0xff,
    0xf2, 0x4c, 0xe0, 0x1f, 0xfe, 0xc2, 0x50, 0x1,
    0xa0, 0x0, 0x4d, 0x5e, 0xb3, 0xbf, 0x6e, 0x5d,
    0x90, 0x80, 0x3f, 0xf9, 0x42, 0x46, 0x8a, 0xcf,
    0x13, 0x57, 0x98, 0xdd, 0xbb, 0xaf, 0xff, 0xfe,
    0xdf, 0x30, 0x7, 0xff, 0xb2, 0xc0, 0x27, 0xac,
    0xfe, 0xca, 0x85, 0x31, 0x0, 0xff, 0xe3, 0x91,
    0xab, 0x3c, 0xd6, 0x6f, 0x7f, 0x6e, 0x5d, 0x4c,
    0x3b, 0x2a, 0x19, 0x88, 0xa1, 0x18, 0x3, 0xff,
    0xfe, 0x1, 0xff, 0xc3, 0x13, 0x68, 0xac, 0xe6,
    0x0, 0x91, 0x4c, 0x3, 0xff, 0x88, 0x24, 0x8a,
    0xf3, 0x59, 0xbf, 0xed, 0xca, 0x98, 0x65, 0x32,
    0x10, 0xf, 0xff, 0xf8, 0x7, 0xff, 0x44, 0xd6,
    0x2b, 0x3f, 0xb2, 0x5d, 0x4c, 0x40, 0x3f, 0xf8,
    0x42, 0x68, 0xd1, 0x57, 0xbf, 0xdb, 0x75, 0xc,
    0xa6, 0x40, 0x1f, 0xff, 0xf0, 0xf, 0xfe, 0xb0,
    0xa3, 0x4d, 0xf7, 0xe5, 0x3a, 0x98, 0x7, 0xff,
    0x8, 0x91, 0xa2, 0xaf, 0x7f, 0xb2, 0xe5, 0xd5,
    0x8, 0x3, 0xff, 0xfe, 0x1, 0xff, 0xda, 0x14,
    0x79, 0xcf, 0xeb, 0x96, 0x41, 0x0, 0xff, 0xe2,
    0x4e, 0x77, 0xed, 0xcb, 0xaa, 0x10, 0x7, 0xff,
    0xfc, 0x3, 0xff, 0xbc, 0x6d, 0x39, 0xdc, 0xb8,
    0x63, 0x0, 0xff, 0xe0, 0x8a, 0x34, 0x56, 0x8,
    0x1, 0x58, 0xc4, 0x3, 0xff, 0xfe, 0x1, 0xff,
    0xe0, 0x14, 0x7a, 0xdf, 0xc9, 0x63, 0x10, 0xf,
    0xf8, 0x51, 0xa2, 0xf7, 0xfa, 0xe5, 0xd5, 0x84,
    0x1, 0x20, 0x1f, 0xff, 0xf0, 0xf, 0xfe, 0xf0,
    0xa3, 0xd7, 0x72, 0xe1, 0x48, 0x3, 0xfc, 0x26,
    0xb1, 0x5b, 0xfd, 0x72, 0xe8, 0x40, 0x1e, 0x90,
    0x2, 0x18, 0x7, 0xff, 0xfc, 0x3, 0xff, 0xb4,
    0x4d, 0x5b, 0xd7, 0xa, 0x20, 0x1f, 0xc2, 0x6d,
    0x37, 0xdc, 0xca, 0x75, 0x20, 0xf, 0xfe, 0x1,
    0x98, 0x1, 0x0, 0x1f, 0xff, 0xf0, 0xf, 0xfe,
    0xb9, 0x35, 0xf6, 0xca, 0x90, 0x7, 0xf1, 0x2c,
    0x5f, 0x73, 0x25, 0x90, 0x40, 0x3f, 0xf8, 0xd2,
    0x0, 0x43, 0x0, 0xff, 0xff, 0x80, 0x7f, 0xf5,
    0x12, 0x7b, 0x65, 0x4, 0x3, 0xf1, 0x2c, 0xe7,
    0xed, 0x3a, 0x8, 0x7, 0xff, 0x2c, 0x94, 0x1,
    0xe0, 0x1f, 0xff, 0xf0, 0xf, 0xfe, 0x9b, 0xf5,
    0xb0, 0x80, 0x7e, 0x37, 0xae, 0xda, 0x63, 0x0,
    0xff, 0xe8, 0xd8, 0x0, 0xd0, 0x3, 0xff, 0xfe,
    0x1, 0xff, 0xd2, 0x68, 0x10, 0xf, 0x85, 0xab,
    0xf2, 0x14, 0x40, 0x3f, 0xfa, 0x82, 0xc0, 0x9,
    0x0, 0xff, 0xff, 0x80, 0x7f, 0xf4, 0xf8, 0x3,
    0xe6, 0xce, 0x95, 0x0, 0xff, 0xec, 0xb0, 0x0,
    0x94, 0x3, 0xff, 0xfe, 0x1, 0xff, 0xd3, 0xe0,
    0xe, 0x4e, 0x93, 0x0, 0xff, 0xee, 0x48, 0x2,
    0xc0, 0x3f, 0xff, 0xe0, 0x1f, 0xfd, 0x47, 0x0,
    0xe5, 0xfd, 0xcc, 0x5c, 0xc3, 0x21, 0x0, 0x7f,
    0xf5, 0x14, 0x40, 0x58, 0x3, 0xff, 0xfe, 0x1,
    0xff, 0xd4, 0x1a, 0x0, 0xc2, 0x22, 0x33, 0x23,
    0x3c, 0xde, 0xfe, 0x4b, 0x10, 0x7, 0xff, 0x3e,
    0x0, 0x12, 0x1, 0xff, 0xff, 0x0, 0xff, 0xeb,
    0x2f, 0xdd, 0xb3, 0xbf, 0xf7, 0x6d, 0xd3, 0xa9,
    0x99, 0xa7, 0x7a, 0x94, 0x3, 0xff, 0x96, 0x84,
    0x0, 0x60, 0xf, 0xff, 0xf8, 0x7, 0xff, 0x61,
    0x10, 0x62, 0x1, 0x84, 0x91, 0x62, 0xb3, 0xf6,
    0x98, 0xd6, 0xbe, 0xd4, 0x3, 0xff, 0x91, 0xe0,
    0x6, 0x10, 0xf, 0xff, 0xf8, 0x7, 0xff, 0xa0,
    0x96, 0x77, 0x50, 0x69, 0x5c, 0xe2, 0x1, 0xff,
    0xc4, 0x24, 0x0, 0x58, 0x7, 0xff, 0xfc, 0x3,
    0xff, 0xda, 0x4f, 0x9d, 0x1, 0x1d, 0x24, 0x1,
    0xff, 0xc2, 0xa0, 0x2, 0x10, 0x7, 0xff, 0xfc,
    0x3, 0xff, 0xe0, 0x2f, 0xd4, 0x6d, 0xb0, 0x1,
    0xff, 0xc1, 0x70, 0x7, 0x80, 0x7f, 0xff, 0xc0,
    0x3f, 0xfe, 0x8b, 0x96, 0x6f, 0xca, 0x1, 0xfe,
    0x60, 0x1, 0x20, 0x7, 0xff, 0xfc, 0x3, 0xff,
    0xec, 0x99, 0x21, 0x56, 0x20, 0x1f, 0xac, 0x1,
    0x60, 0x1f, 0xff, 0xf0, 0xf, 0xff, 0xcb, 0x7a,
    0xa7, 0xa0, 0x7, 0x90, 0x80, 0x58, 0x3, 0xff,
    0xfe, 0x1, 0xff, 0xfa, 0x1a, 0x91, 0xb6, 0x0,
    0xef, 0x0, 0x30, 0x7, 0xff, 0xfc, 0x3, 0xff,
    0xfa, 0xd8, 0x33, 0x0, 0x11, 0x20, 0x2, 0x40,
    0x3f, 0xff, 0xe0, 0x1f, 0xff, 0xe3, 0xc1, 0x78,
    0x0, 0x58, 0x1, 0x44, 0x3, 0xff, 0xfe, 0x1,
    0xff, 0xff, 0x2c, 0x17, 0x70, 0x30, 0x2, 0x40,
    0x3f, 0xff, 0xe0, 0x1f, 0xff, 0xf0, 0x1, 0x60,
    0x45, 0x80, 0xc, 0xc0, 0x1f, 0xff, 0xf0, 0xf,
    0xff, 0xf8, 0x4, 0x52, 0x8, 0x0, 0x90, 0xf,
    0xff, 0xf8, 0x7, 0xff, 0xfc, 0x3, 0x99, 0x0,
    0x2, 0xa0, 0x1f, 0xff, 0xf0, 0xf, 0xff, 0xf8,
    0x7, 0x84, 0x0, 0xc0, 0x1f, 0xff, 0xf0, 0xf,
    0xff, 0xf8, 0x7, 0x85, 0x40, 0x6, 0x1, 0xff,
    0xff, 0x0, 0xff, 0xff, 0x80, 0x7a, 0x40, 0x24,
    0x20, 0xf, 0xff, 0xf8, 0x7, 0xff, 0xfc, 0x3,
    0x98, 0x0, 0x20, 0xa0, 0x1f, 0xff, 0xf0, 0xf,
    0xff, 0xf8, 0x6, 0x51, 0x3, 0x60, 0xc0, 0xf,
    0xff, 0xf8, 0x7, 0xff, 0xfc, 0x3, 0x48, 0x2,
    0x70, 0x14, 0x3, 0xff, 0xfe, 0x1, 0xff, 0xff,
    0x0, 0x88, 0xc0, 0x55, 0x80, 0x40, 0x3f, 0xff,
    0xe0, 0x1f, 0xff, 0xf0, 0xa, 0xc0, 0xc, 0x4,
    0x0, 0x20, 0xf, 0xff, 0xf8, 0x7, 0xff, 0xfc,
    0x0, 0xc0, 0xa, 0x0, 0xc2, 0x1, 0xff, 0xff,
    0x0, 0xff, 0xff, 0x83, 0x0, 0x10, 0x80, 0x2,
    0x1, 0xff, 0xff, 0x0, 0xff, 0xff, 0x80, 0x56,
    0x0, 0xf0, 0xf, 0xff, 0xf8, 0x7, 0xff, 0xfc,
    0x3, 0xc6, 0x40, 0x28, 0x1, 0x8, 0x8, 0x7,
    0xff, 0xfc, 0x3, 0xff, 0xff, 0x20, 0x9, 0x0,
    0xf1, 0x80, 0x7f, 0xff, 0xc0, 0x3f, 0xff, 0xc2,
    0xa0, 0x6, 0x0, 0x88, 0x0, 0x20, 0x1f, 0xff,
    0xf0, 0xf, 0xff, 0xf3, 0x0, 0x14, 0x40, 0x26,
    0x1, 0x0, 0xff, 0xff, 0x80, 0x7f, 0xff, 0xe8,
    0x1, 0xc0, 0x18, 0x80, 0x80, 0x3f, 0xff, 0xe0,
    0x1f, 0xff, 0xe3, 0x20, 0x14, 0x0, 0xde, 0xa,
    0x1, 0xff, 0xff, 0x0, 0xff, 0xff, 0x48, 0x1,
    0x80, 0x39, 0x43, 0x80, 0x3f, 0xff, 0xe0, 0x1f,
    0xff, 0xd1, 0x50, 0x4, 0x80, 0x71, 0x81, 0x80,
    0x7f, 0xff, 0xc0, 0x3f, 0xff, 0xae, 0x0, 0x41,
    0x0, 0xc6, 0x0, 0x40, 0xf, 0xff, 0xf8, 0x7,
    0xff, 0xf6, 0xc0, 0x1c, 0x1, 0xca, 0x4, 0x1,
    0xff, 0xff, 0x0, 0xff, 0xfe, 0x99, 0x0, 0xa8,
    0x7, 0x60, 0x20, 0x7, 0xff, 0xfc, 0x3, 0xff,
    0xfb, 0x40, 0x6, 0x0, 0xf2, 0x6, 0x0, 0x70,
    0x92, 0x2b, 0x3c, 0x4d, 0x52, 0xee, 0xcc, 0x5d,
    0xd5, 0x30, 0xec, 0xa6, 0x20, 0x1f, 0xff, 0xf0,
    0xf, 0xfe, 0xf3, 0x0, 0x28, 0x3, 0x8c, 0x43,
    0x62, 0xb3, 0xbf, 0xb6, 0xea, 0x61, 0xd9, 0x54,
    0x89, 0x19, 0x91, 0x25, 0x67, 0x89, 0xac, 0xef,
    0xda, 0x74, 0x0, 0xff, 0xff, 0x80, 0x7f, 0xf6,
    0x18, 0x0, 0x64, 0x6d, 0x37, 0xd8, 0x0, 0x77,
    0x29, 0x88, 0x4, 0x26, 0xac, 0xf3, 0x57, 0xba,
    0xee, 0x7f, 0xf7, 0x73, 0x6e, 0xa5, 0x90, 0x16,
    0x2f, 0x0, 0x3f, 0xff, 0xe0, 0x1f, 0xfd, 0x7a,
    0x0, 0x1f, 0xe4, 0xb2, 0x8, 0x6, 0x13, 0x69,
    0xbd, 0xfe, 0xca, 0x98, 0x65, 0x42, 0x20, 0x88,
    0x3, 0x84, 0x44, 0x8a, 0xd3, 0x7b, 0xd6, 0xf4,
    0x1, 0xff, 0xff, 0x0, 0xff, 0xe9, 0xa, 0xce,
    0x79, 0x80, 0x7e, 0x20, 0x5, 0x77, 0x32, 0x59,
    0x8, 0x3, 0xff, 0x9e, 0x29, 0xc, 0x1, 0xff,
    0xff, 0x0, 0xff, 0xe7, 0xa4, 0x67, 0x53, 0x18,
    0x7, 0x1b, 0xd6, 0xfd, 0x81, 0x28, 0x80, 0x7f,
    0xff, 0xc0, 0x3f, 0xfe, 0x2b, 0x5f, 0x6e, 0x60,
    0x1f, 0x57, 0xe4, 0x29, 0x5, 0x5, 0x0, 0x7f,
    0xff, 0xc0, 0x3f, 0xfe, 0x9, 0x5f, 0x4a, 0x1,
    0xc6, 0xee, 0x0, 0x12, 0x80, 0x70, 0x98, 0x28,
    0x7, 0xff, 0xfc, 0x3, 0xff, 0xda, 0x2f, 0xd6,
    0xa0, 0x1c, 0xb5, 0xd9, 0x4, 0x0, 0xa0, 0xf,
    0x30, 0x19, 0x0, 0x7f, 0xff, 0xc0, 0x3f, 0xfd,
    0x63, 0x3d, 0x2, 0x1, 0xb, 0x5f, 0xd2, 0x88,
    0xa, 0x80, 0x18, 0x3, 0xd4, 0x16, 0x1, 0xff,
    0xff, 0x0, 0xff, 0xf5, 0xbf, 0x30, 0x6, 0x4b,
    0xe9, 0x40, 0xe, 0x70, 0x2, 0x8, 0x7, 0x19,
    0x3, 0x0, 0x7f, 0xff, 0xc0, 0x3f, 0xfd, 0x25,
    0xb0, 0x1, 0xc, 0x75, 0xa0, 0x7, 0xea, 0x0,
    0x70, 0x7, 0xa8, 0x10, 0x40, 0x3f, 0xff, 0xe0,
    0x1f, 0xfe, 0x82, 0xc2, 0x0, 0xc, 0xf3, 0x88,
    0x7, 0xf1, 0x18, 0x1, 0x40, 0x3c, 0xc1, 0xe0,
    0x1f, 0xff, 0xf0, 0xf, 0xff, 0x4f, 0x8, 0x1,
    0xf9, 0x80, 0x3f, 0xf8, 0x14, 0x0, 0x50, 0xf,
    0x30, 0x12, 0x0, 0x7f, 0xff, 0xc0, 0x3f, 0xfd,
    0x24, 0x0, 0xb8, 0x0, 0xff, 0xe1, 0x30, 0x3,
    0x80, 0x3d, 0x61, 0x40, 0x1f, 0xff, 0xf0, 0xf,
    0xff, 0x54, 0x83, 0x20, 0x7, 0xff, 0x9, 0x4,
    0x5, 0x0, 0x39, 0x8, 0x18, 0x3, 0xff, 0xfe,
    0x1, 0xff, 0xea, 0x7b, 0x10, 0xf, 0xfe, 0x1f,
    0x0, 0x18, 0x3, 0xde, 0xc, 0x20, 0x1f, 0xff,
    0xf0, 0xf, 0xff, 0x5a, 0x40, 0x7, 0xff, 0xd,
    0x40, 0x16, 0x1, 0xc4, 0x81, 0x60, 0x1f, 0xff,
    0xf0, 0xf, 0xff, 0xe2, 0x80, 0x8, 0xc0, 0x3a,
    0x1, 0x8, 0x3, 0xff, 0xfe, 0x1, 0xff, 0xfc,
    0xe0, 0x2, 0x80, 0x71, 0x28, 0x40, 0x7, 0xff,
    0xfc, 0x3, 0xff, 0xf8, 0x28, 0x0, 0xa0, 0xe,
    0xb0, 0x33, 0x0, 0x7f, 0xff, 0xc0, 0x3f, 0xff,
    0x8e, 0x0, 0x32, 0x0, 0xc2, 0xc1, 0x20, 0x1f,
    0xff, 0xf0, 0xf, 0xff, 0xed, 0x0, 0x2c, 0x3,
    0xa0, 0x9, 0x40, 0x3f, 0xff, 0xe0, 0x1f, 0xff,
    0xc2, 0x30, 0x2, 0x80, 0x62, 0x60, 0x80, 0xf,
    0xff, 0xf8, 0x7, 0xff, 0xf5, 0x40, 0x6, 0x40,
    0x1a, 0x0, 0x94, 0x3, 0xff, 0xfe, 0x1, 0xff,
    0xfd, 0xa0, 0x5, 0x80, 0x62, 0x50, 0x80, 0xf,
    0xff, 0xf8, 0x7, 0xff, 0xf4, 0x88, 0x0, 0x50,
    0xd, 0x20, 0x4a, 0x1, 0xff, 0xff, 0x0, 0xff,
    0xfe, 0xd0, 0x0, 0xc8, 0x2, 0x44, 0x4, 0x0,
    0x7f, 0xff, 0xc0, 0x3f, 0xff, 0xca, 0x0, 0xb0,
    0xd, 0x20, 0x6a, 0x1, 0xff, 0xff, 0x0, 0xff,
    0xfe, 0x91, 0x0, 0xa, 0x1, 0x31, 0x4, 0x0,
    0x7f, 0xff, 0xc0, 0x3f, 0xff, 0xd4, 0x0, 0x12,
    0x0, 0xc, 0x2, 0x20, 0x3, 0xff, 0xfe, 0x1,
    0xff, 0xfe, 0x50, 0x3, 0x80, 0x50, 0x21, 0x0,
    0x1f, 0xff, 0xf0, 0xf, 0xff, 0xf1, 0x10, 0x1,
    0xa0, 0x3, 0x60, 0x53, 0x0, 0xff, 0xff, 0x80,
    0x7f, 0xff, 0x94, 0x2, 0x40, 0x7, 0x0, 0x20,
    0x3, 0xff, 0xfe, 0x1, 0xff, 0xff, 0xb0, 0x2,
    0x0, 0x1c, 0x81, 0xc8, 0x3, 0xff, 0xfe, 0x1,
    0xff, 0xfe, 0x13, 0x0, 0x60, 0x1c, 0x0, 0xc0,
    0x7, 0xff, 0xfc, 0x3, 0xff, 0xfe, 0xe0, 0x12,
    0xf, 0x0, 0x2c, 0x3, 0xff, 0xfe, 0x1, 0xff,
    0xff, 0xc, 0x0, 0x8a, 0x88, 0xd, 0x40, 0x3f,
    0xff, 0xe0, 0x1f, 0xff, 0xf0, 0x40, 0x0, 0xea,
    0x0, 0x3c, 0x3, 0xff, 0xfe, 0x1, 0xff, 0xff,
    0x3, 0x10, 0x0, 0x98, 0x1, 0x8c, 0x3, 0xff,
    0xfe, 0x1, 0xff, 0xff, 0x4, 0x0, 0xf0, 0xc8,
    0x7, 0xff, 0xfc, 0x3, 0xff, 0xfe, 0x0, 0xc0,
    0xf, 0x58, 0x7, 0xff, 0xfc, 0x3, 0xff, 0xfe,
    0x1, 0x28, 0x7, 0x2a, 0x80, 0x3f, 0xff, 0xe0,
    0x1f, 0xff, 0xf0, 0x8, 0x40, 0x30, 0xd8, 0x7,
    0xff, 0xfc, 0x3, 0xff, 0xfe, 0x1, 0x10, 0x7,
    0x58, 0x80, 0x7f, 0xff, 0xc0, 0x3f, 0xff, 0xe0,
    0x1f, 0x95, 0x40, 0x1f, 0xff, 0xf0, 0xf, 0xff,
    0xf8, 0x6, 0x20, 0x8, 0xa8, 0x3, 0xff, 0xfe,
    0x1, 0xff, 0xff, 0x0, 0xf4, 0x2, 0xe0, 0x7,
    0xff, 0xfc, 0x3, 0xff, 0xe6,

    /* U+0047 "G" */
    0x0, 0xff, 0xff, 0x80, 0x7f, 0xf0, 0x4d, 0x9d,
    0xca, 0x20, 0x1f, 0xff, 0xf0, 0xf, 0xfe, 0x10,
    0xb6, 0x7e, 0x4c, 0x42, 0xba, 0x40, 0x3f, 0xff,
    0xe0, 0x1f, 0xf1, 0xd7, 0x49, 0x80, 0x7c, 0xd2,
    0x1, 0xff, 0xff, 0x0, 0xfc, 0x79, 0x85, 0x0,
    0xff, 0x98, 0x40, 0x3f, 0xff, 0xe0, 0x1c, 0x57,
    0x86, 0x1, 0xc4, 0xae, 0xe4, 0x0, 0xc8, 0x1,
    0xff, 0xff, 0x0, 0xd3, 0xa8, 0x1, 0x96, 0xff,
    0x6a, 0x21, 0x7a, 0x20, 0xd, 0x0, 0xff, 0xff,
    0x80, 0x17, 0x98, 0x2, 0x29, 0xfa, 0x40, 0xf,
    0x15, 0x80, 0x7f, 0xff, 0xc0, 0x21, 0xba, 0x10,
    0x1, 0x56, 0xb0, 0x7, 0xf9, 0x40, 0x3f, 0xff,
    0xe0, 0x5, 0xf4, 0x0, 0xc, 0xea, 0x80, 0x7f,
    0xf0, 0x48, 0x38, 0x3, 0xff, 0xf8, 0x35, 0x41,
    0x0, 0x37, 0x30, 0x7, 0xff, 0xc, 0x41, 0x40,
    0x3f, 0xff, 0x67, 0xea, 0x0, 0x3c, 0x90, 0xf,
    0xfe, 0x29, 0x1, 0x80, 0x7f, 0xfe, 0x9f, 0x4,
    0x1, 0x18, 0x60, 0x1f, 0xfc, 0x51, 0x11, 0x80,
    0x7f, 0xfe, 0x46, 0xe0, 0x0, 0x5a, 0xe0, 0x1f,
    0xfc, 0x75, 0xb, 0x0, 0xff, 0xfc, 0x1e, 0x20,
    0x1, 0xb4, 0x80, 0x3f, 0xf9, 0x1a, 0xa, 0x1,
    0xff, 0xf7, 0x5c, 0x20, 0x5, 0x48, 0x7, 0xff,
    0x29, 0xcc, 0x80, 0x3f, 0xfe, 0xd1, 0x40, 0x2,
    0xd5, 0x0, 0xff, 0xe5, 0x20, 0xd0, 0x7, 0xff,
    0xda, 0x9c, 0x0, 0xba, 0x40, 0x1f, 0xfc, 0xbf,
    0x16, 0x0, 0xff, 0xfa, 0xe, 0x28, 0x2, 0x28,
    0x3, 0xff, 0x98, 0x48, 0xc0, 0x1f, 0xff, 0x42,
    0xf3, 0x0, 0x5b, 0x80, 0x7f, 0xf3, 0x60, 0x24,
    0x3, 0xff, 0xe6, 0x9a, 0x20, 0x3a, 0x80, 0x1f,
    0xfc, 0xd2, 0x56, 0x10, 0xf, 0xff, 0x92, 0xd8,
    0x0, 0xfc, 0x80, 0x3f, 0xf9, 0xd6, 0x10, 0x1,
    0xff, 0xf2, 0x6a, 0x0, 0x26, 0x8, 0x7, 0xff,
    0x38, 0x99, 0x82, 0x1, 0xff, 0xf1, 0x89, 0x0,
    0x2d, 0x80, 0x7f, 0xf4, 0x24, 0x60, 0x3, 0xff,
    0xe3, 0xe, 0x0, 0x7a, 0x0, 0xff, 0xe8, 0x22,
    0x24, 0x40, 0x3f, 0xfe, 0x12, 0xe0, 0x8, 0x80,
    0x7, 0xff, 0x46, 0x49, 0xc0, 0x3f, 0xfe, 0x12,
    0xc0, 0x9, 0x70, 0xf, 0xfe, 0x8c, 0x14, 0x80,
    0x7f, 0xfc, 0x29, 0x80, 0x12, 0xc0, 0x1f, 0xfd,
    0x13, 0x75, 0x40, 0xf, 0xff, 0x7d, 0x28, 0x2,
    0x98, 0x3, 0xff, 0xa5, 0xc3, 0x60, 0x1f, 0xfe,
    0xfb, 0x50, 0x5, 0x28, 0x7, 0xff, 0x4a, 0x4a,
    0xc4, 0x3, 0xff, 0xdd, 0x68, 0x0, 0xa5, 0x0,
    0xff, 0xe9, 0x23, 0x31, 0x40, 0x3f, 0xfd, 0xd4,
    0x80, 0x9, 0x50, 0xf, 0xfe, 0x90, 0xd1, 0x48,
    0x7, 0xff, 0xba, 0x94, 0x1, 0x2c, 0x1, 0xff,
    0xd3, 0xd1, 0xf0, 0xf, 0xff, 0x74, 0xa8, 0x2,
    0x58, 0x3, 0xff, 0xa7, 0x27, 0x44, 0x1, 0xff,
    0xed, 0x96, 0x0, 0x43, 0x0, 0x7f, 0xf4, 0xdd,
    0x9d, 0x40, 0x3f, 0xfd, 0xb0, 0xc0, 0x8, 0x70,
    0xf, 0xfe, 0x9b, 0x42, 0xc0, 0x7, 0xff, 0xb5,
    0xdc, 0x0, 0x77, 0x0, 0x7f, 0xf4, 0xda, 0x52,
    0x80, 0x3f, 0xfd, 0xaf, 0x0, 0x5, 0x80, 0xf,
    0xfe, 0x9b, 0x4a, 0x58, 0x7, 0xff, 0xb5, 0x60,
    0x0, 0x94, 0x1, 0xff, 0xd4, 0xd5, 0xb0, 0xf,
    0xff, 0x6a, 0x50, 0x0, 0xec, 0x3, 0xff, 0xab,
    0x74, 0x1, 0xff, 0xed, 0x2b, 0x0, 0x16, 0x80,
    0x7f, 0xff, 0xc0, 0x3f, 0xf8, 0xa3, 0x80, 0x1,
    0xf1, 0x0, 0xff, 0xff, 0x80, 0x7f, 0xf1, 0x7,
    0x4, 0x1, 0xa4, 0x1, 0xff, 0xff, 0x0, 0xff,
    0xe2, 0xe9, 0x0, 0x2c, 0xc0, 0x3f, 0xff, 0xe0,
    0x1f, 0xfc, 0x5a, 0x30, 0x4, 0x20, 0x7, 0xff,
    0xfc, 0x3, 0xff, 0x8b, 0xa, 0x0, 0x67, 0x0,
    0xff, 0xff, 0x80, 0x7f, 0xf1, 0x59, 0xc0, 0x7,
    0x20, 0x1f, 0xff, 0xf0, 0xf, 0xfe, 0x29, 0xc8,
    0x0, 0xb4, 0x3, 0xff, 0xfe, 0x1, 0xff, 0xc5,
    0x2d, 0x0, 0xbc, 0x40, 0x3f, 0xff, 0xe0, 0x1f,
    0xfc, 0x5f, 0x10, 0x5, 0x90, 0x7, 0xff, 0xfc,
    0x3, 0xff, 0x8b, 0x64, 0x0, 0x84, 0x0, 0xff,
    0xff, 0x80, 0x7f, 0xf1, 0x61, 0x0, 0xa, 0xe0,
    0x1f, 0xff, 0xf0, 0xf, 0xfe, 0x2a, 0xb8, 0x0,
    0xa8, 0x3, 0xff, 0xde, 0xb1, 0x4, 0x0, 0xff,
    0xe8, 0x9d, 0x0, 0x5e, 0x1, 0xff, 0xee, 0x8e,
    0xa7, 0x75, 0xc0, 0x7, 0xff, 0x3c, 0x78, 0x2,
    0xa2, 0x0, 0xff, 0xf6, 0x2f, 0x38, 0x80, 0x67,
    0x0, 0xff, 0xe7, 0xd1, 0x0, 0x1d, 0x40, 0x3f,
    0xfd, 0x93, 0x42, 0x1, 0xf0, 0x80, 0x7f, 0xf3,
    0x61, 0x0, 0x7, 0x0, 0x1f, 0xfe, 0xb1, 0xc6,
    0x0, 0x9f, 0x74, 0x0, 0x11, 0x0, 0x7f, 0xf3,
    0x11, 0xc0, 0x3, 0xa0, 0x1f, 0xfe, 0xb2, 0xf3,
    0x0, 0x16, 0xc1, 0x40, 0x2, 0x0, 0x3f, 0xf9,
    0x83, 0x40, 0x15, 0x8, 0x7, 0xff, 0xa8, 0xb0,
    0x40, 0xb, 0xa4, 0x36, 0xa0, 0x6c, 0x1, 0xff,
    0xcc, 0xd1, 0x0, 0x3a, 0x0, 0x7f, 0xfa, 0x8b,
    0x4, 0x0, 0xf4, 0x5, 0x88, 0x5, 0xa0, 0x1f,
    0xfc, 0xc8, 0x30, 0x1, 0xc0, 0x7, 0xff, 0xa8,
    0xb0, 0x40, 0x15, 0x0, 0xda, 0x40, 0x98, 0x20,
    0x1f, 0xfc, 0xb4, 0x70, 0x0, 0xe8, 0x7, 0xff,
    0xa8, 0x7c, 0x40, 0x16, 0xa3, 0x72, 0x0, 0x8b,
    0x10, 0xf, 0xfe, 0x58, 0xd0, 0x5, 0x62, 0x1,
    0xff, 0xe9, 0x1c, 0x20, 0x6, 0x23, 0x7a, 0x1,
    0xeb, 0x80, 0x7f, 0xf3, 0x6c, 0x40, 0xc, 0xa0,
    0x1f, 0xfe, 0xad, 0x20, 0x6, 0xd, 0xc8, 0x8a,
    0x70, 0x80, 0x3f, 0xf9, 0xac, 0xa0, 0x2, 0x90,
    0xf, 0xff, 0x55, 0x18, 0x2, 0xd3, 0x50, 0x1b,
    0xd8, 0x3, 0xff, 0x9c, 0x52, 0x1, 0x70, 0x7,
    0xff, 0xaa, 0x14, 0x0, 0xd3, 0x0, 0x79, 0x22,
    0x1, 0xff, 0xcf, 0xe0, 0x9, 0xcc, 0x3, 0xff,
    0xd2, 0x8e, 0x1, 0x31, 0xd, 0x61, 0x80, 0x7f,
    0xf4, 0x1c, 0xc0, 0x5, 0x0, 0x1f, 0xfe, 0x92,
    0xb0, 0xe, 0x8e, 0x50, 0xf, 0xfe, 0x89, 0x40,
    0x5, 0xc0, 0x1f, 0xfe, 0xaf, 0x0, 0xcd, 0xce,
    0x1, 0xff, 0xd3, 0xe0, 0x9, 0xcc, 0x3, 0xff,
    0xd3, 0x24, 0x0, 0x5d, 0x91, 0x0, 0xff, 0xe9,
    0xb9, 0x80, 0xa, 0x0, 0x3f, 0xfd, 0x9, 0x8c,
    0x0, 0xba, 0x20, 0xf, 0xfe, 0xa1, 0x40, 0x5,
    0xc0, 0x1f, 0xfe, 0x75, 0xcb, 0x30, 0x4, 0x20,
    0x7, 0xff, 0x5a, 0x40, 0x26, 0x30, 0xf, 0xfe,
    0x5a, 0xd1, 0x0, 0x7f, 0xf2, 0x85, 0xb6, 0x8c,
    0x2, 0x37, 0x0, 0xff, 0xeb, 0x2a, 0x0, 0x6,
    0x40, 0x3f, 0xf9, 0x94, 0xc4, 0x1, 0xff, 0xc8,
    0x4a, 0xe9, 0x24, 0x60, 0x0, 0xe8, 0x7, 0xff,
    0x5e, 0xc0, 0x2b, 0x0, 0xff, 0xe6, 0x8, 0x38,
    0x7, 0xff, 0x18, 0x5f, 0x6d, 0x41, 0xb6, 0x9c,
    0x1, 0x62, 0x1, 0xff, 0xd6, 0x91, 0x0, 0x22,
    0x80, 0x7f, 0xf3, 0x4, 0xd0, 0xc0, 0x3f, 0xf8,
    0x44, 0xf9, 0xd0, 0x49, 0x3f, 0x25, 0x42, 0xc,
    0xa0, 0x1f, 0xfd, 0x63, 0x60, 0xa, 0x40, 0x3f,
    0xf9, 0xdc, 0x38, 0xc0, 0x1f, 0xc2, 0xb3, 0xba,
    0x83, 0x28, 0xeb, 0x60, 0x2, 0xa0, 0x14, 0x80,
    0x7f, 0xf5, 0xfc, 0x2, 0x72, 0x0, 0xff, 0xe7,
    0x17, 0xac, 0xfd, 0xcc, 0x42, 0x6b, 0x3f, 0xa9,
    0x89, 0x27, 0x74, 0xe2, 0x1, 0xd, 0x80, 0x24,
    0x3, 0xff, 0xae, 0xa6, 0x0, 0x18, 0x0, 0xff,
    0xe8, 0xd, 0x74, 0xa, 0x33, 0xb2, 0xa, 0x34,
    0xe7, 0xdb, 0x10, 0x7, 0xa0, 0x41, 0x50, 0x3,
    0xff, 0xaf, 0x0, 0x15, 0x80, 0x7f, 0xf4, 0xc5,
    0xeb, 0x7b, 0xfd, 0xdb, 0x72, 0xc6, 0x1, 0xfc,
    0x6c, 0x3, 0x60, 0x1f, 0xfd, 0x77, 0x20, 0x1,
    0xa8, 0x7, 0xff, 0xa0, 0x74, 0x1, 0x2, 0x1,
    0xff, 0xd6, 0x19, 0x0, 0xbc, 0x3, 0xff, 0xd3,
    0xa2, 0x8, 0xc0, 0x1f, 0xfd, 0x79, 0x10, 0x2,
    0x18, 0x7, 0xff, 0xa2, 0x8c, 0x1, 0x20, 0x1f,
    0xfd, 0x71, 0x70, 0xa, 0x40, 0x3f, 0xfd, 0x10,
    0xa0, 0x7, 0x20, 0xf, 0xfe, 0xbc, 0x80, 0x4a,
    0x40, 0x1f, 0xfe, 0x77, 0x70, 0x0, 0x60, 0x3,
    0xff, 0xae, 0x2e, 0x1, 0x40, 0x7, 0xff, 0x9d,
    0xa0, 0x2, 0x80, 0xf, 0xfe, 0xc4, 0x80, 0x4c,
    0x40, 0x1f, 0xfe, 0x65, 0x90, 0x8, 0x98, 0x3,
    0xff, 0xb0, 0xc0, 0x15, 0x80, 0x7f, 0xf9, 0x92,
    0x80, 0x40, 0x12, 0x1, 0xff, 0xd8, 0x71, 0x0,
    0x29, 0x0, 0x7f, 0xf9, 0x52, 0xc2, 0x44, 0x11,
    0x0, 0x1f, 0xfd, 0x8a, 0x0, 0xa4, 0x3, 0xff,
    0xca, 0xb6, 0x19, 0x80, 0x4, 0x0, 0x7f, 0xf6,
    0x10, 0x80, 0x6, 0x60, 0xf, 0xff, 0x22, 0xd0,
    0x60, 0xa8, 0x21, 0x80, 0x7f, 0xf6, 0x3c, 0x2,
    0x90, 0xf, 0xff, 0x23, 0x50, 0xe1, 0xc0, 0x2,
    0x0, 0x3f, 0xfb, 0x2, 0x80, 0x1, 0x50, 0xf,
    0xff, 0x1b, 0x48, 0xe1, 0x99, 0x41, 0xc, 0x3,
    0xff, 0xb0, 0xc0, 0x13, 0x0, 0x7f, 0xf8, 0xe2,
    0x4b, 0xc8, 0x24, 0x1, 0x0, 0x1f, 0xfd, 0x9b,
    0x0, 0xa8, 0x3, 0xff, 0xc5, 0x4e, 0x78, 0x20,
    0x4a, 0x8, 0x60, 0x1f, 0xfd, 0x82, 0x30, 0x1,
    0x90, 0x7, 0xff, 0x86, 0xd5, 0x58, 0x20, 0xb,
    0x0, 0x40, 0x7, 0xff, 0x65, 0x40, 0x2a, 0x0,
    0xff, 0xf0, 0x16, 0xa3, 0x50, 0x4, 0x2c, 0x8,
    0x60, 0x1f, 0xfd, 0x9c, 0x0, 0x90, 0x3, 0xff,
    0xbe, 0x98, 0x51, 0x20, 0x19, 0x80, 0x1e, 0x1,
    0xff, 0xda, 0x40, 0x1, 0x10, 0x3, 0xff, 0xbc,
    0xd6, 0x36, 0xe0, 0x1d, 0x20, 0x48, 0x1, 0xff,
    0xd9, 0x30, 0x9, 0x40, 0x3f, 0xfb, 0xd3, 0x22,
    0xd4, 0x0, 0xe5, 0x10, 0xb0, 0xf, 0xfe, 0xd2,
    0x80, 0x5a, 0x1, 0xff, 0xdc, 0x1c, 0x64, 0xc2,
    0x0, 0xf7, 0x0, 0xb0, 0x7, 0xff, 0x6b, 0xc0,
    0x24, 0x0, 0xff, 0xed, 0xaf, 0x9b, 0x58, 0x80,
    0x78, 0x90, 0x18, 0x3, 0xff, 0xb6, 0xa0, 0x1,
    0x10, 0x7, 0xff, 0x6a, 0x68, 0x6a, 0x40, 0x3f,
    0x50, 0x2, 0x80, 0x3f, 0xfb, 0x62, 0x0, 0x20,
    0xf, 0xfe, 0xc9, 0x63, 0x16, 0xa8, 0x7, 0xf3,
    0x1, 0x90, 0x7, 0xff, 0x6c, 0x80, 0xc, 0x1,
    0xff, 0xd8, 0x6d, 0x35, 0xd2, 0x0, 0xfe, 0x51,
    0x9, 0x0, 0xff, 0xef, 0x98, 0x7, 0xff, 0x58,
    0xae, 0x42, 0x68, 0x3, 0xfe, 0xf0, 0x2, 0x80,
    0x7f, 0xff, 0xc0, 0xd, 0xa8, 0x7a, 0xc0, 0x1f,
    0xfc, 0x5, 0x6, 0x0, 0xff, 0xf0, 0x18, 0x7,
    0xff, 0x4c, 0xb2, 0x41, 0xf0, 0x80, 0x3f, 0xf8,
    0xc, 0x0, 0xd0, 0xf, 0xfe, 0xe9, 0x0, 0x4,
    0x3, 0xff, 0xa2, 0x33, 0xa6, 0x59, 0x0, 0x1f,
    0xfc, 0x2d, 0x1, 0x40, 0xf, 0xfe, 0xeb, 0x0,
    0x14, 0x3, 0xff, 0xa0, 0xde, 0xc1, 0x1a, 0x60,
    0x1f, 0xfc, 0x34, 0x7, 0x0, 0xff, 0xef, 0x60,
    0x0, 0x4c, 0x3, 0xff, 0x9a, 0x9b, 0x22, 0x7a,
    0xe0, 0x1f, 0xfc, 0x45, 0x0, 0x68, 0x7, 0xff,
    0x79, 0x40, 0x29, 0x0, 0xff, 0xe5, 0xa6, 0x59,
    0xd, 0x61, 0x0, 0x7f, 0xf1, 0x70, 0x0, 0x80,
    0x1f, 0xfd, 0xe2, 0x30, 0x2, 0xa0, 0x7, 0xff,
    0x21, 0x72, 0xcc, 0x1f, 0x94, 0x3, 0xff, 0x8e,
    0x80, 0x80, 0x1f, 0xfe, 0xf, 0x0, 0xac, 0xc0,
    0x3f, 0xf8, 0x85, 0x1d, 0x46, 0xb, 0xd0, 0x1,
    0xff, 0xc8, 0x12, 0xd, 0x0, 0xff, 0xf0, 0x1b,
    0x80, 0x58, 0xe0, 0x1f, 0xfc, 0x1, 0x6c, 0xd7,
    0x10, 0x6d, 0xa1, 0x0, 0xff, 0xe4, 0xa8, 0x1,
    0x0, 0x3f, 0xfc, 0x30, 0xc0, 0x14, 0x74, 0xa1,
    0x0, 0x42, 0x6d, 0x3b, 0xd2, 0x60, 0x6, 0xe9,
    0x20, 0xf, 0xfe, 0x59, 0x80, 0x8, 0x3, 0xff,
    0xc5, 0x30, 0x1, 0xb, 0x5e, 0xff, 0xdd, 0x92,
    0xc4, 0x0, 0x39, 0xf9, 0x10, 0xf, 0xfe, 0x6e,
    0x82, 0x0, 0x7f, 0xf9, 0x1f, 0x10, 0x3, 0xff,
    0x80, 0x4d, 0x98, 0x60, 0xf, 0xfe, 0x80, 0x81,
    0x80, 0x7f, 0xf9, 0x4e, 0xf6, 0x10, 0x80, 0x21,
    0x36, 0x9d, 0xd4, 0x98, 0x7, 0xff, 0x49, 0xc3,
    0x40, 0x3f, 0xfc, 0xe4, 0xf7, 0xbf, 0xf7, 0x64,
    0xb1, 0x0, 0x7f, 0xf5, 0x5c, 0x18, 0x3, 0xff,
    0xfe, 0x1, 0xff, 0xc9, 0xc0, 0x30, 0xf, 0xff,
    0xf8, 0x7, 0xff, 0x25, 0xac, 0x3, 0xff, 0xc0,

    /* U+0048 "H" */
    0x0, 0xff, 0xfc, 0x8b, 0xa0, 0x7, 0xff, 0xfc,
    0x3, 0xff, 0xbc, 0x3f, 0x16, 0x60, 0x1f, 0xff,
    0xf0, 0xf, 0xfe, 0xed, 0x88, 0x1, 0x0, 0x3f,
    0xfc, 0x22, 0xc0, 0x1f, 0xff, 0x84, 0x50, 0x9,
    0x0, 0x3f, 0xfc, 0x35, 0x2e, 0x1, 0xff, 0xf7,
    0x90, 0x9, 0x8c, 0x3, 0xff, 0xc0, 0x88, 0xf,
    0x0, 0xff, 0xfb, 0x31, 0x0, 0x6, 0x0, 0x3f,
    0xfc, 0x30, 0x0, 0xf0, 0xf, 0xff, 0xa8, 0xc0,
    0x5, 0x62, 0x1, 0xff, 0xe0, 0x43, 0x0, 0x28,
    0x7, 0xff, 0xd6, 0x4, 0x0, 0x8a, 0x1, 0xff,
    0xe1, 0x80, 0x2, 0x10, 0x7, 0xff, 0xd0, 0xd8,
    0x2, 0x90, 0xf, 0xff, 0xa, 0x18, 0x3, 0xc0,
    0x3f, 0xfe, 0xbe, 0x1, 0x39, 0x0, 0x7f, 0xf8,
    0x60, 0x0, 0x68, 0x1, 0xff, 0xf4, 0x53, 0x0,
    0x14, 0x0, 0x7f, 0xf8, 0x50, 0xc0, 0x10, 0x1,
    0xff, 0xf5, 0xb0, 0xa, 0x40, 0x3f, 0xfc, 0x50,
    0x0, 0x34, 0x0, 0xff, 0xfa, 0x38, 0x80, 0x15,
    0x0, 0x3f, 0xfc, 0x2a, 0x60, 0xf, 0x0, 0xff,
    0xfa, 0xc, 0x0, 0x56, 0x1, 0xff, 0xe2, 0x80,
    0x2, 0x18, 0x7, 0xff, 0xd2, 0x0, 0x28, 0x10,
    0xf, 0xff, 0xa, 0x90, 0x2, 0x0, 0x3f, 0xfe,
    0x84, 0xc0, 0x2, 0x70, 0xf, 0xff, 0x14, 0x0,
    0x14, 0xc0, 0x3f, 0xfe, 0x92, 0x1, 0x48, 0x7,
    0xff, 0x89, 0x48, 0x1, 0x0, 0x1f, 0xff, 0x43,
    0x40, 0x2, 0x20, 0x3, 0xff, 0xc5, 0x0, 0x7,
    0x20, 0xf, 0xff, 0xa7, 0x80, 0x52, 0x1, 0xff,
    0xe2, 0x62, 0x1, 0x90, 0xf, 0xff, 0xa2, 0x98,
    0x1, 0xc8, 0x3, 0xff, 0xc5, 0x0, 0x9, 0x10,
    0xf, 0xff, 0xa4, 0x0, 0x6, 0x0, 0x3f, 0xfc,
    0x4e, 0x20, 0x2e, 0x1, 0xff, 0xf4, 0x62, 0x0,
    0x40, 0x7, 0xff, 0x8e, 0x40, 0x16, 0x1, 0xff,
    0xf5, 0x80, 0x1, 0x30, 0x7, 0xff, 0x89, 0xc4,
    0xd, 0x40, 0x3f, 0xfe, 0x8e, 0x20, 0x9, 0x0,
    0xff, 0xf1, 0xc8, 0x2, 0x0, 0x3f, 0xfe, 0x83,
    0x0, 0x4, 0x40, 0x7, 0xff, 0x8a, 0x4, 0x11,
    0x0, 0x1f, 0xff, 0x49, 0x0, 0xa4, 0x3, 0xff,
    0xc4, 0x2e, 0x0, 0x90, 0xf, 0xff, 0xa0, 0xb8,
    0x1, 0x88, 0x3, 0xff, 0xc5, 0x20, 0x6, 0x20,
    0xf, 0xff, 0xa4, 0x0, 0x50, 0x1, 0xff, 0xe2,
    0x17, 0x0, 0x40, 0x7, 0xff, 0xd0, 0x98, 0x1,
    0x2, 0x1, 0xff, 0xe2, 0x80, 0x3, 0x88, 0x7,
    0xff, 0xd2, 0x0, 0x2, 0xe0, 0x1f, 0xfe, 0x21,
    0x60, 0x18, 0x0, 0xff, 0xfa, 0x12, 0x80, 0x20,
    0x3, 0xff, 0xc7, 0x0, 0x8, 0x0, 0xff, 0xfa,
    0xc0, 0x0, 0x98, 0x3, 0xff, 0xc4, 0x2c, 0x4,
    0xc0, 0x1f, 0xff, 0x42, 0x50, 0x4, 0x80, 0x7f,
    0xf8, 0xe0, 0x1, 0x20, 0x1f, 0xff, 0x58, 0x0,
    0x22, 0x0, 0x3f, 0xfc, 0x44, 0xc0, 0x68, 0x1,
    0xff, 0xf4, 0x35, 0x0, 0x40, 0x7, 0xff, 0x8e,
    0x0, 0x1e, 0x1, 0xff, 0xf5, 0x80, 0x2, 0x98,
    0x7, 0xff, 0x88, 0x94, 0x14, 0xc0, 0x3f, 0xfe,
    0x86, 0x80, 0x8, 0x0, 0xff, 0xf1, 0xc0, 0x2,
    0x0, 0x3f, 0xfe, 0xb0, 0x0, 0x52, 0x0, 0xff,
    0xf1, 0x12, 0x83, 0x10, 0x7, 0xff, 0xd0, 0xd0,
    0x1, 0x0, 0x1f, 0xfe, 0x38, 0x0, 0x40, 0x7,
    0xff, 0xd6, 0x0, 0xc, 0x40, 0x1f, 0xfe, 0x23,
    0x50, 0x71, 0x0, 0xff, 0xfa, 0x1a, 0x0, 0x20,
    0x3, 0xff, 0xc7, 0x0, 0x32, 0x1, 0xff, 0xf5,
    0x90, 0x3, 0x88, 0x7, 0xff, 0x88, 0xd0, 0x24,
    0x40, 0x3f, 0xfe, 0x84, 0xa0, 0x9, 0x0, 0xff,
    0xf1, 0xc0, 0xb, 0x80, 0x7f, 0xfd, 0x60, 0x0,
    0xe2, 0x1, 0xff, 0xe2, 0x34, 0x8, 0x0, 0xff,
    0xfa, 0x92, 0x80, 0x24, 0x3, 0xff, 0xc7, 0x0,
    0x4c, 0x1, 0xff, 0xf5, 0xb0, 0x3, 0x88, 0x7,
    0xff, 0x88, 0xd0, 0x20, 0x3, 0xff, 0xea, 0x4c,
    0x0, 0x90, 0xf, 0xff, 0x1c, 0x1, 0x28, 0x7,
    0xff, 0xd6, 0xc0, 0x10, 0x20, 0x1f, 0xfe, 0x23,
    0x40, 0x90, 0xf, 0xff, 0xa8, 0xb0, 0xb, 0x80,
    0x7f, 0xf8, 0xe4, 0xd, 0x0, 0x3f, 0xfe, 0xb2,
    0x0, 0x90, 0xf, 0xff, 0x19, 0x28, 0x40, 0x7,
    0xff, 0xd9, 0xc0, 0xe, 0x1, 0xff, 0xe3, 0x80,
    0x44, 0x0, 0x7f, 0xfd, 0x5c, 0x0, 0xe0, 0x1f,
    0xfe, 0x32, 0x50, 0x80, 0xf, 0xff, 0xb4, 0x80,
    0x24, 0x3, 0xff, 0xc7, 0x0, 0x86, 0x1, 0xff,
    0xf5, 0x61, 0x7, 0x10, 0xf, 0xff, 0x11, 0x28,
    0x40, 0x7, 0xff, 0xda, 0xc0, 0x12, 0x1, 0xff,
    0xe3, 0x80, 0x43, 0x0, 0xff, 0xfa, 0xa9, 0x3,
    0x8, 0x7, 0xff, 0x88, 0x94, 0x20, 0x3, 0xff,
    0xed, 0x20, 0xb, 0x0, 0xff, 0xf1, 0x37, 0x80,
    0x1c, 0x3, 0xff, 0xea, 0x86, 0xa, 0x40, 0x1f,
    0xfe, 0x7, 0xe9, 0x20, 0x64, 0x0, 0xff, 0xfa,
    0xf8, 0x2, 0x0, 0x3f, 0xfb, 0xc3, 0x1f, 0x2,
    0x0, 0x49, 0x0, 0xff, 0xfa, 0x92, 0x2, 0x10,
    0x7, 0xff, 0x70, 0xa7, 0x9c, 0x0, 0x80, 0x8,
    0x0, 0xff, 0xfb, 0x58, 0x2, 0x0, 0x3f, 0xfb,
    0x6b, 0x9a, 0xc0, 0x6, 0xdd, 0x1, 0x98, 0x3,
    0xff, 0xea, 0x2c, 0x6, 0x60, 0xf, 0xfe, 0xc0,
    0xbf, 0x51, 0x80, 0xbf, 0x49, 0x58, 0x40, 0x7,
    0xff, 0xd9, 0x80, 0x12, 0x1, 0xff, 0xd7, 0x4a,
    0xe8, 0x10, 0x3a, 0xe8, 0x10, 0x52, 0x34, 0x0,
    0xff, 0xfb, 0x48, 0x12, 0x80, 0x7f, 0xf5, 0xa,
    0x3a, 0xd4, 0x0, 0xd9, 0x85, 0x0, 0xd2, 0x12,
    0x1, 0xff, 0xf6, 0x61, 0xb, 0x0, 0xff, 0xe9,
    0xb, 0x66, 0xb8, 0x81, 0xcf, 0x49, 0x80, 0x72,
    0x19, 0x28, 0x7, 0xff, 0xda, 0xc0, 0x58, 0x3,
    0xff, 0xa0, 0xb5, 0xd2, 0x60, 0x2f, 0xb8, 0xc2,
    0x1, 0xf7, 0x84, 0x0, 0x7f, 0xfd, 0x90, 0x81,
    0x80, 0x3f, 0xf9, 0xa2, 0xd7, 0xf4, 0xa0, 0x5,
    0xbe, 0x82, 0x0, 0xfe, 0x24, 0x25, 0x0, 0xff,
    0xfb, 0x78, 0x2, 0x40, 0x3f, 0xf9, 0x44, 0xd7,
    0xd2, 0x80, 0x5, 0xaf, 0xa4, 0x0, 0xff, 0xe0,
    0x40, 0x58, 0x7, 0xff, 0xd8, 0x90, 0x14, 0x40,
    0x3f, 0xf8, 0xe9, 0x3b, 0xa9, 0x40, 0x2, 0xd7,
    0xd2, 0x80, 0x7f, 0xf0, 0x85, 0x45, 0x80, 0x3f,
    0xfe, 0xd6, 0x0, 0x90, 0xf, 0xfe, 0x21, 0xbe,
    0x7d, 0xb1, 0x1, 0x3d, 0xfd, 0x28, 0x7, 0xff,
    0x16, 0x42, 0x40, 0x3f, 0xfe, 0xec, 0x6, 0x60,
    0xf, 0xf8, 0x52, 0x33, 0xf2, 0xc, 0x0, 0x93,
    0xba, 0x84, 0x0, 0xff, 0xe3, 0x8b, 0x8b, 0x80,
    0x7f, 0xf5, 0x8d, 0xd0, 0x40, 0x3f, 0xfa, 0xc,
    0x0, 0x90, 0xf, 0x85, 0x1e, 0xb7, 0xad, 0xcc,
    0x0, 0x6f, 0x7f, 0x6c, 0x40, 0x1f, 0xfc, 0xa6,
    0x6, 0x0, 0xff, 0xeb, 0xe, 0x45, 0xf6, 0xca,
    0x90, 0x7, 0xff, 0x32, 0xc0, 0x54, 0x5, 0x1a,
    0x2f, 0xb9, 0x70, 0xa4, 0x0, 0x37, 0xbf, 0xc8,
    0x40, 0xf, 0xfe, 0x74, 0x84, 0x80, 0x7f, 0xf5,
    0x88, 0x3, 0x13, 0x56, 0xfe, 0xdc, 0x3b, 0x21,
    0x90, 0x88, 0x3, 0x84, 0x44, 0x68, 0xad, 0x24,
    0x0, 0xdf, 0xeb, 0x97, 0x41, 0x0, 0x13, 0x4e,
    0x7e, 0x42, 0x0, 0x7f, 0xf4, 0x54, 0x54, 0x40,
    0x3f, 0xfb, 0x26, 0x60, 0xe, 0x24, 0x78, 0x9b,
    0xcd, 0xee, 0x7f, 0xf7, 0x73, 0x72, 0xea, 0x58,
    0x0, 0x24, 0x1, 0x9, 0xb4, 0xe7, 0xec, 0xb1,
    0x80, 0x7f, 0xf5, 0x64, 0x20, 0x3, 0xff, 0xae,
    0x20, 0xa, 0xcf, 0xdb, 0x87, 0x53, 0x10, 0xf,
    0xfe, 0x30, 0x80, 0x5, 0x62, 0xb3, 0xfb, 0x25,
    0x8c, 0x3, 0xff, 0xb2, 0x66, 0x42, 0x0, 0xff,
    0xeb, 0x90, 0x0, 0x40, 0x4, 0x8f, 0x15, 0x9d,
    0xfe, 0xed, 0xcc, 0x5d, 0xfe, 0xcc, 0x77, 0xb0,
    0x3, 0x69, 0xd4, 0xc0, 0x3f, 0xfb, 0xf2, 0x1e,
    0x1, 0xff, 0xd9, 0x10, 0xf0, 0xf, 0xf8, 0x48,
    0xcc, 0x89, 0xf8, 0xcc, 0x20, 0xc0, 0x46, 0x1,
    0xff, 0xe2, 0x15, 0x24, 0x0, 0xff, 0xec, 0x98,
    0x8, 0x7, 0xff, 0x39, 0x44, 0x2c, 0x3, 0xff,
    0xc6, 0xc1, 0x40, 0x1f, 0xfd, 0xa6, 0x3, 0x0,
    0xff, 0xe7, 0x48, 0x1, 0x80, 0x3f, 0xfc, 0x74,
    0xc, 0x1, 0xff, 0xda, 0x20, 0x10, 0xf, 0xfe,
    0x69, 0x98, 0x18, 0x3, 0xff, 0xc6, 0x84, 0xc2,
    0x1, 0xff, 0xda, 0xf0, 0x60, 0xf, 0xfe, 0x6d,
    0x0, 0x2c, 0x3, 0xff, 0xc7, 0xe1, 0x40, 0x1f,
    0xfd, 0xb2, 0x2, 0x0, 0xff, 0xe6, 0xb, 0x1,
    0x90, 0x7, 0xff, 0x88, 0x50, 0xcc, 0x1, 0xff,
    0xdb, 0x50, 0x1, 0x0, 0x7f, 0xf2, 0xd8, 0x1,
    0x20, 0x1f, 0xfe, 0x39, 0xa, 0x0, 0xff, 0xee,
    0x8, 0x81, 0x80, 0x3f, 0xf9, 0x74, 0x2, 0xa0,
    0x1f, 0xfe, 0x36, 0x7, 0x0, 0xff, 0xee, 0xa8,
    0x10, 0x7, 0xff, 0x29, 0x8, 0x18, 0x3, 0xff,
    0xc6, 0x82, 0xa2, 0x1, 0xff, 0xdd, 0x30, 0xf0,
    0xf, 0xfe, 0x57, 0x0, 0x28, 0x3, 0xff, 0xc7,
    0xc1, 0xc0, 0x1f, 0xfd, 0xed, 0x5, 0x0, 0xff,
    0xe4, 0x8a, 0x81, 0x90, 0x7, 0xff, 0x88, 0x54,
    0x90, 0x3, 0xff, 0xbc, 0x80, 0x60, 0x1f, 0xfc,
    0x96, 0x0, 0x50, 0x7, 0xff, 0x8d, 0xc2, 0x80,
    0x3f, 0xfb, 0xe2, 0x40, 0x40, 0x1f, 0xfc, 0x89,
    0x0, 0x30, 0x7, 0xff, 0x8e, 0x81, 0x40, 0x3f,
    0xfc, 0xe, 0x8, 0x1, 0xff, 0xc7, 0x41, 0x6,
    0x0, 0xff, 0xf1, 0x91, 0x98, 0x80, 0x3f, 0xfc,
    0x18, 0x18, 0x1, 0xff, 0xc7, 0xf0, 0x5, 0x0,
    0x7f, 0xf8, 0xe8, 0x28, 0x3, 0xff, 0xc2, 0x80,
    0x80, 0x1f, 0xfc, 0x61, 0x40, 0x23, 0x0, 0xff,
    0xf1, 0xa8, 0x38, 0x7, 0xff, 0x84, 0x84, 0x44,
    0x1, 0xff, 0xc5, 0x60, 0x5, 0x0, 0x7f, 0xf8,
    0xcc, 0x90, 0x40, 0x3f, 0xfc, 0x48, 0xe, 0x1,
    0xff, 0xc5, 0x90, 0x3, 0x0, 0x7f, 0xf8, 0xec,
    0x34, 0x3, 0xff, 0xc7, 0xe1, 0x80, 0x1f, 0xfc,
    0x44, 0x10, 0x41, 0x0, 0xff, 0xf1, 0xb0, 0x38,
    0x7, 0xff, 0x8d, 0x1, 0x0, 0x3f, 0xf8, 0x9e,
    0x0, 0xe0, 0xf, 0xff, 0x19, 0x89, 0x88, 0x7,
    0xff, 0x8c, 0x4c, 0x84, 0x3, 0xff, 0x84, 0x28,
    0x2, 0xa0, 0x1f, 0xfe, 0x3b, 0xb, 0x0, 0xff,
    0xf2, 0xa0, 0x38, 0x7, 0xff, 0x9, 0x80, 0xe,
    0x1, 0xff, 0xe4, 0x50, 0x50, 0xf, 0xff, 0x2d,
    0x86, 0x0, 0x7f, 0xf0, 0xa4, 0x1, 0x40, 0x1f,
    0xfe, 0x31, 0x22, 0x80, 0x3f, 0xfc, 0xa6, 0x2a,
    0x1, 0xff, 0xc1, 0x41, 0x3, 0x30, 0x7, 0xff,
    0x8d, 0xc1, 0x0, 0x3f, 0xfc, 0xee, 0x8, 0x1,
    0xff, 0xc0, 0xf0, 0x5, 0x0, 0x7f, 0xf9, 0x34,
    0x34, 0x3, 0xff, 0xcf, 0xa1, 0xa0, 0x1f, 0xf0,
    0xa0, 0x1, 0xc0, 0x3f, 0xfc, 0x8a, 0xa, 0x1,
    0xff, 0xe7, 0x41, 0x70, 0xf, 0xf9, 0x80, 0xa,
    0x20, 0x1f, 0xfe, 0x33, 0x13, 0x10, 0xf, 0xff,
    0x43, 0x89, 0x80, 0x7f, 0xa4, 0x1, 0xc0, 0x1f,
    0xfe, 0x44, 0x4, 0x0, 0xff, 0xf4, 0xe8, 0x58,
    0x7, 0xf2, 0x8, 0xa, 0x0, 0x7f, 0xf9, 0x30,
    0x34, 0x3, 0xff, 0xd2, 0x82, 0xa0, 0x1f, 0xdc,
    0x0, 0x60, 0xf, 0xff, 0x2a, 0x83, 0x80, 0x7f,
    0xfa, 0x9c, 0x8c, 0x3, 0xe1, 0x50, 0x5, 0x0,
    0x7f, 0xf9, 0x4, 0x40, 0x40, 0x1f, 0xfe, 0xaa,
    0xb, 0x0, 0xf9, 0x80, 0x8, 0x40, 0x1f, 0xfe,
    0x44, 0x3, 0x0, 0xff, 0xf5, 0x99, 0x30, 0x7,
    0xd2, 0x0, 0xe0, 0xf, 0xff, 0x2e, 0x82, 0x80,
    0x7f, 0xfb, 0x28, 0x50, 0x3, 0x90, 0x40, 0x54,
    0x3, 0xff, 0xca, 0x61, 0xe0, 0x1f, 0xfe, 0xc6,
    0xe, 0x0, 0xef, 0x0, 0x30, 0x7, 0xff, 0x99,
    0x80, 0xc0, 0x3f, 0xfd, 0x82, 0x8a, 0x1, 0x85,
    0x0, 0x14, 0x1, 0xff, 0xe6, 0x20, 0x60, 0xf,
    0xff, 0x6f, 0x83, 0x0, 0x52, 0x0, 0x42, 0x0,
    0xff, 0xf2, 0x88, 0x0, 0x80, 0x3f, 0xfd, 0xa8,
    0x36, 0x1, 0x30, 0x2, 0x0, 0x3f, 0xfc, 0xc4,
    0x0, 0x10, 0xf, 0xff, 0x74, 0x92, 0x83, 0x8,
    0x21, 0x80, 0x7f, 0xf9, 0x9c, 0x3, 0xff, 0xe2,
    0xc1, 0x5, 0x0, 0x8, 0x0, 0xff, 0xf4, 0x88,
    0x7, 0xff, 0xbc, 0x60, 0xb4, 0x42, 0xc, 0x3,
    0xff, 0xce, 0x20, 0x1f, 0xff, 0x27, 0x81, 0x14,
    0x38, 0x7, 0xff, 0xa8, 0x40, 0x3f, 0xfe, 0x2f,
    0xdc, 0x70, 0xf, 0xff, 0xf8, 0x7, 0xff, 0xfc,
    0x3, 0xff, 0x98, 0x20, 0x2, 0x0, 0xff, 0xff,
    0x80, 0x7f, 0xf7, 0x98, 0x0, 0xc0, 0x1f, 0xff,
    0xf0, 0xf, 0xfe, 0xf1, 0x80, 0xc, 0x3, 0xff,
    0xfe, 0x1, 0xff, 0xde, 0x14, 0x8, 0x30, 0xf,
    0xff, 0xf8, 0x7, 0xff, 0x7a, 0xea, 0x4c, 0x3,
    0xff, 0xc4,

    /* U+0049 "I" */
    0x0, 0xff, 0xff, 0x80, 0x7f, 0xf2, 0x44, 0xd5,
    0xe6, 0xb3, 0x7b, 0xff, 0xbb, 0x6e, 0x8, 0x3,
    0xff, 0xfe, 0x1, 0xff, 0xc4, 0x24, 0x79, 0xbd,
    0xfe, 0xca, 0x86, 0x53, 0x21, 0x11, 0x16, 0x2,
    0x47, 0xd9, 0x0, 0xff, 0xff, 0x80, 0x75, 0x70,
    0x12, 0x34, 0xde, 0xfe, 0xdc, 0x32, 0x19, 0x95,
    0xe2, 0xaf, 0x7b, 0xfd, 0xdb, 0xbb, 0xbf, 0x20,
    0x58, 0xc0, 0x3f, 0xff, 0xe2, 0x6d, 0x6a, 0x3f,
    0xb7, 0x2c, 0xa2, 0xaf, 0x37, 0xdf, 0xd9, 0x50,
    0xea, 0x84, 0x20, 0x1f, 0xc6, 0xfd, 0x86, 0x1,
    0xff, 0xf8, 0x13, 0x68, 0xac, 0xfe, 0xc9, 0x40,
    0x2, 0xc5, 0x67, 0x73, 0x2a, 0x19, 0x4, 0x3,
    0xff, 0x94, 0x60, 0x1f, 0xfd, 0xe8, 0xa8, 0x53,
    0x10, 0xf, 0xf8, 0x44, 0x48, 0xaf, 0x37, 0xbf,
    0xd9, 0x2e, 0xa6, 0x1, 0xe4, 0xa7, 0x53, 0x10,
    0xf, 0xff, 0xda, 0x3a, 0xbd, 0x67, 0x7f, 0xff,
    0xdd, 0xcd, 0xba, 0x86, 0x42, 0x0, 0xf1, 0x2b,
    0x80, 0x6d, 0x0, 0xff, 0xff, 0x83, 0x0, 0x7f,
    0xf3, 0x4, 0xd5, 0xeb, 0x3b, 0xf6, 0xbc, 0x3,
    0x38, 0x7, 0xff, 0xfc, 0xa, 0xc8, 0x3, 0xff,
    0x84, 0x48, 0xaf, 0x37, 0xbf, 0xd9, 0x50, 0xa6,
    0x20, 0x2, 0x80, 0x9, 0x4, 0x3, 0xff, 0xfe,
    0x0, 0x4d, 0xec, 0xa9, 0x9d, 0x54, 0xbc, 0xef,
    0xf6, 0xdd, 0x43, 0x21, 0x0, 0x7f, 0xa4, 0x3,
    0x70, 0x7, 0xff, 0xfc, 0x3, 0x84, 0xd5, 0x9b,
    0x2a, 0x90, 0xc4, 0x3, 0xff, 0x8c, 0x68, 0xa,
    0x2, 0xa0, 0x1f, 0xff, 0xf0, 0xf, 0xfe, 0xbf,
    0x82, 0x38, 0x30, 0x7, 0xff, 0xfc, 0x3, 0xff,
    0xae, 0x86, 0x6, 0x41, 0x40, 0x1f, 0xff, 0xf0,
    0xf, 0xfe, 0xbc, 0x2, 0xa8, 0x10, 0x80, 0x3f,
    0xff, 0xe0, 0x1f, 0xfd, 0x64, 0x30, 0xd2, 0xf,
    0x0, 0xff, 0xff, 0x80, 0x7f, 0xf5, 0xfc, 0x16,
    0xc0, 0x90, 0x3, 0xff, 0xfe, 0x1, 0xff, 0xd6,
    0x24, 0xd, 0x30, 0xb0, 0xf, 0xff, 0xf8, 0x7,
    0xff, 0x5e, 0xc1, 0x6c, 0x0, 0xc0, 0x1f, 0xff,
    0xf0, 0xf, 0xfe, 0xbb, 0x1, 0x18, 0x38, 0x7,
    0xff, 0xfc, 0x3, 0xff, 0xae, 0xc0, 0x88, 0x0,
    0x48, 0x7, 0xff, 0xfc, 0x3, 0xff, 0xaf, 0x40,
    0x46, 0xa, 0x20, 0x1f, 0xff, 0xf0, 0xf, 0xfe,
    0xb1, 0x19, 0x28, 0x2, 0x0, 0x3f, 0xff, 0xe0,
    0x1f, 0xfd, 0x75, 0x7, 0x30, 0x42, 0x0, 0xff,
    0xff, 0x80, 0x7f, 0xf5, 0xec, 0x58, 0x1, 0x0,
    0x1f, 0xff, 0xf0, 0xf, 0xfe, 0xb8, 0x99, 0xc0,
    0x66, 0x0, 0xff, 0xff, 0x80, 0x7f, 0xf5, 0xd0,
    0xc, 0x1, 0x0, 0x1f, 0xff, 0xf0, 0xf, 0xfe,
    0xc6, 0x0, 0x81, 0x20, 0x7, 0xff, 0xfc, 0x3,
    0xff, 0xb0, 0x80, 0x14, 0x0, 0x7f, 0xff, 0xc0,
    0x3f, 0xfb, 0x24, 0x0, 0x25, 0x0, 0xff, 0xff,
    0x80, 0x7f, 0xf6, 0x4, 0x2, 0xb0, 0xf, 0xff,
    0xf8, 0x7, 0xff, 0x64, 0x80, 0x2, 0xc0, 0x1f,
    0xff, 0xf0, 0xf, 0xfe, 0xcc, 0x80, 0x20, 0x3,
    0xff, 0xfe, 0x1, 0xff, 0xd9, 0x25, 0x1, 0x60,
    0xf, 0xff, 0xf8, 0x7, 0xff, 0x66, 0x0, 0x12,
    0x1, 0xff, 0xff, 0x0, 0xff, 0xec, 0x92, 0x80,
    0xb8, 0x7, 0xff, 0xfc, 0x3, 0xff, 0xb3, 0x0,
    0x9, 0x0, 0xff, 0xff, 0x80, 0x7f, 0xf6, 0x49,
    0x40, 0x5c, 0x3, 0xff, 0xfe, 0x1, 0xff, 0xd9,
    0x80, 0x4, 0x80, 0x7f, 0xff, 0xc0, 0x3f, 0xfb,
    0x24, 0xa0, 0x2e, 0x1, 0xff, 0xff, 0x0, 0xff,
    0xec, 0xc0, 0x2, 0x40, 0x3f, 0xff, 0xe0, 0x1f,
    0xfd, 0x92, 0x50, 0x17, 0x0, 0xff, 0xff, 0x80,
    0x7f, 0xf6, 0x60, 0x1, 0x20, 0x1f, 0xff, 0xf0,
    0xf, 0xfe, 0xc9, 0x28, 0xb, 0x80, 0x7f, 0xff,
    0xc0, 0x3f, 0xfb, 0x30, 0x0, 0x90, 0xf, 0xff,
    0xf8, 0x7, 0xff, 0x64, 0x94, 0x0, 0xe0, 0x1f,
    0xff, 0xf0, 0xf, 0xfe, 0xcc, 0x0, 0x1c, 0x3,
    0xff, 0xfe, 0x1, 0xff, 0xd9, 0x25, 0x0, 0x48,
    0x7, 0xff, 0xfc, 0x3, 0xff, 0xb3, 0x60, 0x8,
    0x10, 0xf, 0xff, 0xf8, 0x7, 0xff, 0x60, 0x98,
    0x5, 0xc0, 0x3f, 0xff, 0xe0, 0x1f, 0xfd, 0x9b,
    0x0, 0x48, 0x7, 0xff, 0xfc, 0x3, 0xff, 0xb2,
    0x4c, 0x2, 0xe0, 0x1f, 0xff, 0xf0, 0xf, 0xfe,
    0xcd, 0x80, 0x24, 0x3, 0xff, 0xfe, 0x1, 0xff,
    0xd9, 0x26, 0x1, 0x70, 0xf, 0xff, 0xf8, 0x7,
    0xff, 0x66, 0xc0, 0x12, 0x1, 0xff, 0xff, 0x0,
    0xff, 0xec, 0x8b, 0x0, 0xb8, 0x7, 0xff, 0xfc,
    0x3, 0xff, 0xb3, 0x0, 0x9, 0x0, 0xff, 0xff,
    0x80, 0x7f, 0xf6, 0x45, 0x80, 0x5c, 0x3, 0xff,
    0xfe, 0x1, 0xff, 0xd9, 0x80, 0x4, 0x80, 0x7f,
    0xff, 0xc0, 0x3f, 0xfb, 0x22, 0xc0, 0x2e, 0x1,
    0xff, 0xff, 0x0, 0xff, 0xec, 0xc0, 0x2, 0x40,
    0x3f, 0xff, 0xe0, 0x1f, 0xfd, 0x91, 0x60, 0x17,
    0x0, 0xff, 0xff, 0x80, 0x7f, 0xf6, 0x60, 0x1,
    0x20, 0x1f, 0xff, 0xf0, 0xf, 0xfe, 0xc8, 0xb0,
    0xb, 0x80, 0x7f, 0xff, 0xc0, 0x3f, 0xfb, 0x32,
    0x0, 0x90, 0xf, 0xff, 0xf8, 0x7, 0xff, 0x64,
    0x5c, 0x5, 0xc0, 0x3f, 0xff, 0xe0, 0x1f, 0xfd,
    0x99, 0x0, 0x48, 0x7, 0xff, 0xfc, 0x3, 0xff,
    0xb2, 0x2e, 0x2, 0xe0, 0x1f, 0xff, 0xf0, 0xf,
    0xfe, 0xcc, 0x80, 0x24, 0x3, 0xff, 0xfe, 0x1,
    0xff, 0xd9, 0x17, 0x1, 0x70, 0xf, 0xff, 0xf8,
    0x7, 0xff, 0x66, 0x40, 0x12, 0x1, 0xff, 0xff,
    0x0, 0xff, 0xec, 0x8b, 0x80, 0xb8, 0x7, 0xff,
    0xfc, 0x3, 0xff, 0xb3, 0x20, 0x9, 0x0, 0xff,
    0xff, 0x80, 0x7f, 0xf6, 0x98, 0x5, 0xc0, 0x3f,
    0xff, 0xe0, 0x1f, 0xfd, 0x97, 0x10, 0x90, 0xf,
    0xff, 0xf8, 0x7, 0xff, 0x6a, 0x40, 0x5c, 0x3,
    0xff, 0xfe, 0x1, 0xff, 0xd9, 0x71, 0x9, 0x0,
    0xff, 0xff, 0x80, 0x7f, 0xf6, 0xa4, 0x5, 0xc0,
    0x3f, 0xff, 0xe0, 0x1f, 0xfd, 0x97, 0x10, 0x90,
    0xf, 0xff, 0xf8, 0x7, 0xff, 0x6a, 0x40, 0x5c,
    0x3, 0xff, 0xfe, 0x1, 0xff, 0xd9, 0x61, 0x9,
    0x0, 0xff, 0xff, 0x80, 0x7f, 0xf6, 0xa0, 0x5,
    0xc0, 0x3f, 0xff, 0xe0, 0x1f, 0xfd, 0x96, 0x10,
    0x90, 0xf, 0xff, 0xf8, 0x7, 0xff, 0x6a, 0xc0,
    0xc, 0x1, 0xff, 0xff, 0x0, 0xff, 0xec, 0xa9,
    0x3, 0x88, 0x7, 0xff, 0xfc, 0x3, 0xff, 0xb3,
    0x0, 0x9, 0x0, 0xff, 0xff, 0x80, 0x7f, 0xf6,
    0x54, 0x81, 0xc4, 0x3, 0xff, 0xfe, 0x1, 0xff,
    0xd9, 0x90, 0x4, 0x80, 0x7f, 0xff, 0xc0, 0x3f,
    0xfb, 0x28, 0x60, 0xe2, 0x1, 0xff, 0xff, 0x0,
    0xff, 0xec, 0xc0, 0x2, 0x40, 0x3f, 0xff, 0xe0,
    0x1f, 0xfd, 0x93, 0x30, 0x30, 0x80, 0x7f, 0xff,
    0xc0, 0x3f, 0xfb, 0x30, 0x0, 0x80, 0xf, 0xff,
    0xf8, 0x7, 0xff, 0x64, 0xd0, 0x18, 0x40, 0x3f,
    0xff, 0xe0, 0x1f, 0xfd, 0x99, 0x0, 0x58, 0x7,
    0xff, 0xfc, 0x3, 0xff, 0xb2, 0x4a, 0xa, 0x40,
    0x1f, 0xff, 0xf0, 0xf, 0xfe, 0xcd, 0x80, 0x24,
    0x3, 0xff, 0xfe, 0x1, 0xff, 0xd9, 0x16, 0x4,
    0x30, 0xf, 0xff, 0xf8, 0x7, 0xff, 0x66, 0x40,
    0x1e, 0x1, 0xff, 0xff, 0x0, 0xff, 0xed, 0x38,
    0x1a, 0x0, 0x7f, 0xff, 0xc0, 0x3f, 0xfb, 0x2e,
    0x0, 0x90, 0xf, 0xff, 0xf8, 0x7, 0xff, 0x6a,
    0x40, 0x94, 0x3, 0xff, 0xfe, 0x1, 0xff, 0xd9,
    0x61, 0xb, 0x0, 0xff, 0xff, 0x80, 0x7f, 0xf6,
    0xac, 0x5, 0x80, 0x3f, 0xff, 0xe0, 0x1f, 0xfd,
    0x94, 0x20, 0x60, 0xf, 0xff, 0xf8, 0x7, 0xff,
    0x6b, 0xc0, 0x12, 0x1, 0xff, 0xff, 0x0, 0xff,
    0xec, 0x92, 0x2, 0x88, 0x7, 0xff, 0xfc, 0x3,
    0xff, 0xb3, 0x60, 0x9, 0x0, 0xff, 0xff, 0x80,
    0x7f, 0xf6, 0x45, 0x80, 0xcc, 0x1, 0xff, 0xff,
    0x0, 0xff, 0xec, 0xb0, 0x2, 0x40, 0x3f, 0xff,
    0xe0, 0x1f, 0xe6, 0x93, 0x0, 0xff, 0xe6, 0xc8,
    0xa, 0x80, 0x61, 0x24, 0x57, 0x89, 0xbc, 0xde,
    0xff, 0xff, 0x76, 0x51, 0x80, 0x7f, 0xfa, 0xca,
    0x5b, 0x36, 0x5d, 0x50, 0xcc, 0x45, 0xff, 0x19,
    0xc8, 0xad, 0x22, 0x7, 0x57, 0xbd, 0xfd, 0xb7,
    0x50, 0xec, 0x86, 0x42, 0x31, 0x17, 0xe0, 0x35,
    0xd0, 0xf, 0xff, 0x79, 0x34, 0x55, 0xe6, 0x37,
    0x7f, 0xec, 0xca, 0xea, 0x58, 0x0, 0x4a, 0x84,
    0x20, 0x26, 0x8d, 0x13, 0x79, 0xdf, 0xee, 0xe6,
    0xef, 0xee, 0xfb, 0x40, 0xf, 0xff, 0x59, 0x40,
    0x7, 0xff, 0x30, 0x48, 0x0, 0x4f, 0x35, 0x9d,
    0xfd, 0x97, 0x2e, 0xc8, 0x62, 0x1, 0xff, 0xc2,
    0x4a, 0x0, 0xff, 0xf6, 0x3f, 0x42, 0x90, 0x80,
    0x70, 0x88, 0x8d, 0x15, 0x9e, 0x6a, 0xf7, 0xbf,
    0xb8, 0x0, 0x98, 0x65, 0x31, 0x0, 0xff, 0xff,
    0x80, 0x7e, 0x17, 0xad, 0xef, 0xfe, 0xee, 0x6e,
    0x5d, 0x4c, 0x32, 0xa1, 0x8, 0x0, 0xea, 0x88,
    0x1, 0xff, 0xff, 0x0, 0xff, 0x80,

    /* U+004A "J" */
    0x0, 0xff, 0xfc, 0x12, 0x33, 0xb9, 0x4c, 0x3,
    0xff, 0xfe, 0x95, 0xdb, 0x73, 0x10, 0xac, 0xe8,
    0x10, 0xf, 0xff, 0xc8, 0xbf, 0x5a, 0x88, 0x11,
    0x4, 0x2, 0x17, 0xf5, 0x0, 0xff, 0xfb, 0xc7,
    0x40, 0xa4, 0xef, 0xee, 0xbb, 0x96, 0xc2, 0x3,
    0x50, 0x1, 0xff, 0xf4, 0x6e, 0x71, 0x7e, 0xb6,
    0x20, 0xc, 0x29, 0x3c, 0xc0, 0x7, 0x80, 0xf,
    0xff, 0x89, 0xec, 0x84, 0x74, 0x8, 0x7, 0xfd,
    0x34, 0x0, 0x74, 0x0, 0xff, 0xf7, 0xc6, 0x13,
    0x7b, 0x80, 0x7f, 0xf0, 0xd6, 0x80, 0x14, 0x1,
    0xff, 0xed, 0x2d, 0x72, 0xd9, 0x10, 0xf, 0xfe,
    0x2a, 0xa8, 0x5, 0x80, 0x3f, 0xfd, 0x6d, 0xa4,
    0xfa, 0x40, 0x1f, 0xfc, 0x88, 0x0, 0x58, 0x7,
    0xff, 0xaa, 0x64, 0x37, 0x0, 0x1f, 0xfc, 0xa2,
    0x50, 0x22, 0x0, 0x7f, 0xf9, 0xc7, 0x18, 0xfd,
    0x0, 0x3f, 0xf9, 0x9e, 0x0, 0x50, 0xf, 0xff,
    0x31, 0x61, 0xae, 0x8, 0x7, 0xff, 0x35, 0x40,
    0x18, 0x1, 0xff, 0xe5, 0x3c, 0x28, 0xa0, 0xf,
    0xfe, 0x81, 0x2, 0x80, 0x7f, 0xf9, 0x13, 0x6,
    0x5c, 0x3, 0xff, 0xa2, 0xe0, 0x22, 0x0, 0xff,
    0xf1, 0x2d, 0x85, 0x30, 0x7, 0xff, 0x48, 0x80,
    0x6, 0x1, 0xff, 0xe1, 0x5a, 0xb, 0x50, 0xf,
    0xfe, 0x9f, 0x80, 0x18, 0x3, 0xff, 0xc0, 0x94,
    0x16, 0x80, 0x1f, 0xfd, 0x41, 0x0, 0x8, 0x7,
    0xff, 0x7c, 0xec, 0x29, 0x0, 0x3f, 0xff, 0xe0,
    0x18, 0xb4, 0x29, 0x40, 0x3f, 0xff, 0xe0, 0x18,
    0x7c, 0x61, 0x40, 0x3f, 0xfa, 0xe2, 0x0, 0x10,
    0xf, 0xfe, 0xee, 0x93, 0x38, 0x7, 0xff, 0x63,
    0xc0, 0xe, 0x1, 0xff, 0xdc, 0x83, 0x49, 0x0,
    0xff, 0xec, 0x90, 0x0, 0x40, 0x3f, 0xfb, 0x6a,
    0xe5, 0x40, 0x1f, 0xfd, 0xa6, 0x0, 0x18, 0x7,
    0xff, 0x68, 0x6c, 0x3c, 0x40, 0x3f, 0xfb, 0x44,
    0x0, 0x10, 0xf, 0xfe, 0xd5, 0x8d, 0x10, 0x7,
    0xff, 0x68, 0x44, 0x4, 0x1, 0xff, 0xda, 0x45,
    0x58, 0x3, 0xff, 0xb6, 0xa0, 0x6, 0x0, 0xff,
    0xed, 0x40, 0xd8, 0x7, 0xff, 0x70, 0xc0, 0x6,
    0x1, 0xff, 0xd9, 0x33, 0x40, 0x80, 0x7f, 0xf7,
    0x34, 0x1, 0xa0, 0x1f, 0xfd, 0x94, 0x26, 0x0,
    0xff, 0xee, 0xa0, 0x1, 0xc0, 0x3f, 0xfb, 0x3e,
    0xc2, 0x1, 0xff, 0xdc, 0x11, 0x0, 0x90, 0x7,
    0xff, 0x66, 0x4c, 0xc0, 0x1f, 0xfd, 0xc4, 0x0,
    0x28, 0x7, 0xff, 0x68, 0x60, 0x80, 0x3f, 0xfb,
    0x9e, 0x0, 0xc0, 0xf, 0xff, 0xf8, 0x7, 0x90,
    0x0, 0x80, 0x1f, 0xff, 0xf0, 0xe, 0x31, 0x0,
    0x18, 0x7, 0xff, 0xfc, 0x3, 0x90, 0x0, 0xa0,
    0x1f, 0xff, 0xf0, 0xf, 0x58, 0x3, 0x0, 0x3f,
    0xff, 0xe0, 0x6a, 0xf3, 0x66, 0x0, 0x70, 0xf,
    0xff, 0xd1, 0xb4, 0xe7, 0x7e, 0x54, 0x32, 0x0,
    0xc, 0x40, 0x3f, 0xfe, 0xa6, 0xf5, 0xbf, 0x92,
    0xc6, 0x65, 0x7a, 0xcf, 0x30, 0x5, 0x80, 0x7f,
    0xfc, 0x92, 0x33, 0xf2, 0x14, 0x8d, 0xa7, 0x3f,
    0x6a, 0x14, 0xc8, 0xc0, 0xa, 0x1, 0xff, 0xee,
    0x27, 0xbf, 0xb7, 0x31, 0x59, 0xcf, 0xc9, 0x63,
    0x0, 0xf5, 0x0, 0x8, 0x80, 0x1f, 0xfe, 0xb4,
    0x9e, 0xd8, 0x41, 0x59, 0xde, 0xa6, 0x30, 0xf,
    0xf9, 0x80, 0x14, 0x1, 0xff, 0xe9, 0x49, 0xeb,
    0x61, 0x37, 0xce, 0xa6, 0x20, 0xf, 0xfe, 0x12,
    0x8, 0x1, 0x80, 0x3f, 0xfc, 0xc5, 0x1d, 0x6c,
    0x29, 0x3d, 0x90, 0x60, 0x1f, 0xfc, 0x6e, 0x0,
    0x20, 0x80, 0x7f, 0xf9, 0x1b, 0x35, 0xc4, 0xe7,
    0xad, 0x84, 0x3, 0xff, 0x90, 0x2a, 0x0, 0xe0,
    0xf, 0xff, 0x11, 0x4f, 0xc9, 0x94, 0x76, 0x30,
    0x80, 0x7f, 0xf2, 0xd8, 0x0, 0x2a, 0x1, 0xff,
    0xe0, 0x4b, 0xd6, 0x5, 0xbd, 0x71, 0x0, 0xff,
    0xe7, 0x48, 0x1, 0xc0, 0x3f, 0xfb, 0xeb, 0xb6,
    0x83, 0x1d, 0x48, 0x1, 0xff, 0xd0, 0x51, 0x0,
    0x58, 0x7, 0xff, 0x75, 0x76, 0x88, 0x93, 0xce,
    0x20, 0x1f, 0xfd, 0x29, 0x0, 0x19, 0x0, 0x7f,
    0xf6, 0xd7, 0x68, 0x8e, 0xf5, 0x80, 0x3f, 0xfa,
    0x86, 0x60, 0x4, 0x80, 0x7f, 0xf6, 0x8f, 0x28,
    0x8e, 0xf1, 0x0, 0x3f, 0xfa, 0xd2, 0x0, 0x15,
    0x0, 0xff, 0xec, 0xc, 0xe1, 0x95, 0x62, 0x0,
    0x7f, 0xf5, 0xc9, 0x40, 0x12, 0x1, 0xff, 0xd8,
    0x6f, 0x61, 0x8d, 0x50, 0xf, 0xfe, 0xcc, 0x0,
    0x4e, 0x1, 0xff, 0xd6, 0x1b, 0x91, 0x6f, 0x70,
    0xf, 0xfe, 0xd1, 0x28, 0x1, 0xc0, 0x3f, 0xfa,
    0xcd, 0xc8, 0x59, 0x22, 0x1, 0xff, 0xdb, 0xb0,
    0xa, 0x40, 0x3f, 0xfa, 0xb5, 0x20, 0xfa, 0x60,
    0x1f, 0xfd, 0xc1, 0x60, 0x3, 0x8, 0x7, 0xff,
    0x4c, 0xf5, 0x4b, 0x20, 0x3, 0xff, 0xbd, 0x0,
    0x15, 0x80, 0x7f, 0xf4, 0xdb, 0x9, 0x74, 0xc0,
    0x3f, 0xfb, 0xc4, 0xc0, 0x5, 0x20, 0xf, 0xfe,
    0x94, 0x48, 0x55, 0x0, 0x3f, 0xfc, 0x10, 0x1,
    0x40, 0x7, 0xff, 0x4a, 0x9c, 0x75, 0x40, 0x3f,
    0xfc, 0x4, 0xa0, 0x5, 0x20, 0xf, 0xfe, 0x8e,
    0x29, 0xf9, 0x0, 0x7f, 0xf8, 0x64, 0x2, 0x80,
    0xf, 0xfe, 0x80, 0xe1, 0xae, 0x8, 0x7, 0xff,
    0x84, 0xd0, 0x0, 0xc4, 0x1, 0xff, 0xcf, 0x1d,
    0x36, 0xa0, 0xf, 0xff, 0x1f, 0x80, 0x50, 0x1,
    0xff, 0xd0, 0xd3, 0x69, 0x0, 0xff, 0xf1, 0xa9,
    0x80, 0x20, 0x40, 0x3f, 0xf9, 0xf8, 0x6d, 0x20,
    0x1f, 0xfe, 0x4b, 0x0, 0xb, 0x80, 0x7f, 0xf3,
    0xec, 0xd6, 0x40, 0x3f, 0xfc, 0x90, 0x20, 0xb,
    0x0, 0xff, 0xe7, 0xca, 0x22, 0x80, 0x3f, 0xfc,
    0x82, 0xe0, 0x3, 0x50, 0xf, 0xfe, 0x73, 0x30,
    0xec, 0x3, 0xff, 0xcb, 0x60, 0x17, 0x80, 0x7f,
    0xf3, 0x8e, 0x47, 0x40, 0x3f, 0xfc, 0xa6, 0xa0,
    0x5, 0x30, 0xf, 0xfe, 0x76, 0x86, 0x88, 0x7,
    0xff, 0x97, 0x80, 0x2b, 0x0, 0xff, 0xe7, 0x50,
    0xc9, 0x80, 0x7f, 0xf9, 0x60, 0x80, 0x10, 0x20,
    0x1f, 0xfc, 0xd5, 0x59, 0x80, 0x3f, 0xfc, 0xa4,
    0xe0, 0x2, 0x70, 0xf, 0xfe, 0x68, 0xd8, 0xd8,
    0x7, 0xff, 0x9b, 0x80, 0x2e, 0x0, 0xff, 0xe7,
    0x40, 0xd8, 0x80, 0x7f, 0xf9, 0x58, 0xc0, 0xc,
    0x60, 0x1f, 0xfc, 0xd3, 0x64, 0x50, 0xf, 0xff,
    0x28, 0xc8, 0x0, 0x64, 0x3, 0xff, 0x9d, 0xe1,
    0x20, 0x1f, 0xfe, 0x6a, 0x0, 0xa8, 0x3, 0xff,
    0x9c, 0x86, 0xe4, 0x1, 0xff, 0xe5, 0x64, 0x0,
    0x2a, 0x0, 0x7f, 0xf3, 0xa0, 0x24, 0x3, 0xff,
    0xca, 0x52, 0x0, 0x1b, 0x0, 0xff, 0xe7, 0x19,
    0x9c, 0x40, 0x3f, 0xfc, 0xbc, 0x1, 0x58, 0x80,
    0x7f, 0xf3, 0xa4, 0x24, 0x3, 0xff, 0xca, 0xe6,
    0x0, 0x55, 0x0, 0x7f, 0xf3, 0x85, 0x54, 0x20,
    0x1f, 0xfe, 0x43, 0x80, 0x1, 0x50, 0x7, 0xff,
    0x3d, 0xc2, 0x40, 0x3f, 0xfc, 0x83, 0xc0, 0x17,
    0x0, 0x7f, 0xf4, 0x28, 0x4c, 0x3, 0xff, 0xc9,
    0x64, 0x0, 0x83, 0x0, 0xff, 0xe7, 0x89, 0xb8,
    0x7, 0xff, 0x91, 0xd4, 0x0, 0x8e, 0x1, 0xff,
    0xd0, 0x40, 0xd0, 0xf, 0xff, 0x19, 0xc0, 0x0,
    0x68, 0x3, 0xff, 0xa3, 0x80, 0x80, 0x1f, 0xfe,
    0x21, 0xd0, 0xa, 0x84, 0x3, 0xff, 0xa2, 0x86,
    0x1, 0xff, 0xe3, 0xa1, 0x0, 0x42, 0x0, 0x7f,
    0xf4, 0x89, 0x40, 0x3f, 0xfc, 0x50, 0x80, 0x5,
    0x70, 0xf, 0xfe, 0x91, 0x87, 0x80, 0x7f, 0xf8,
    0x59, 0xc0, 0x7, 0x40, 0x1f, 0xfd, 0x36, 0x2,
    0x0, 0xff, 0xf0, 0x1c, 0x80, 0x7, 0x40, 0x3f,
    0xfa, 0x86, 0xc, 0x1, 0xff, 0xdf, 0x1d, 0x0,
    0xb4, 0x40, 0x3f, 0xfa, 0x9c, 0x6, 0x1, 0xff,
    0xde, 0x1c, 0x10, 0x4, 0x98, 0x7, 0xff, 0x5c,
    0x40, 0x3f, 0xfb, 0xda, 0x40, 0x7, 0x60, 0xf,
    0xff, 0xf8, 0x5, 0x66, 0x0, 0x58, 0x0, 0xff,
    0xff, 0x80, 0x54, 0x80, 0x4, 0xa0, 0xf, 0xfe,
    0xc7, 0x81, 0x0, 0x7f, 0xf6, 0xe5, 0x40, 0x7,
    0x60, 0x1f, 0xfd, 0x91, 0x1, 0x0, 0xff, 0xed,
    0x43, 0x0, 0xf, 0x40, 0x3f, 0xfb, 0x4a, 0xa,
    0x1, 0xff, 0xd9, 0x87, 0x0, 0x16, 0x88, 0x7,
    0xff, 0x68, 0xc3, 0xc0, 0x3f, 0xfb, 0x10, 0xe0,
    0x3, 0xc1, 0x0, 0xff, 0xee, 0x12, 0x0, 0x7f,
    0xf5, 0xe5, 0xc0, 0x7, 0x82, 0x1, 0xff, 0xdd,
    0x52, 0x20, 0x7, 0xff, 0x56, 0xd8, 0x0, 0x98,
    0x1, 0xff, 0xdf, 0xb0, 0xa0, 0xf, 0xfe, 0x98,
    0xe2, 0x0, 0x16, 0xc0, 0x3f, 0xfc, 0x6, 0x66,
    0x0, 0xff, 0xe9, 0x1f, 0x98, 0x1, 0xe8, 0x3,
    0xff, 0xc5, 0x22, 0xe0, 0x1f, 0xfd, 0x6, 0xc1,
    0x0, 0x54, 0x0, 0x7f, 0xf8, 0xd4, 0xe0, 0x40,
    0x3f, 0xf9, 0xa3, 0x52, 0x0, 0x2d, 0x50, 0xf,
    0xff, 0x2f, 0x86, 0x80, 0x7f, 0xf3, 0x13, 0xd4,
    0x0, 0xb8, 0x40, 0x1f, 0xfe, 0x63, 0x83, 0xa0,
    0xf, 0xfe, 0x48, 0xd5, 0x88, 0x2, 0x68, 0x40,
    0x3f, 0xfd, 0xe, 0xaa, 0xa0, 0xf, 0xfe, 0x3b,
    0xfa, 0x80, 0x13, 0x98, 0x3, 0xff, 0xd7, 0x48,
    0xb8, 0x40, 0x1f, 0xfc, 0x36, 0xe8, 0x10, 0x1a,
    0xb1, 0x0, 0xff, 0xf6, 0xdb, 0x9e, 0xc8, 0x80,
    0x7f, 0x8a, 0x3a, 0x44, 0x6, 0x39, 0x40, 0x3f,
    0xfe, 0x11, 0x64, 0xdd, 0x6e, 0x84, 0x24, 0x6d,
    0x3b, 0xa7, 0x10, 0x18, 0xf7, 0x0, 0xff, 0xf9,
    0xa6, 0xc9, 0x24, 0x5e, 0xf6, 0xe4, 0xb1, 0x0,
    0x12, 0xb9, 0xc4, 0x3, 0xff, 0xec, 0xdb, 0x90,
    0x84, 0x0, 0x12, 0x47, 0xaf, 0xb5, 0x0, 0xff,
    0xf7, 0x80,

    /* U+004B "K" */
    0x0, 0xff, 0xf3, 0x23, 0x98, 0x7, 0xff, 0xfc,
    0x3, 0xff, 0x82, 0x39, 0x71, 0x84, 0x1, 0xff,
    0xff, 0x0, 0xff, 0x87, 0xc, 0x2, 0x40, 0xf,
    0xff, 0xf8, 0x7, 0xfd, 0x44, 0x1, 0x88, 0x3,
    0xff, 0xfe, 0x1, 0xfe, 0x64, 0x0, 0xc2, 0x80,
    0x1f, 0xff, 0xf0, 0xf, 0xe1, 0x90, 0x8, 0x81,
    0x80, 0x3f, 0xf9, 0x24, 0xc0, 0x1f, 0xff, 0x2b,
    0x0, 0x90, 0x86, 0x0, 0x3f, 0xf9, 0xd, 0xb2,
    0x40, 0x1f, 0xff, 0x4, 0x50, 0x1, 0xb0, 0x40,
    0x7, 0xff, 0x21, 0xa4, 0x8, 0x80, 0x1f, 0xff,
    0x9, 0x0, 0x98, 0x8d, 0x80, 0x3f, 0xf8, 0xeb,
    0x20, 0x58, 0x1, 0xff, 0xf0, 0x72, 0x0, 0x2a,
    0x83, 0xc0, 0x3f, 0xf8, 0xe9, 0x40, 0x58, 0x20,
    0x1f, 0xfe, 0xf1, 0x80, 0x1, 0x38, 0x39, 0x80,
    0x7f, 0xf1, 0x8e, 0xc0, 0xb0, 0x40, 0x3f, 0xfe,
    0x16, 0x1, 0x39, 0x12, 0x0, 0x3f, 0xf8, 0xc5,
    0xa0, 0x78, 0x20, 0x1f, 0xff, 0x3, 0x50, 0x2,
    0x28, 0x70, 0x7, 0xff, 0x18, 0x70, 0x4f, 0x4,
    0x3, 0xff, 0xe3, 0xe0, 0x1, 0x70, 0x63, 0x0,
    0xff, 0xe2, 0x8e, 0x9, 0xe8, 0x7, 0xff, 0xc9,
    0x4c, 0x0, 0x46, 0x52, 0x1, 0xff, 0xc6, 0xd2,
    0x26, 0x88, 0x7, 0xff, 0xca, 0x0, 0x4, 0x61,
    0xc0, 0x1f, 0xfc, 0x6a, 0x32, 0xc1, 0x0, 0xff,
    0xf9, 0x31, 0x0, 0x67, 0x30, 0xf, 0xfe, 0x2c,
    0xa9, 0x60, 0x80, 0x7f, 0xfc, 0xe0, 0x0, 0x24,
    0x48, 0x0, 0xff, 0xe2, 0xbb, 0xf, 0x88, 0x7,
    0xff, 0xcd, 0xc4, 0x0, 0x21, 0xe0, 0x1f, 0xfc,
    0x56, 0x80, 0xd2, 0x0, 0xff, 0xf9, 0x8c, 0x0,
    0x68, 0x20, 0xf, 0xfe, 0x22, 0x48, 0x59, 0x80,
    0x7f, 0xfd, 0x24, 0x3, 0x1b, 0x80, 0x7f, 0xf1,
    0xe, 0xc2, 0x90, 0x3, 0xff, 0xe8, 0x2e, 0x1,
    0xb8, 0x3, 0xff, 0x88, 0x5a, 0x12, 0xa0, 0x1f,
    0xff, 0x58, 0x0, 0xd4, 0x40, 0x1f, 0xfc, 0x31,
    0xf1, 0x86, 0x0, 0xff, 0xfa, 0x93, 0x0, 0x4a,
    0xa0, 0xf, 0xfe, 0x26, 0x93, 0x38, 0x7, 0xff,
    0xda, 0x0, 0x21, 0xb0, 0xf, 0xfe, 0x25, 0x9a,
    0xc8, 0x7, 0xff, 0xd8, 0x94, 0x2, 0xa1, 0x0,
    0xff, 0xe1, 0xca, 0x22, 0x80, 0x3f, 0xfe, 0xf0,
    0x1, 0x3a, 0x0, 0x7f, 0xf0, 0xe1, 0x8e, 0xc0,
    0x3f, 0xfe, 0xe4, 0xa0, 0x2, 0x80, 0xf, 0xfe,
    0x1b, 0x39, 0x68, 0x7, 0xff, 0xe2, 0x0, 0x2f,
    0x0, 0xff, 0xe1, 0xac, 0x8f, 0x88, 0x7, 0xff,
    0xdc, 0x94, 0x1, 0x24, 0x1, 0xff, 0xc2, 0x3a,
    0xd, 0x20, 0xf, 0xff, 0xc4, 0x0, 0x11, 0x80,
    0x3f, 0xf8, 0x45, 0x81, 0x46, 0x1, 0xff, 0xf8,
    0x25, 0x1, 0xa0, 0xf, 0xfe, 0x11, 0x60, 0x42,
    0x80, 0x7f, 0xfe, 0x60, 0x1, 0x62, 0x1, 0xff,
    0xc1, 0x1f, 0x17, 0x70, 0x7, 0xff, 0xe4, 0x94,
    0xd, 0x40, 0x3f, 0xf8, 0x5a, 0x4b, 0x0, 0x1f,
    0xff, 0xa8, 0x0, 0x40, 0x7, 0xff, 0xa, 0xcc,
    0xd4, 0x1, 0xff, 0xfa, 0x25, 0x4, 0x40, 0x7,
    0xff, 0x6, 0x90, 0xb4, 0x3, 0xff, 0xf7, 0x0,
    0x8, 0x0, 0xff, 0xe0, 0xca, 0x8f, 0x88, 0x7,
    0xff, 0xe8, 0x94, 0x10, 0xc0, 0x3f, 0xf8, 0xe,
    0xc1, 0xa4, 0x1, 0xff, 0xfb, 0xb0, 0x4, 0x0,
    0x7f, 0xf0, 0x1a, 0x2, 0xcc, 0x3, 0xff, 0xf6,
    0x2c, 0xa, 0x60, 0x1f, 0xf2, 0x48, 0x4a, 0x0,
    0x7f, 0xff, 0x24, 0x1, 0x20, 0x1f, 0xf1, 0xd8,
    0x3b, 0x0, 0x7f, 0xff, 0x5, 0xc1, 0xc, 0x3,
    0xfc, 0x58, 0xb, 0x0, 0x1f, 0xff, 0xd9, 0x0,
    0x40, 0x7, 0xf8, 0xb0, 0x12, 0x80, 0x3f, 0xff,
    0xcc, 0x8, 0x60, 0x1f, 0xc3, 0xe2, 0x76, 0x1,
    0xff, 0xfe, 0x71, 0x8, 0x0, 0xff, 0x69, 0x13,
    0x40, 0x3f, 0xff, 0xf2, 0x8, 0x60, 0x1f, 0xd8,
    0x63, 0xe2, 0x1, 0xff, 0xfe, 0x61, 0x8, 0x0,
    0xfe, 0xb3, 0xd, 0x20, 0xf, 0xff, 0xfd, 0x81,
    0x98, 0x3, 0xf4, 0xa0, 0x59, 0x80, 0x7f, 0xff,
    0xd4, 0x82, 0x0, 0x3f, 0x43, 0x5, 0x20, 0x7,
    0xff, 0xfc, 0x24, 0xd, 0x0, 0x3e, 0x77, 0x4,
    0xa8, 0x7, 0xff, 0xfc, 0x10, 0xc2, 0x40, 0x3e,
    0x68, 0x8, 0x60, 0xf, 0xff, 0xf8, 0x3, 0xc0,
    0x94, 0x3, 0xcb, 0x20, 0xee, 0x0, 0xff, 0xff,
    0x80, 0x9, 0x2, 0xc0, 0x3c, 0x94, 0xd, 0x0,
    0x1f, 0xff, 0xf0, 0xa, 0x0, 0x58, 0x3, 0x92,
    0xc1, 0xa4, 0x3, 0xff, 0xfe, 0x1, 0xa, 0x84,
    0x80, 0x71, 0xd8, 0x2c, 0x80, 0x7f, 0xff, 0xc0,
    0x34, 0x80, 0x1c, 0x3, 0x1e, 0x2, 0xd0, 0x7,
    0xff, 0xfc, 0x3, 0x98, 0x1c, 0x3, 0x16, 0x82,
    0xd0, 0x7, 0xff, 0xfc, 0x3, 0x98, 0x42, 0x40,
    0x22, 0xc1, 0x5a, 0x0, 0xff, 0xff, 0x80, 0x7a,
    0xc1, 0x44, 0x0, 0x78, 0x2d, 0x40, 0x1f, 0xff,
    0xf0, 0xf, 0x29, 0x4, 0x0, 0xf, 0x45, 0xe4,
    0x3, 0xff, 0xfe, 0x1, 0xf4, 0x82, 0x10, 0x26,
    0xc, 0xc0, 0x7, 0xff, 0xfc, 0x3, 0xe4, 0x30,
    0x3, 0xc5, 0x83, 0x38, 0x7, 0xff, 0xfc, 0x3,
    0x24, 0xe7, 0xd8, 0x1, 0x21, 0xc0, 0xd, 0xdc,
    0xa6, 0x10, 0xf, 0xff, 0xe1, 0x4f, 0x5b, 0x18,
    0x7, 0xfc, 0x2b, 0x3d, 0x8c, 0x20, 0x1f, 0xff,
    0x72, 0xad, 0x61, 0x0, 0x19, 0x0, 0x63, 0xee,
    0x6e, 0x4b, 0x18, 0x0, 0xe7, 0xa4, 0x80, 0x3f,
    0xfe, 0x63, 0x3a, 0xa0, 0x4, 0xbf, 0xc3, 0x0,
    0x9f, 0x4, 0x44, 0x6d, 0x39, 0xd2, 0x80, 0x6,
    0xda, 0x20, 0xf, 0xff, 0x82, 0x7b, 0x0, 0x1f,
    0xad, 0x2, 0x4, 0x6, 0xe0, 0x3, 0xf0, 0xb5,
    0xeb, 0x88, 0x2e, 0xc0, 0x7, 0xff, 0xb9, 0xac,
    0x41, 0x7a, 0x4, 0x1f, 0x9c, 0xf, 0xd0, 0x3,
    0xff, 0x80, 0x51, 0xce, 0x0, 0x7e, 0x50, 0xf,
    0xff, 0x59, 0xc8, 0x2, 0xe8, 0x4a, 0x7a, 0x4,
    0x1, 0xe2, 0x1, 0xff, 0xc4, 0x8e, 0x60, 0x1a,
    0xa0, 0x7, 0xff, 0xaa, 0x80, 0x3, 0x95, 0xba,
    0x61, 0x21, 0x2, 0x30, 0xf, 0xfe, 0x30, 0xcd,
    0x90, 0x2e, 0x98, 0x7, 0xff, 0xa0, 0xc0, 0x2,
    0xea, 0x40, 0x75, 0x82, 0x16, 0x1, 0xff, 0xc9,
    0x4d, 0x60, 0x2c, 0x60, 0xf, 0xff, 0x3d, 0xa0,
    0x0, 0x52, 0x37, 0x15, 0x80, 0xc, 0x1, 0xff,
    0xcb, 0x9b, 0x10, 0x98, 0x0, 0xff, 0xf3, 0xd,
    0xff, 0xba, 0xdc, 0x80, 0x14, 0xe, 0x1, 0xff,
    0xcd, 0x4c, 0x20, 0x7b, 0x0, 0xff, 0xf7, 0x21,
    0x5, 0x0, 0x7f, 0xf3, 0x8b, 0x50, 0x13, 0x0,
    0x3f, 0xfd, 0xbc, 0x8, 0x40, 0x1f, 0xfd, 0xb,
    0x50, 0x3c, 0x10, 0xf, 0xff, 0x50, 0xa8, 0x78,
    0x7, 0xff, 0x4a, 0x98, 0xf, 0x4, 0x3, 0xff,
    0xd2, 0xc0, 0x48, 0x1, 0xff, 0xd3, 0x96, 0x2,
    0xc1, 0x0, 0xff, 0xf4, 0x48, 0x50, 0x7, 0xff,
    0x56, 0x58, 0xb, 0x4, 0x3, 0xff, 0xcc, 0xa2,
    0xc, 0x1, 0xff, 0xd6, 0x96, 0x2, 0xc1, 0x0,
    0xff, 0xf2, 0xf0, 0x28, 0x80, 0x7f, 0xf5, 0xe5,
    0x40, 0xb0, 0x40, 0x3f, 0xfc, 0x62, 0x81, 0xc0,
    0x1f, 0xfd, 0x9a, 0x50, 0x2c, 0x10, 0xf, 0xff,
    0x13, 0x1, 0x20, 0x7, 0xff, 0x6a, 0x98, 0xb,
    0x4, 0x3, 0xff, 0xc3, 0x41, 0x40, 0x1f, 0xfd,
    0xc9, 0x60, 0x2c, 0x10, 0xf, 0xfe, 0xfa, 0x10,
    0x30, 0x7, 0xff, 0x76, 0x58, 0xb, 0xc8, 0x3,
    0xff, 0xbd, 0xc0, 0xa2, 0x1, 0xff, 0xde, 0x97,
    0x1, 0xc2, 0x0, 0xff, 0xee, 0xa, 0x87, 0x0,
    0x7f, 0xf8, 0x22, 0x0, 0x38, 0x60, 0x1f, 0xfd,
    0xb7, 0x2, 0x40, 0xf, 0xff, 0xb, 0xc8, 0xe,
    0x28, 0x7, 0xff, 0x6a, 0xc2, 0x80, 0x3f, 0xfc,
    0x6d, 0x40, 0xa, 0x70, 0xf, 0xfe, 0xc1, 0x10,
    0x18, 0x3, 0xff, 0xc8, 0xb6, 0x0, 0x88, 0x0,
    0x7f, 0xf5, 0xe8, 0x10, 0x40, 0x3f, 0xfc, 0xa9,
    0xa2, 0xf, 0x40, 0x1f, 0xfd, 0x66, 0xe, 0x0,
    0xff, 0xf3, 0x97, 0x98, 0x2e, 0x90, 0x7, 0xff,
    0x4d, 0x4, 0x4a, 0x1, 0xff, 0xe8, 0x1c, 0x40,
    0x2c, 0x40, 0xf, 0xfe, 0x97, 0x3, 0x80, 0x7f,
    0xfa, 0xed, 0xc0, 0x6d, 0xc0, 0x3f, 0xfa, 0x2a,
    0x14, 0x1, 0xff, 0xec, 0x8a, 0x0, 0x45, 0x8,
    0x7, 0xff, 0x39, 0x80, 0x8c, 0x3, 0xff, 0xda,
    0xba, 0x40, 0xbe, 0x60, 0x1f, 0xfc, 0xdd, 0xb,
    0x0, 0xff, 0xf7, 0x96, 0xa8, 0xe, 0x40, 0x7,
    0xff, 0x2c, 0x50, 0x1c, 0x3, 0xff, 0xe3, 0x52,
    0x0, 0x7d, 0x40, 0xf, 0xfe, 0x4b, 0x2, 0x8,
    0x7, 0xff, 0xc9, 0xb4, 0xc0, 0xae, 0x84, 0x3,
    0xff, 0x8f, 0x61, 0xc0, 0x1f, 0xff, 0x42, 0xc9,
    0x0, 0x2f, 0x40, 0x80, 0x7f, 0xf1, 0x4, 0xc1,
    0x40, 0x3f, 0xfe, 0xcd, 0xcc, 0x0, 0x7e, 0x92,
    0x0, 0xfe, 0x4c, 0xa0, 0x3, 0x3, 0x0, 0x7f,
    0xfe, 0x6, 0x75, 0x40, 0xd, 0xb9, 0x8, 0x20,
    0x1, 0x5b, 0xb1, 0xf8, 0x2, 0xc2, 0x80, 0x3f,
    0xff, 0x45, 0x5a, 0xc2, 0x6, 0xf7, 0xdf, 0xee,
    0xa4, 0x46, 0x28, 0x11, 0x91, 0x80, 0x7f, 0xff,
    0xa, 0x7a, 0xdd, 0x4, 0x0, 0x29, 0x1b, 0x66,
    0x0, 0x50, 0x50, 0xf, 0xff, 0xf8, 0x24, 0x5f,
    0x7f, 0xba, 0xdc, 0x80, 0x35, 0x85, 0x0, 0x7f,
    0xff, 0xc0, 0x3f, 0xf8, 0x66, 0x62, 0x0, 0xff,
    0xff, 0x80, 0x7f, 0xf0, 0xeb, 0x80, 0x3f, 0xff,
    0xe0, 0x1f, 0xfc, 0x30,

    /* U+004C "L" */
    0x0, 0xff, 0xf9, 0xc7, 0x20, 0x7, 0xff, 0xfc,
    0x1, 0x6e, 0x2c, 0x1, 0xff, 0xff, 0xb, 0x40,
    0x62, 0x0, 0xff, 0xff, 0xc2, 0x1, 0xc8, 0x7,
    0xff, 0xfd, 0x1c, 0x7, 0x80, 0x3f, 0xff, 0xe3,
    0x40, 0xb, 0x20, 0xf, 0xff, 0xfc, 0x8, 0x2a,
    0x80, 0x3f, 0xff, 0xe8, 0xc0, 0x36, 0x1, 0xff,
    0xff, 0x9, 0x0, 0x58, 0x80, 0x7f, 0xff, 0xdc,
    0x81, 0x14, 0x3, 0xff, 0xfe, 0x32, 0x0, 0x90,
    0xf, 0xff, 0xf8, 0x40, 0x83, 0x10, 0x7, 0xff,
    0xfc, 0x98, 0x1, 0x0, 0x1f, 0xff, 0xf0, 0x80,
    0x4, 0x8, 0x7, 0xff, 0xfc, 0x94, 0x5, 0xc0,
    0x3f, 0xff, 0xe1, 0x20, 0x8, 0x0, 0xff, 0xff,
    0x81, 0xa0, 0x13, 0x0, 0x7f, 0xff, 0xc2, 0x0,
    0x16, 0x1, 0xff, 0xff, 0x2, 0x40, 0x26, 0x0,
    0xff, 0xff, 0x84, 0x0, 0x2c, 0x3, 0xff, 0xfe,
    0x4, 0xa0, 0x4c, 0x1, 0xff, 0xff, 0xb, 0x0,
    0x58, 0x7, 0xff, 0xfc, 0x5, 0x80, 0x58, 0x3,
    0xff, 0xfe, 0x12, 0x0, 0x90, 0xf, 0xff, 0xf8,
    0xb, 0x80, 0x1c, 0x3, 0xff, 0xfe, 0xc, 0x0,
    0x70, 0xf, 0xff, 0xf8, 0x2, 0x40, 0x12, 0x1,
    0xff, 0xff, 0x6, 0x10, 0x51, 0x0, 0xff, 0xff,
    0x85, 0x80, 0x24, 0x3, 0xff, 0xfe, 0x8, 0x40,
    0x66, 0x0, 0xff, 0xff, 0x87, 0x80, 0x24, 0x3,
    0xff, 0xfe, 0x4, 0x80, 0x4a, 0x1, 0xff, 0xff,
    0xb, 0x0, 0x50, 0x7, 0xff, 0xfc, 0x5, 0x80,
    0xc, 0x1, 0xff, 0xff, 0x6, 0x0, 0x30, 0x80,
    0x7f, 0xff, 0xc2, 0x40, 0x16, 0x1, 0xff, 0xff,
    0x5, 0x10, 0x32, 0x0, 0xff, 0xff, 0x84, 0x80,
    0x24, 0x3, 0xff, 0xfe, 0x4, 0x60, 0x2a, 0x1,
    0xff, 0xff, 0xb, 0x0, 0x30, 0x7, 0xff, 0xfc,
    0x5, 0x80, 0x12, 0x1, 0xff, 0xff, 0x6, 0x0,
    0x20, 0x80, 0x7f, 0xff, 0xc2, 0x80, 0x1e, 0x1,
    0xff, 0xff, 0x4, 0x20, 0x24, 0x0, 0xff, 0xff,
    0x87, 0x80, 0x28, 0x3, 0xff, 0xfe, 0x4, 0x80,
    0x6, 0x0, 0xff, 0xff, 0x85, 0x80, 0x14, 0x40,
    0x3f, 0xff, 0xe0, 0xc0, 0x9, 0x0, 0xff, 0xff,
    0x83, 0x0, 0x8, 0xc0, 0x3f, 0xff, 0xe1, 0x60,
    0xb, 0x0, 0xff, 0xff, 0x81, 0x90, 0x1, 0xc0,
    0x3f, 0xff, 0xe1, 0x20, 0x6, 0x10, 0xf, 0xff,
    0xf8, 0xa8, 0x2, 0x80, 0x3f, 0xff, 0xe1, 0x20,
    0x2, 0x30, 0xf, 0xff, 0xf8, 0x30, 0x2, 0xc0,
    0x3f, 0xff, 0xe0, 0xa2, 0x0, 0x60, 0xf, 0xff,
    0xf8, 0x48, 0x1, 0x80, 0x3f, 0xff, 0xe0, 0x46,
    0x0, 0xa0, 0xf, 0xff, 0xf8, 0x58, 0x0, 0xcc,
    0x1, 0xff, 0xff, 0x6, 0x0, 0x50, 0x7, 0xff,
    0xfc, 0x18, 0x2, 0x60, 0xf, 0xff, 0xf8, 0x58,
    0x1, 0x80, 0x3f, 0xff, 0xe0, 0x84, 0x0, 0xb0,
    0xf, 0xff, 0xf8, 0x70, 0x0, 0xc8, 0x3, 0xff,
    0xfe, 0x2a, 0x0, 0x90, 0xf, 0xff, 0xf8, 0x48,
    0x0, 0x54, 0x3, 0xff, 0xfe, 0xc, 0x0, 0x60,
    0xf, 0xff, 0xf8, 0x28, 0x80, 0x28, 0x3, 0xff,
    0xfe, 0x12, 0x0, 0x42, 0x0, 0xff, 0xff, 0x99,
    0x80, 0x1c, 0x1, 0xff, 0xff, 0x9, 0x0, 0xa,
    0x80, 0x7f, 0xff, 0xc5, 0x40, 0xc, 0x1, 0xff,
    0xff, 0x6, 0x0, 0xa8, 0x3, 0xff, 0xfe, 0x12,
    0x0, 0x42, 0x0, 0xff, 0xff, 0xa8, 0x80, 0x3c,
    0x3, 0xff, 0xfe, 0x12, 0x0, 0x14, 0x0, 0xff,
    0xff, 0x99, 0x80, 0x12, 0x1, 0xff, 0xff, 0x9,
    0x0, 0x98, 0x3, 0xff, 0xfe, 0x2a, 0x0, 0x51,
    0x0, 0xff, 0xff, 0xc8, 0x5, 0x20, 0x1f, 0xff,
    0xf0, 0x70, 0x1, 0x98, 0x3, 0xff, 0xfe, 0xe0,
    0x14, 0x80, 0x7f, 0xff, 0xc2, 0x40, 0x2, 0xa0,
    0x1f, 0xff, 0xf5, 0x10, 0x4, 0x80, 0x7f, 0xff,
    0xc2, 0x40, 0x26, 0x0, 0xff, 0xff, 0xa1, 0x80,
    0x18, 0x40, 0x3f, 0xff, 0xfe, 0x1, 0x58, 0x7,
    0xff, 0xfc, 0x90, 0x0, 0x84, 0x1, 0xff, 0xff,
    0x80, 0xa, 0x0, 0x3f, 0xff, 0xe4, 0xa0, 0x3,
    0x30, 0x7, 0xff, 0xfe, 0xc0, 0x29, 0x0, 0xff,
    0xff, 0x8b, 0x0, 0x9, 0x40, 0x3f, 0xff, 0xf0,
    0x1, 0x58, 0x7, 0xff, 0xfc, 0x58, 0x0, 0x4c,
    0x1, 0xff, 0xff, 0x80, 0xa, 0xc0, 0x3f, 0xff,
    0x66, 0x8a, 0x88, 0x60, 0x0, 0xb0, 0x7, 0xff,
    0xdc, 0xe7, 0x7f, 0x2e, 0xae, 0xc0, 0x12, 0x10,
    0x7, 0xff, 0xd5, 0x33, 0xc, 0x40, 0x1f, 0xcb,
    0xbf, 0x70, 0x80, 0x1f, 0xfe, 0xf1, 0xab, 0x30,
    0x16, 0x9c, 0xef, 0x70, 0x9, 0x4c, 0x0, 0x8f,
    0x7f, 0x6e, 0x40, 0x1f, 0xfe, 0x33, 0x90, 0xe,
    0x2c, 0x50, 0x3a, 0xe9, 0x63, 0x12, 0x70, 0x1,
    0x56, 0x7d, 0xb9, 0x0, 0x12, 0x37, 0xa5, 0x0,
    0x3f, 0xfb, 0xf3, 0x84, 0x1, 0x87, 0x8, 0x2b,
    0x14, 0x3, 0xa0, 0x2, 0x90, 0x9, 0x23, 0x75,
    0x6, 0x0, 0x16, 0xbe, 0xa5, 0x0, 0xff, 0xed,
    0x2f, 0x33, 0x2c, 0x3, 0x60, 0x96, 0xa8, 0x7,
    0x8d, 0x40, 0x8, 0x80, 0xf, 0x13, 0xe7, 0x41,
    0x80, 0x5, 0x6b, 0xed, 0x84, 0x3, 0xff, 0xa8,
    0x79, 0x43, 0x32, 0x0, 0xd2, 0x44, 0xc2, 0x0,
    0xfb, 0xc0, 0x29, 0x0, 0xff, 0xb, 0xe6, 0xc1,
    0x0, 0x49, 0x3d, 0x90, 0x60, 0x1f, 0xfc, 0xf4,
    0xcc, 0x19, 0xb5, 0x80, 0x31, 0x30, 0x78, 0x80,
    0x7c, 0xc6, 0x0, 0x72, 0x0, 0xff, 0xe0, 0x93,
    0xee, 0x9c, 0x80, 0x23, 0x7c, 0xea, 0x62, 0x0,
    0xff, 0xe4, 0x1c, 0x75, 0x98, 0x46, 0x10, 0x7,
    0x40, 0x39, 0x0, 0x7c, 0x32, 0x0, 0x18, 0x0,
    0xff, 0xe2, 0x94, 0x6e, 0xa0, 0xc0, 0x21, 0x59,
    0xde, 0xa7, 0x41, 0x0, 0xff, 0x8d, 0xab, 0xb1,
    0xc4, 0x1b, 0x9c, 0x3, 0xe5, 0x8, 0x0, 0xfd,
    0x60, 0x15, 0x0, 0x7f, 0xf2, 0x49, 0xf3, 0xa5,
    0x44, 0x2, 0x15, 0x8b, 0xef, 0xdc, 0xba, 0xa5,
    0xdb, 0x3b, 0xf2, 0x54, 0x40, 0x5f, 0xa4, 0x40,
    0x3e, 0x50, 0x50, 0xf, 0xca, 0xa0, 0x2, 0xa0,
    0x7, 0xff, 0x30, 0x5a, 0xbb, 0x61, 0x4, 0x3,
    0x88, 0xd1, 0x54, 0x88, 0x31, 0x0, 0x89, 0xaf,
    0xa0, 0x40, 0x3f, 0xb0, 0x3c, 0x3, 0xe1, 0xb0,
    0x0, 0xd0, 0x7, 0xff, 0x44, 0x9e, 0xfb, 0x6a,
    0x14, 0xc8, 0x40, 0x30, 0x9a, 0xbd, 0x76, 0xca,
    0x0, 0x7f, 0xf0, 0x14, 0x18, 0x3, 0xea, 0x10,
    0x5, 0x0, 0x7f, 0xf5, 0x89, 0x5e, 0xb3, 0x7b,
    0xff, 0x76, 0x54, 0x28, 0x80, 0x7f, 0xf0, 0xc8,
    0x8, 0x3, 0xd2, 0x80, 0x8, 0x40, 0xf, 0xff,
    0xc1, 0x80, 0x73, 0x30, 0x0, 0xae, 0x1, 0xff,
    0xf7, 0x20, 0x40, 0xc, 0xd2, 0x0, 0x3a, 0x0,
    0xff, 0xfc, 0x28, 0x58, 0x5, 0x32, 0x0, 0x1e,
    0x0, 0x7f, 0xfe, 0x68, 0xb, 0x6f, 0x98, 0x0,
    0x98, 0x1, 0xff, 0xfa, 0x35, 0x2, 0x41, 0x0,
    0x45, 0x80, 0x7f, 0xff, 0x29, 0xc4, 0x9, 0xb5,
    0xc0, 0x3f, 0xff, 0x80,

    /* U+004D "M" */
    0x0, 0xff, 0xf4, 0x9, 0x88, 0x7, 0xff, 0xfc,
    0x3, 0xff, 0xa6, 0x31, 0xdc, 0xce, 0xa0, 0xf,
    0xff, 0xf8, 0x7, 0xff, 0x46, 0x39, 0xc4, 0x2,
    0x57, 0x0, 0xff, 0xff, 0x80, 0x7f, 0xf3, 0x93,
    0x9c, 0x3, 0xeb, 0x0, 0xff, 0xff, 0x80, 0x7f,
    0xf3, 0x66, 0xc4, 0x12, 0xff, 0x4, 0x0, 0x60,
    0x1f, 0xff, 0xf0, 0xf, 0xfe, 0x59, 0x6b, 0x0,
    0xd5, 0xa0, 0x1c, 0x80, 0x7f, 0xff, 0xc0, 0x3f,
    0xf9, 0xa9, 0xa4, 0x9, 0xea, 0x1, 0x88, 0x3,
    0xff, 0xfe, 0x1, 0xff, 0xcc, 0x6b, 0x0, 0x3d,
    0x88, 0x7, 0x8, 0x0, 0x40, 0x3f, 0xff, 0xe0,
    0x1f, 0xfc, 0x88, 0x90, 0x4, 0xc0, 0x7, 0xc2,
    0x0, 0x30, 0xf, 0xff, 0xf8, 0x7, 0xff, 0x1e,
    0x9c, 0x1, 0x6c, 0x1, 0xf8, 0x80, 0xe, 0x1,
    0xff, 0xff, 0x0, 0xff, 0xe3, 0x5a, 0x80, 0xe2,
    0x0, 0x7f, 0x68, 0x0, 0x80, 0x3f, 0xff, 0xe0,
    0x1f, 0xfc, 0x5b, 0x40, 0x1d, 0x30, 0xf, 0xf3,
    0x80, 0x30, 0x3, 0xff, 0x8c, 0xb1, 0x79, 0x72,
    0xa0, 0x1f, 0xff, 0x6b, 0x40, 0x1c, 0x30, 0xf,
    0xf0, 0x90, 0x1, 0x40, 0x3f, 0xf8, 0x67, 0x5f,
    0x4e, 0x86, 0x8d, 0x5a, 0x60, 0x1f, 0xff, 0x3b,
    0x40, 0x1c, 0x20, 0xf, 0xf9, 0x0, 0x4, 0x20,
    0x1f, 0xfc, 0x13, 0xcc, 0x28, 0x7, 0xe2, 0xd0,
    0xf, 0xff, 0x95, 0xa0, 0x3, 0x48, 0x3, 0xff,
    0x81, 0x80, 0x4, 0x0, 0xff, 0xe0, 0x15, 0xe1,
    0x81, 0x3d, 0xf7, 0xfa, 0xd0, 0x0, 0x2c, 0x1,
    0xff, 0xf0, 0xa4, 0x0, 0x61, 0x80, 0x7f, 0xf0,
    0x50, 0x1, 0x80, 0x1f, 0xf3, 0xea, 0x2, 0x5e,
    0xc2, 0x8, 0x1, 0x2c, 0x80, 0x1a, 0x1, 0xff,
    0xef, 0x95, 0x0, 0x59, 0x80, 0x7f, 0xf0, 0x48,
    0x80, 0x4, 0x0, 0xfe, 0x2c, 0x80, 0x3b, 0xb2,
    0x0, 0x7e, 0x50, 0x3, 0x0, 0x7f, 0xfb, 0xa1,
    0x80, 0x14, 0x80, 0x1f, 0xfc, 0x25, 0x0, 0x18,
    0x80, 0x7e, 0x5d, 0x30, 0x9c, 0x40, 0xf, 0xf7,
    0x80, 0x7f, 0xfc, 0x19, 0xc0, 0x12, 0xa0, 0x1f,
    0xfc, 0x3b, 0x0, 0x58, 0x7, 0xe9, 0xa0, 0x4e,
    0x60, 0xf, 0xfe, 0x7, 0x80, 0x7f, 0xfb, 0xd6,
    0x40, 0x10, 0xc0, 0x1f, 0xfc, 0x32, 0x30, 0x2,
    0x80, 0x78, 0x71, 0x82, 0x2c, 0x40, 0x3f, 0xf8,
    0x24, 0x0, 0x10, 0xf, 0xff, 0x59, 0xd0, 0x1,
    0x9c, 0x3, 0xff, 0x88, 0xa0, 0x2, 0x20, 0x7,
    0x1f, 0x98, 0xe3, 0x80, 0x7f, 0xf0, 0xd8, 0x0,
    0xa0, 0x1f, 0xfe, 0xa2, 0xd0, 0x2, 0x48, 0x7,
    0xff, 0x16, 0x80, 0x14, 0x1, 0xcb, 0x82, 0x9e,
    0x60, 0x1f, 0xfc, 0x43, 0x0, 0x78, 0x7, 0xff,
    0xa4, 0x7c, 0x40, 0xec, 0x3, 0xff, 0x8a, 0x64,
    0x0, 0x50, 0xc, 0xf4, 0xd, 0x62, 0x1, 0xff,
    0xc4, 0x50, 0x9, 0x40, 0x3f, 0xfd, 0x3a, 0x40,
    0x5a, 0x1, 0xff, 0xc6, 0xa0, 0x1, 0x90, 0x5,
    0x10, 0x9, 0x90, 0x7, 0xff, 0x1b, 0x0, 0x23,
    0x0, 0xff, 0xf4, 0x51, 0x80, 0xf8, 0x80, 0x7f,
    0xf1, 0x9c, 0x1, 0x40, 0x14, 0xb8, 0x5b, 0x0,
    0x7f, 0xf1, 0xdc, 0x0, 0x80, 0x1f, 0xfe, 0x87,
    0x50, 0x5, 0x10, 0x7, 0xff, 0x19, 0x44, 0x0,
    0xe0, 0xa, 0x61, 0xc4, 0x0, 0xff, 0xe3, 0xa8,
    0x80, 0x34, 0x3, 0xff, 0xce, 0x90, 0x0, 0x94,
    0x0, 0xff, 0xe3, 0xc8, 0x1, 0x4, 0x2d, 0x47,
    0xc, 0x3, 0xff, 0x91, 0xc0, 0x13, 0x80, 0x7f,
    0xf9, 0x8a, 0x80, 0xe, 0xc0, 0x1f, 0xfc, 0x72,
    0x30, 0x7, 0x85, 0xa0, 0xe1, 0x0, 0x7f, 0xf2,
    0x5, 0x0, 0x6, 0x20, 0x1f, 0xfc, 0x82, 0x7b,
    0xee, 0x5a, 0x0, 0x7f, 0xf2, 0xfc, 0x41, 0x20,
    0x3, 0xff, 0x91, 0x60, 0x1, 0x4a, 0x41, 0xc2,
    0x0, 0xff, 0xe4, 0xb0, 0x5, 0x40, 0x1f, 0xfc,
    0x73, 0xbd, 0x84, 0x11, 0x25, 0x98, 0x7, 0xff,
    0x26, 0x88, 0xa, 0xc0, 0x3f, 0xf9, 0x2e, 0x0,
    0x7a, 0x51, 0xc2, 0x0, 0xff, 0xe5, 0x48, 0x4,
    0xe0, 0x1f, 0xfc, 0x52, 0xac, 0x40, 0x6c, 0xf5,
    0x0, 0x48, 0x7, 0xff, 0x21, 0xd4, 0x7, 0xc0,
    0x3f, 0xf9, 0x2c, 0x20, 0x4, 0x51, 0xc2, 0x0,
    0xff, 0xe5, 0x28, 0x80, 0x14, 0x40, 0x3f, 0xf8,
    0x91, 0xaa, 0xb, 0xb2, 0x61, 0x80, 0x6, 0x0,
    0xff, 0xe3, 0xa4, 0x0, 0x28, 0x80, 0x3f, 0xf9,
    0x34, 0x1, 0x10, 0xe1, 0x0, 0x7f, 0xf2, 0xe4,
    0x2, 0xe0, 0xf, 0xfe, 0x19, 0xeb, 0x81, 0xe5,
    0x10, 0x4, 0x20, 0x1f, 0xfc, 0x91, 0xa0, 0x4,
    0x20, 0x7, 0xff, 0x24, 0xcc, 0x1, 0xe, 0x10,
    0x7, 0xff, 0x2c, 0xcc, 0x0, 0x24, 0x0, 0xff,
    0xe1, 0x3e, 0x10, 0x46, 0x18, 0x7, 0x68, 0x1,
    0x80, 0x3f, 0xf8, 0xda, 0x20, 0xae, 0x1, 0xff,
    0xca, 0x90, 0xd, 0xa4, 0x1, 0xff, 0xcc, 0x80,
    0xa, 0x80, 0x3f, 0xf8, 0x23, 0x70, 0x7, 0xae,
    0x1, 0xf2, 0x0, 0x8, 0x3, 0xff, 0x8b, 0x6,
    0x7, 0x40, 0x1f, 0xfc, 0xa1, 0x50, 0xa, 0xcc,
    0x3, 0xff, 0x98, 0x48, 0x1, 0x30, 0x7, 0xff,
    0x0, 0xfd, 0x2, 0x30, 0x80, 0x3e, 0x31, 0x0,
    0x60, 0x7, 0xff, 0x11, 0x1c, 0x7, 0x80, 0x3f,
    0xf9, 0x72, 0x1, 0x5a, 0x0, 0x7f, 0xf3, 0x60,
    0x2, 0x61, 0x0, 0xff, 0x9b, 0x4, 0x56, 0xe0,
    0x1f, 0xd4, 0x1, 0x28, 0x7, 0xff, 0xc, 0x68,
    0x1, 0x44, 0x1, 0xff, 0xcb, 0x60, 0x3, 0x20,
    0x7, 0xff, 0x34, 0x94, 0x2, 0xb0, 0xf, 0xfa,
    0x24, 0xf, 0xd0, 0x3, 0xfc, 0xe0, 0x3, 0x10,
    0xf, 0xfe, 0x1e, 0x88, 0x42, 0x0, 0x7f, 0xf2,
    0xd8, 0x40, 0x16, 0x1, 0xff, 0xce, 0xb0, 0x9,
    0x8, 0x3, 0xfd, 0x6e, 0xd, 0x82, 0x1, 0xfe,
    0x51, 0x0, 0x50, 0x7, 0xff, 0xe, 0xc, 0x11,
    0xc0, 0x3f, 0xf9, 0x96, 0x0, 0x32, 0x0, 0xff,
    0xe6, 0x8b, 0x0, 0x50, 0x1, 0xfc, 0x38, 0x81,
    0x12, 0x1, 0xff, 0xc0, 0xe0, 0x9, 0xc0, 0x3f,
    0xf8, 0x46, 0xe0, 0x54, 0x1, 0xff, 0xcc, 0xb2,
    0x0, 0x48, 0x7, 0xff, 0x3a, 0x0, 0x24, 0x30,
    0xf, 0xc5, 0x86, 0x14, 0xe0, 0x1f, 0xfc, 0x2,
    0x40, 0x2, 0x8, 0x7, 0xff, 0x4, 0x74, 0x1,
    0xc2, 0x1, 0xff, 0xcb, 0x94, 0x0, 0xa, 0x80,
    0x7f, 0xf3, 0x45, 0x80, 0x2f, 0x0, 0xfc, 0x58,
    0x41, 0x6a, 0x1, 0xff, 0xc1, 0xb0, 0xb, 0x80,
    0x3f, 0xf8, 0x56, 0x21, 0x26, 0x1, 0xff, 0xcb,
    0x66, 0x0, 0x52, 0x1, 0xff, 0xce, 0x80, 0x8,
    0xd0, 0x3, 0xe3, 0xc1, 0x16, 0xa0, 0x7, 0xff,
    0x4, 0x58, 0x0, 0x2a, 0x1, 0xff, 0xc1, 0x55,
    0x2, 0xb0, 0x7, 0xff, 0x2d, 0x24, 0x3, 0x30,
    0x7, 0xff, 0x34, 0x58, 0x2, 0x80, 0xf, 0x93,
    0x4, 0x58, 0x40, 0x1f, 0xfc, 0x26, 0x0, 0x98,
    0x3, 0xff, 0x82, 0x34, 0x5, 0x40, 0x1f, 0xfc,
    0xb3, 0xb0, 0xc, 0xc2, 0x1, 0xff, 0xcd, 0x80,
    0x8, 0xd0, 0x3, 0xc9, 0x60, 0x5e, 0x40, 0x1f,
    0xfc, 0x39, 0x0, 0xa4, 0x3, 0xff, 0x83, 0x40,
    0xe, 0x0, 0xff, 0xe5, 0x8e, 0x80, 0x75, 0x80,
    0x7f, 0xf3, 0x49, 0x80, 0x28, 0x0, 0xf2, 0x58,
    0x16, 0x8, 0x7, 0xff, 0xd, 0x84, 0x0, 0xa2,
    0x1, 0xff, 0xc0, 0x64, 0x8, 0x30, 0xf, 0xfe,
    0x5e, 0x88, 0x6, 0x52, 0x0, 0xff, 0xe6, 0xc0,
    0x4, 0x68, 0x1, 0xc9, 0x60, 0x58, 0x20, 0x1f,
    0xfc, 0x4b, 0x0, 0xa4, 0x3, 0xff, 0x80, 0x52,
    0x8, 0xe0, 0x1f, 0xfc, 0xb9, 0x30, 0x40, 0xa,
    0x40, 0x3f, 0xf9, 0xa4, 0xa0, 0x17, 0x80, 0x72,
    0x58, 0x16, 0x8, 0x7, 0xff, 0x11, 0x48, 0x0,
    0x86, 0x1, 0xff, 0xc0, 0x90, 0x1a, 0x0, 0xff,
    0xe5, 0xb3, 0x2, 0x50, 0x0, 0x66, 0x0, 0xff,
    0xe6, 0xc0, 0x4, 0x86, 0x1, 0x92, 0xc0, 0x7c,
    0x40, 0x3f, 0xf8, 0xb0, 0x1, 0x78, 0x7, 0xff,
    0x1, 0x90, 0x2c, 0x40, 0x3f, 0xf9, 0x47, 0x20,
    0xfc, 0x1, 0x40, 0x7, 0xff, 0x34, 0x94, 0x2,
    0x90, 0xc, 0x76, 0x3, 0x84, 0x1, 0xff, 0xc5,
    0x42, 0x0, 0x1a, 0x0, 0x7f, 0xc3, 0x20, 0xca,
    0x1, 0xff, 0xca, 0x1d, 0x4, 0x97, 0x0, 0x12,
    0x0, 0x7f, 0xf3, 0x64, 0x2, 0x52, 0x0, 0x8f,
    0x0, 0x1a, 0x40, 0x1f, 0xfc, 0x68, 0x0, 0xa0,
    0x3, 0xff, 0x81, 0x60, 0x52, 0x1, 0xff, 0xcb,
    0xa1, 0x2a, 0x60, 0xa, 0x0, 0x3f, 0xf9, 0xa6,
    0x80, 0x15, 0x80, 0x47, 0x80, 0xb, 0x30, 0xf,
    0xfe, 0x32, 0x18, 0x0, 0x90, 0x3, 0xfe, 0x45,
    0x9, 0x0, 0xff, 0xe5, 0xc2, 0x7, 0xc, 0x80,
    0x9, 0x40, 0x3f, 0xf9, 0xbe, 0x1, 0x38, 0x80,
    0xb, 0x40, 0x14, 0x80, 0x1f, 0xfc, 0x78, 0x0,
    0xa0, 0x3, 0xff, 0x81, 0x20, 0xc8, 0x1, 0xff,
    0xca, 0x47, 0x9, 0x37, 0x10, 0x5, 0x80, 0x7f,
    0xf3, 0x50, 0xc0, 0x3, 0x20, 0x2, 0xc1, 0x8,
    0x50, 0xf, 0xfe, 0x39, 0x98, 0x0, 0x4a, 0x1,
    0xff, 0x41, 0xc, 0x80, 0x7f, 0xf2, 0x86, 0x81,
    0x58, 0x24, 0x0, 0x2c, 0x1, 0xff, 0xcd, 0x80,
    0xa, 0x44, 0x7, 0xc4, 0x19, 0xc0, 0x3f, 0xf9,
    0x10, 0x1, 0x40, 0x7, 0xfc, 0x2e, 0x14, 0x1,
    0xff, 0xcb, 0xd1, 0x2a, 0x7, 0x10, 0x4, 0x0,
    0x7f, 0xf3, 0x54, 0xc0, 0x2, 0xe0, 0xc, 0x20,
    0x49, 0x0, 0xff, 0xe4, 0x1a, 0x0, 0xd, 0x40,
    0x3f, 0xeb, 0x4, 0x40, 0x7, 0xff, 0x2a, 0xc,
    0x3c, 0x1, 0x20, 0x1, 0x60, 0xf, 0xfe, 0x6c,
    0x0, 0x56, 0x0, 0xb2, 0x2, 0xb0, 0xf, 0xfe,
    0x4c, 0x0, 0x50, 0x1, 0xff, 0x12, 0x84, 0x80,
    0x7f, 0xf2, 0x91, 0xc2, 0x88, 0x1c, 0x40, 0x12,
    0x1, 0xff, 0xcd, 0x62, 0x0, 0x1a, 0x85, 0x20,
    0xf, 0x80, 0x7f, 0xf2, 0x4d, 0x0, 0x6, 0x80,
    0x1f, 0xf4, 0x3, 0x90, 0x7, 0xff, 0x24, 0x68,
    0x15, 0x40, 0x9, 0x0, 0xb, 0x80, 0x7f, 0xf3,
    0x60, 0x2, 0xf0, 0x85, 0x0, 0x51, 0x0, 0x7f,
    0xf2, 0x60, 0x2, 0xf0, 0xf, 0xf8, 0x94, 0x60,
    0x3, 0xff, 0x95, 0x42, 0x54, 0x0, 0x71, 0x0,
    0x48, 0x7, 0xff, 0x35, 0x84, 0x0, 0xa6, 0xce,
    0x0, 0x94, 0x0, 0xff, 0xe4, 0x9a, 0x0, 0x10,
    0xc0, 0x3f, 0xea, 0x6, 0x0, 0xff, 0xe5, 0x3a,
    0x7, 0x0, 0x52, 0x0, 0x17, 0x0, 0xff, 0xe6,
    0xc0, 0x5, 0x9, 0x20, 0x5, 0x60, 0xf, 0xfe,
    0x54, 0x80, 0x50, 0x1, 0xff, 0xc0, 0x50, 0xa0,
    0xf, 0xfe, 0x49, 0xc0, 0x41, 0x80, 0x1c, 0x40,
    0xc, 0x1, 0xff, 0xcd, 0x71, 0x0, 0x38, 0x50,
    0x0, 0xa8, 0x3, 0xff, 0x94, 0x4a, 0x0, 0x43,
    0x0, 0xff, 0xe0, 0x10, 0x10, 0x7, 0xff, 0x27,
    0x81, 0x1c, 0x2, 0x90, 0xa, 0x40, 0x3f, 0xf9,
    0xb2, 0x0, 0x19, 0xf1, 0x0, 0x78, 0x7, 0xff,
    0x2e, 0x0, 0x29, 0x0, 0xff, 0xe0, 0xc2, 0x80,
    0x7f, 0xf2, 0x64, 0x86, 0x80, 0x28, 0x10, 0x3,
    0x88, 0x7, 0xff, 0x32, 0x4, 0x1, 0x14, 0x40,
    0xa, 0x20, 0xf, 0xfe, 0x51, 0x28, 0x1, 0x48,
    0x3, 0xff, 0x82, 0xf4, 0x1, 0xff, 0xc8, 0x46,
    0xb, 0x10, 0x0, 0xb8, 0x5, 0x20, 0x1f, 0xfc,
    0xc1, 0x70, 0x1, 0xf2, 0x0, 0x1d, 0x40, 0x3f,
    0xf9, 0x76, 0x1, 0x40, 0x7, 0xff, 0x5c, 0x68,
    0x15, 0x40, 0x14, 0x80, 0x4e, 0x20, 0x1f, 0xfc,
    0xc8, 0x0, 0xad, 0xc0, 0x7, 0x0, 0x1f, 0xfc,
    0xb1, 0x60, 0x3, 0x10, 0x7, 0xff, 0x5e, 0xc4,
    0x56, 0x1, 0xb, 0x80, 0x52, 0x1, 0xff, 0xcc,
    0x16, 0x0, 0x24, 0x80, 0x5c, 0x1, 0xff, 0xcc,
    0x80, 0xa, 0x0, 0x3f, 0xfa, 0xea, 0xa0, 0xa1,
    0x0, 0xa0, 0x2, 0x81, 0x0, 0xff, 0xe6, 0x40,
    0x4, 0xc2, 0x0, 0x92, 0x0, 0xff, 0xe5, 0x8b,
    0x0, 0x18, 0x40, 0x3f, 0xfa, 0xc3, 0x60, 0xc8,
    0x1, 0x13, 0x0, 0x5, 0xc0, 0x3f, 0xf9, 0x82,
    0xc0, 0x1, 0x20, 0x2, 0xb0, 0x7, 0xff, 0x31,
    0x80, 0x28, 0x0, 0xff, 0xeb, 0xd8, 0x8a, 0x40,
    0x34, 0x0, 0x52, 0x1, 0xff, 0xcd, 0x80, 0x8,
    0x40, 0x3, 0x60, 0x1f, 0xfc, 0xd9, 0x0, 0x38,
    0x80, 0x7f, 0xf5, 0x95, 0x41, 0x40, 0x18, 0xd4,
    0x0, 0x2e, 0x1, 0xff, 0xcc, 0x26, 0x0, 0xf5,
    0x8, 0x7, 0xff, 0x31, 0x84, 0x1, 0x20, 0x1f,
    0xfd, 0x61, 0xb0, 0x54, 0x0, 0xd0, 0x1, 0x40,
    0x7, 0xff, 0x36, 0xc0, 0x3c, 0xc8, 0x1, 0xff,
    0xcd, 0xb0, 0x3, 0x88, 0x7, 0xff, 0x5a, 0xc4,
    0x56, 0x1, 0x91, 0x0, 0x2, 0x60, 0xf, 0xfe,
    0x61, 0x30, 0x7, 0xc, 0x80, 0x7f, 0xf3, 0x50,
    0x80, 0x12, 0x1, 0xff, 0xd6, 0x45, 0xb, 0x10,
    0xd, 0x0, 0x14, 0x0, 0x7f, 0xf3, 0x6c, 0x3,
    0xd4, 0x1, 0xff, 0xce, 0xf0, 0x3, 0x88, 0x7,
    0xff, 0x5a, 0x41, 0x14, 0x3, 0x29, 0x80, 0x9,
    0x40, 0x3f, 0xf9, 0x82, 0xc0, 0x1c, 0xa8, 0x1,
    0xff, 0xcd, 0x24, 0x0, 0x48, 0x7, 0xff, 0x5a,
    0x8, 0x24, 0x3, 0xa0, 0x2, 0x90, 0xf, 0xfe,
    0x6c, 0x80, 0x70, 0xd8, 0x7, 0xff, 0x3a, 0xc0,
    0xe, 0x20, 0x1f, 0xfd, 0x52, 0x70, 0x82, 0x0,
    0xce, 0x40, 0x4, 0x40, 0x7, 0xff, 0x30, 0x5c,
    0x3, 0xac, 0x40, 0x3f, 0xf9, 0xcc, 0x0, 0x90,
    0xf, 0xfe, 0xb4, 0x81, 0x38, 0x6, 0x19, 0x0,
    0xa0, 0x3, 0xff, 0x9b, 0x20, 0x1c, 0x8a, 0x1,
    0xff, 0xce, 0x60, 0x3, 0x8, 0x7, 0xff, 0x55,
    0x50, 0x24, 0x3, 0xa4, 0x40, 0xa, 0x60, 0x1f,
    0xfc, 0xd6, 0x0, 0xe9, 0x0, 0xff, 0xe7, 0xe8,
    0x2, 0xc0, 0x3f, 0xfa, 0xd6, 0x8, 0x80, 0xc,
    0x4e, 0x1, 0x40, 0x7, 0xff, 0x35, 0x84, 0x3,
    0x31, 0x0, 0x7f, 0xf3, 0x85, 0x1, 0x48, 0x3,
    0xff, 0xab, 0x2, 0x12, 0x1, 0xd2, 0x1, 0x39,
    0x0, 0x7f, 0xf3, 0x6c, 0x3, 0xc, 0x0, 0x7f,
    0xf3, 0xd8, 0x1, 0xc0, 0x1f, 0xfd, 0x51, 0x70,
    0x72, 0x0, 0xc8, 0x80, 0x0, 0xc8, 0x7, 0xff,
    0x35, 0x48, 0x3, 0x40, 0x80, 0x7f, 0xf3, 0xf0,
    0x9, 0x0, 0x3f, 0xfa, 0xb6, 0x3, 0x0, 0x1d,
    0x20, 0x14, 0x8, 0x7, 0xff, 0x37, 0x80, 0x31,
    0x30, 0x7, 0xff, 0x41, 0x2, 0x80, 0x3f, 0xfa,
    0xa6, 0xa1, 0x0, 0x1c, 0xc4, 0x0, 0x26, 0x0,
    0xff, 0xe6, 0x92, 0x0, 0x68, 0x0, 0xff, 0xe8,
    0x20, 0x1, 0x40, 0x3f, 0xfa, 0xbe, 0x4, 0xc0,
    0x18, 0x60, 0x2, 0x90, 0xf, 0xfe, 0x75, 0x80,
    0x62, 0x50, 0xf, 0xfe, 0x81, 0x80, 0x8, 0x3,
    0xff, 0xa8, 0x86, 0x10, 0x1, 0xd0, 0x20, 0x4,
    0x40, 0x7, 0xff, 0x39, 0xc0, 0x34, 0x0, 0x7f,
    0xf4, 0x74, 0x0, 0x40, 0x1f, 0xfd, 0x48, 0x2,
    0x50, 0xc, 0x4c, 0x1, 0x48, 0x7, 0xff, 0x39,
    0x44, 0x2, 0x25, 0x0, 0xff, 0xe8, 0xb0, 0x1,
    0xc0, 0x3f, 0xfa, 0x6a, 0x61, 0x20, 0x1d, 0xc0,
    0x13, 0x90, 0x7, 0xff, 0x3b, 0x80, 0x35, 0x80,
    0x7f, 0xf5, 0x74, 0x3, 0xff, 0xa7, 0x0, 0x68,
    0x1, 0x94, 0xc0, 0x3, 0x0, 0x1f, 0xfc, 0xf6,
    0x0, 0xcc, 0x1, 0xff, 0xd2, 0x40, 0x7, 0x80,
    0x7f, 0xf4, 0x94, 0x82, 0x40, 0x30, 0xd8, 0x5,
    0x60, 0x1f, 0xfd, 0x6, 0x0, 0x94, 0x3, 0xff,
    0xa7, 0xa, 0x8c, 0x1, 0xff, 0xd2, 0x90, 0x25,
    0x0, 0xd0, 0x20, 0x4, 0x50, 0xf, 0xfe, 0x87,
    0x80, 0x5c, 0x1, 0xff, 0xd4, 0xab, 0x10, 0xf,
    0xfe, 0x8a, 0x18, 0x58, 0x6, 0x36, 0x0, 0xa4,
    0x3, 0xff, 0xa2, 0x98, 0xb0, 0x80, 0x1f, 0xff,
    0x4f, 0x1, 0x60, 0xd, 0xc0, 0x14, 0x10, 0x7,
    0xff, 0x48, 0xe9, 0xc0, 0x3f, 0xfe, 0x84, 0x80,
    0xc0, 0x1a, 0x8, 0x0, 0x4e, 0x1, 0xff, 0xff,
    0x0, 0xff, 0xe5, 0xd8, 0x2, 0x80, 0x23, 0x70,
    0xb, 0x80, 0x3f, 0xff, 0xe0, 0x1f, 0xfc, 0xc7,
    0x3, 0x20, 0xb, 0x80, 0x26, 0x30, 0xf, 0xff,
    0xf8, 0x7, 0xff, 0x2d, 0x44, 0x28, 0x2, 0x82,
    0x0, 0xc, 0x80, 0x7f, 0xff, 0xc0, 0x3f, 0xf9,
    0x9e, 0x0, 0x70, 0x1, 0xb8, 0x5, 0x40, 0x1f,
    0xff, 0xf0, 0xf, 0xfe, 0x6a, 0x82, 0x8, 0xe,
    0x80, 0x4c, 0x80, 0x1f, 0xff, 0xf0, 0xf, 0xfe,
    0x61, 0x80, 0x30, 0x1, 0x42, 0x0, 0x29, 0x0,
    0xff, 0xff, 0x80, 0x7f, 0xf3, 0x50, 0x0, 0x81,
    0x8, 0x1, 0x70, 0x7, 0xff, 0xfc, 0x3, 0xff,
    0x9d, 0xa0, 0x3, 0x77, 0x0, 0x52, 0x60, 0x1f,
    0xff, 0xf0, 0xf, 0xfe, 0x73, 0x0, 0x2a, 0x0,
    0x25, 0x60, 0xf, 0xff, 0xf8, 0x7, 0xff, 0x3c,
    0x40, 0xa, 0x1, 0x1d, 0x0, 0x7f, 0xff, 0xc0,
    0x3f, 0xfa, 0x2, 0x1, 0xc5, 0xa0, 0x1f, 0xff,
    0xf0, 0xf, 0xfe, 0x8b, 0x0, 0x62, 0xc1, 0x0,
    0xff, 0xff, 0x80, 0x7f, 0xf4, 0x78, 0x2, 0x5d,
    0x10, 0xf, 0xff, 0xf8, 0x7, 0xff, 0x49, 0x2e,
    0x36, 0x80, 0x3f, 0xff, 0xe0, 0x1f, 0xfd, 0x0,

    /* U+004E "N" */
    0x0, 0xff, 0xed, 0xa3, 0xb1, 0x0, 0x7f, 0xfd,
    0x1f, 0xae, 0x27, 0x58, 0x3, 0xff, 0xe2, 0x9b,
    0x2, 0x1, 0xa4, 0x80, 0x3f, 0xfd, 0xef, 0x64,
    0x1, 0xf2, 0x80, 0x7f, 0xfb, 0xaa, 0x0, 0x2,
    0xc8, 0x1, 0xbc, 0x3, 0xff, 0xdb, 0x6a, 0x0,
    0x9e, 0x9b, 0x0, 0xde, 0x1, 0xff, 0xec, 0xb4,
    0x3, 0xe6, 0x0, 0x88, 0x2, 0x20, 0xf, 0xff,
    0x5d, 0xa0, 0x2e, 0x8, 0x6, 0x20, 0x9, 0x0,
    0x3f, 0xfd, 0x54, 0x80, 0xd4, 0x1, 0xc2, 0x1,
    0x8, 0x80, 0x3f, 0xfd, 0x2e, 0xa0, 0xd2, 0x1,
    0xe4, 0x0, 0x90, 0x3, 0xff, 0xd2, 0x90, 0xb,
    0x20, 0x1f, 0x60, 0x5, 0xe0, 0x1f, 0xfe, 0x81,
    0xa0, 0x4a, 0x0, 0xfc, 0x80, 0x12, 0x80, 0x7f,
    0xf1, 0x85, 0xa6, 0xe9, 0x0, 0x3f, 0xfa, 0x1a,
    0x25, 0x60, 0x1f, 0x88, 0x80, 0x4, 0x0, 0xff,
    0xe2, 0x95, 0x74, 0xb2, 0x2d, 0xa0, 0x7, 0xff,
    0x39, 0xcc, 0x3c, 0x3, 0xf9, 0x40, 0x2d, 0x0,
    0xff, 0xe1, 0x8c, 0xea, 0x80, 0x8, 0x80, 0xe,
    0x0, 0xff, 0xe6, 0x94, 0x5, 0x10, 0x7, 0xf5,
    0x0, 0x4e, 0x1, 0xff, 0xc2, 0x5f, 0x60, 0x4a,
    0xfd, 0xd3, 0x83, 0x80, 0x7f, 0xf3, 0x64, 0x15,
    0x40, 0x1f, 0xc4, 0x40, 0x2, 0x8, 0x7, 0xff,
    0x6, 0xa8, 0x25, 0x76, 0x50, 0xb, 0xc0, 0xc0,
    0x3f, 0xf9, 0x8a, 0x83, 0x60, 0x1f, 0xea, 0x0,
    0xb8, 0x3, 0xff, 0x80, 0x5a, 0xa1, 0x1a, 0x80,
    0x1d, 0xc0, 0x60, 0x1f, 0xfc, 0xc8, 0xb, 0x10,
    0xf, 0xf3, 0x0, 0x5, 0x40, 0x3f, 0xe5, 0xd2,
    0x26, 0xb8, 0x7, 0xc8, 0xc, 0x1, 0xff, 0xcb,
    0x62, 0x55, 0x0, 0x7f, 0x94, 0x40, 0xe, 0x1,
    0xff, 0x3d, 0x2, 0xe9, 0x0, 0x7c, 0x24, 0x4,
    0x1, 0xff, 0xcb, 0x80, 0xb0, 0xf, 0xfb, 0x80,
    0x2b, 0x0, 0xff, 0x4c, 0x4, 0x50, 0x7, 0xf3,
    0x80, 0x3c, 0x3, 0xff, 0x94, 0xc2, 0xe2, 0x1,
    0xfe, 0x24, 0x0, 0x19, 0x0, 0x7f, 0x5b, 0x5,
    0xb8, 0x7, 0xfb, 0x40, 0xa, 0x1, 0xff, 0xca,
    0xb1, 0x90, 0xf, 0xfa, 0x80, 0x2a, 0x0, 0xfe,
    0xb4, 0x1c, 0x40, 0xf, 0xf0, 0xa0, 0x0, 0xc0,
    0x3f, 0xf9, 0x24, 0x49, 0x10, 0xf, 0xf9, 0x80,
    0x2, 0xc0, 0x1f, 0xb1, 0x7, 0xc, 0x3, 0xfe,
    0x60, 0x2, 0x0, 0x7f, 0xf2, 0xa8, 0x14, 0x3,
    0xfe, 0x61, 0x0, 0x30, 0x7, 0xc3, 0x86, 0x5e,
    0x40, 0x1f, 0xfc, 0xb, 0x0, 0x60, 0x7, 0xff,
    0x29, 0x40, 0x40, 0x3f, 0xeb, 0x0, 0xa8, 0x3,
    0xc3, 0xa6, 0x58, 0x20, 0x1f, 0xfc, 0x2, 0x30,
    0x2, 0x80, 0x7f, 0xf2, 0x88, 0x86, 0x1, 0xfe,
    0x42, 0x0, 0x21, 0x0, 0x7b, 0x4c, 0xb0, 0x40,
    0x3f, 0xf8, 0x36, 0x0, 0x22, 0x0, 0x7f, 0xf2,
    0x9b, 0xc0, 0x3f, 0xef, 0x0, 0xbc, 0x3, 0xd8,
    0x65, 0x82, 0x1, 0xff, 0xc2, 0x70, 0x2, 0x80,
    0x7f, 0xf2, 0xe4, 0x80, 0x3f, 0xc4, 0x80, 0x2,
    0x40, 0xe, 0xb3, 0x2c, 0x10, 0xf, 0xfe, 0x12,
    0x88, 0x2, 0xc0, 0x3f, 0xfa, 0xf0, 0x1, 0x40,
    0x7, 0x52, 0x16, 0x8, 0x7, 0xff, 0xe, 0x40,
    0x2, 0x60, 0x1f, 0xfd, 0x61, 0x50, 0x0, 0xa8,
    0x6, 0x95, 0x1f, 0x10, 0xf, 0xfe, 0x19, 0x18,
    0x1, 0x80, 0x3f, 0xfa, 0xf2, 0x1, 0x48, 0x6,
    0x76, 0xc, 0x20, 0xf, 0xfe, 0x25, 0x80, 0x56,
    0x1, 0xff, 0xd7, 0x70, 0x9, 0xc0, 0x26, 0x80,
    0xc2, 0x0, 0xff, 0xe2, 0xb8, 0x0, 0x8c, 0x3,
    0xff, 0xac, 0xe0, 0x13, 0x80, 0x49, 0x21, 0x66,
    0x1, 0xff, 0xc5, 0x61, 0x0, 0x50, 0x7, 0xff,
    0x5e, 0x40, 0x29, 0x0, 0x15, 0x84, 0xa0, 0x7,
    0xff, 0x1a, 0x80, 0x26, 0x0, 0xff, 0xeb, 0x30,
    0x80, 0x18, 0x40, 0x70, 0x1d, 0x80, 0x3f, 0xf8,
    0xc6, 0x60, 0x2, 0x8, 0x7, 0xff, 0x5a, 0xc0,
    0x2b, 0x0, 0x68, 0xac, 0x0, 0x7f, 0xf1, 0xe8,
    0x2, 0xe0, 0xf, 0xfe, 0xb2, 0x90, 0x1, 0x48,
    0x28, 0xd2, 0x80, 0x3f, 0xf8, 0xe2, 0xc0, 0x1,
    0x50, 0xf, 0xfe, 0xb4, 0x0, 0x52, 0x10, 0xa5,
    0x40, 0x1f, 0xfc, 0x86, 0x0, 0x9c, 0x3, 0xff,
    0xac, 0xa4, 0x0, 0x43, 0x57, 0x1f, 0x10, 0xf,
    0xfe, 0x45, 0x0, 0x54, 0x1, 0xff, 0xd6, 0x90,
    0xb, 0xce, 0x82, 0x88, 0x3, 0xff, 0x90, 0x84,
    0x0, 0x33, 0x0, 0x7f, 0xf5, 0x50, 0xc0, 0x6,
    0xba, 0x12, 0x80, 0x1f, 0xfc, 0x9e, 0x0, 0xa8,
    0x3, 0xff, 0xad, 0x0, 0x14, 0x68, 0xb3, 0x0,
    0x3f, 0xf9, 0x22, 0xa0, 0x13, 0x0, 0x7f, 0xf5,
    0x50, 0xc0, 0x7, 0xa6, 0x92, 0x1, 0xff, 0xca,
    0x90, 0x9, 0x80, 0x3f, 0xfa, 0xd0, 0x1, 0x3b,
    0x15, 0x0, 0x7f, 0xf2, 0xd8, 0x2, 0xa0, 0xf,
    0xfe, 0xaa, 0x18, 0x4, 0x81, 0xc2, 0x1, 0xff,
    0xca, 0x51, 0x0, 0x11, 0x80, 0x7f, 0xf5, 0x60,
    0x3, 0xa4, 0xc0, 0x3f, 0xf9, 0x7c, 0x1, 0x58,
    0x7, 0xff, 0x54, 0xcc, 0x1, 0x95, 0x80, 0x3f,
    0xf9, 0x64, 0x80, 0x13, 0x80, 0x7f, 0xf5, 0x60,
    0x3, 0x15, 0x0, 0x7f, 0xf3, 0x28, 0x2, 0x51,
    0x0, 0xff, 0xea, 0x1a, 0x0, 0x6f, 0x0, 0xff,
    0xe6, 0xb0, 0x5, 0x20, 0x1f, 0xfd, 0x58, 0x0,
    0xd4, 0x40, 0x1f, 0xfc, 0xc5, 0x10, 0x1, 0x18,
    0x7, 0xff, 0x50, 0xd0, 0x2, 0x65, 0x0, 0xff,
    0xe6, 0xf0, 0x5, 0x40, 0x1f, 0xfd, 0x58, 0x0,
    0x8e, 0x40, 0x3f, 0xf9, 0xa4, 0x80, 0x13, 0x0,
    0x7f, 0xf5, 0xd, 0x0, 0x3, 0xa0, 0x1f, 0xfc,
    0xea, 0x0, 0x94, 0x40, 0x3f, 0xfa, 0x90, 0x1,
    0x50, 0x80, 0x7f, 0xf3, 0x98, 0x2, 0xe0, 0xf,
    0xfe, 0xa1, 0xa0, 0x1, 0x50, 0x3, 0xff, 0x9c,
    0x82, 0x0, 0x24, 0x0, 0xff, 0xea, 0x40, 0x5,
    0x0, 0x1f, 0xfc, 0xff, 0x0, 0xa8, 0x3, 0xff,
    0xa8, 0x68, 0x0, 0x52, 0x0, 0xff, 0xe7, 0xa,
    0x0, 0x4c, 0x1, 0xff, 0xd4, 0x80, 0xa, 0x0,
    0x3f, 0xf9, 0xec, 0x1, 0x20, 0x80, 0x7f, 0xf4,
    0xcd, 0x0, 0xc, 0x40, 0x1f, 0xfc, 0xfa, 0x0,
    0xbc, 0x3, 0xff, 0xa9, 0x0, 0x14, 0x0, 0x7f,
    0xf3, 0xcc, 0x80, 0x2, 0x80, 0x1f, 0xfd, 0x33,
    0x40, 0x3, 0x88, 0x7, 0xff, 0x3e, 0x80, 0x26,
    0x0, 0xff, 0xea, 0x78, 0x5, 0x20, 0x1f, 0xfd,
    0x7, 0x0, 0xa8, 0x3, 0xff, 0xa6, 0xe6, 0x0,
    0x81, 0x0, 0xff, 0xe7, 0xa8, 0x80, 0xc, 0x80,
    0x3f, 0xfa, 0x45, 0x0, 0x1, 0x70, 0xf, 0xfe,
    0x87, 0x0, 0x54, 0x1, 0xff, 0xd3, 0xe0, 0xa,
    0x0, 0x3f, 0xfa, 0x2, 0x80, 0x13, 0x80, 0x7f,
    0xf4, 0xa0, 0xc0, 0x4, 0xc0, 0x1f, 0xfd, 0x7,
    0x0, 0x94, 0x40, 0x3f, 0xfa, 0x26, 0xe0, 0x14,
    0x0, 0x7f, 0xf4, 0x74, 0x2, 0xf0, 0xf, 0xfe,
    0x97, 0x0, 0x44, 0xa0, 0x1f, 0xfd, 0x1, 0x40,
    0x0, 0xa8, 0x7, 0xff, 0x46, 0x8, 0x2, 0x90,
    0xf, 0xfe, 0x8b, 0x80, 0x4e, 0x1, 0xff, 0xd1,
    0x37, 0x0, 0x8d, 0x0, 0x3f, 0xfa, 0x34, 0x1,
    0x68, 0x7, 0xff, 0x47, 0x80, 0x37, 0x80, 0x7f,
    0xf4, 0x44, 0xc0, 0x2, 0x80, 0x1f, 0xfd, 0x8,
    0x20, 0x9, 0x4c, 0x3, 0xff, 0xa2, 0xe0, 0x13,
    0x0, 0x7f, 0xf4, 0x9, 0xc0, 0x34, 0x0, 0x7f,
    0xf4, 0xb0, 0x2, 0xb0, 0xf, 0xfe, 0x87, 0x0,
    0x66, 0x20, 0xf, 0xfe, 0x92, 0x80, 0x4, 0xc0,
    0x3f, 0xf9, 0xec, 0x60, 0x10, 0xc0, 0x7, 0xff,
    0x49, 0x0, 0x27, 0x0, 0xff, 0xe7, 0x8c, 0x80,
    0x69, 0x10, 0xf, 0xfe, 0x96, 0x80, 0x5a, 0x1,
    0xff, 0xcf, 0xb0, 0xc, 0x2e, 0x1, 0xff, 0xd3,
    0x40, 0x9, 0x0, 0x3f, 0xf9, 0xc8, 0xa0, 0x1a,
    0xc0, 0x3f, 0xfa, 0x62, 0x40, 0x5, 0x0, 0xff,
    0xe7, 0xc8, 0x6, 0x35, 0x0, 0xff, 0xe9, 0xb8,
    0x5, 0xe0, 0x1f, 0xfc, 0xe7, 0x20, 0xd, 0xe0,
    0x1f, 0xfd, 0x4c, 0x0, 0x90, 0x3, 0xff, 0x9a,
    0x50, 0x1, 0x94, 0xc0, 0x3f, 0xfa, 0x88, 0x0,
    0x31, 0x0, 0xff, 0xe6, 0xc8, 0x7, 0x40, 0x7,
    0xff, 0x50, 0x84, 0x0, 0x80, 0x1f, 0xfc, 0xd4,
    0x40, 0x6, 0x72, 0x0, 0xff, 0xea, 0x38, 0x5,
    0x80, 0x1f, 0xfc, 0xd9, 0x0, 0xc3, 0x0, 0x1f,
    0xfd, 0x5c, 0x0, 0x90, 0x3, 0xff, 0x98, 0xa4,
    0x1, 0xa0, 0x3, 0xff, 0xac, 0xa0, 0x4, 0x0,
    0xff, 0xe6, 0xc0, 0x6, 0x36, 0x0, 0xff, 0xeb,
    0x18, 0x3, 0x0, 0x3f, 0xf9, 0x86, 0x40, 0x1b,
    0xc0, 0x3f, 0xfa, 0xc4, 0x1, 0x18, 0x7, 0xff,
    0x32, 0xc0, 0x33, 0x18, 0x7, 0xff, 0x59, 0xc0,
    0x24, 0x0, 0xff, 0xe6, 0x18, 0x4, 0x72, 0x1,
    0xff, 0xd7, 0x20, 0x0, 0x80, 0x7f, 0xf3, 0x5c,
    0x0, 0x5a, 0x1, 0xff, 0xd8, 0xd0, 0x2, 0x80,
    0x7f, 0xf3, 0x68, 0x1b, 0x4, 0x3, 0xff, 0xb0,
    0xc0, 0x3, 0x0, 0xff, 0xe6, 0xb7, 0xc8, 0x80,
    0x7f, 0xf6, 0x44, 0x1, 0xc0, 0x1f, 0xff, 0x62,
    0x0, 0x18, 0x7, 0xff, 0xe5, 0x80, 0x3f, 0xff,
    0x22, 0x1, 0xff, 0xff, 0x0, 0xff, 0xff, 0x80,
    0x7f, 0xfb, 0x4, 0x0, 0x20, 0x1f, 0xff, 0x62,
    0x0, 0x30, 0x7, 0xff, 0xd9, 0x40, 0x4, 0x1,
    0xff, 0xf6, 0xf0, 0x6, 0x0, 0x7f, 0xfd, 0x9c,
    0x0, 0x80, 0x1f, 0xff, 0x61, 0x40, 0x3, 0x0,
    0x7f, 0xfd, 0xa0, 0x1, 0x2, 0x1, 0xff, 0xf5,
    0x36, 0x1, 0xa0, 0xf, 0xff, 0xb4, 0x98, 0x26,
    0x10, 0x7, 0xff, 0xd7, 0x4c, 0xf, 0x69, 0x4d,
    0x54, 0x60, 0x1f, 0xfe, 0xf1, 0xc7, 0x0, 0x2d,
    0x65, 0x53, 0x14, 0x3, 0xff, 0xe1, 0x1d, 0x6,
    0x20, 0x2b, 0x6a, 0x1, 0xff, 0xc2,

    /* U+004F "O" */
    0x0, 0xff, 0xf0, 0x92, 0xbc, 0xca, 0xa6, 0x18,
    0xc0, 0x3f, 0xfd, 0x62, 0xb5, 0xdb, 0x50, 0xcc,
    0x56, 0x79, 0xcf, 0xa4, 0x0, 0xff, 0xf3, 0x25,
    0x75, 0x28, 0x80, 0x7f, 0xcb, 0x78, 0x60, 0x1f,
    0xfe, 0x25, 0xcb, 0x50, 0x8, 0x5a, 0x6f, 0xbf,
    0xee, 0xb8, 0x40, 0x1, 0xe3, 0x0, 0x7f, 0xf7,
    0xd3, 0x28, 0xc0, 0x2, 0xf9, 0xd2, 0xc8, 0x20,
    0x10, 0xa3, 0xde, 0xb0, 0x2, 0x60, 0x3, 0xff,
    0xb8, 0x35, 0x66, 0x0, 0x29, 0xe8, 0x30, 0xf,
    0xfe, 0x1, 0x4e, 0x8, 0x3b, 0x0, 0x7f, 0xf6,
    0x97, 0x94, 0x0, 0x35, 0xac, 0x1, 0xff, 0xc5,
    0x3f, 0x20, 0x93, 0x0, 0xff, 0xec, 0x55, 0x0,
    0x27, 0xe5, 0x0, 0xff, 0xe4, 0xf, 0x88, 0x70,
    0x7, 0xff, 0x58, 0xf5, 0x40, 0x7, 0xb0, 0x1,
    0xff, 0xcb, 0x2a, 0x2, 0x70, 0xf, 0xfe, 0xa2,
    0xe1, 0x0, 0x1f, 0x8, 0x3, 0xff, 0x9a, 0x8e,
    0x10, 0x20, 0x1f, 0xfd, 0x27, 0xa0, 0x0, 0xdc,
    0x0, 0x7f, 0xf4, 0x20, 0x41, 0x80, 0x3f, 0xfa,
    0x33, 0x0, 0x2, 0xc4, 0x0, 0xff, 0xe9, 0x48,
    0x48, 0x7, 0xff, 0x42, 0x98, 0x0, 0x98, 0x40,
    0x1f, 0xfd, 0x36, 0x1, 0x40, 0xf, 0xfe, 0x75,
    0x28, 0x1, 0x6c, 0x40, 0x3f, 0xfa, 0x82, 0xa1,
    0xa0, 0x1f, 0xfc, 0xd9, 0x50, 0x2, 0xd0, 0x7,
    0xff, 0x5f, 0x81, 0xc0, 0x3f, 0xf9, 0x92, 0xc0,
    0x5, 0xa0, 0xf, 0xfe, 0xc2, 0x0, 0x90, 0x7,
    0xff, 0x29, 0xd8, 0x0, 0xb4, 0x1, 0xff, 0xda,
    0x40, 0x70, 0xf, 0xfe, 0x4a, 0xc0, 0x0, 0xe8,
    0x3, 0xff, 0xb6, 0x61, 0xa0, 0x1f, 0xfc, 0x82,
    0xa0, 0x1, 0x68, 0x7, 0xff, 0x73, 0x40, 0xc0,
    0x3f, 0xf8, 0xe3, 0xe0, 0x17, 0x88, 0x7, 0xff,
    0x71, 0xc1, 0x80, 0x3f, 0xf8, 0xf4, 0x40, 0xa,
    0x20, 0xf, 0xfe, 0xe9, 0x1, 0x0, 0x7f, 0xf1,
    0x9d, 0x0, 0xe, 0xa0, 0x1f, 0xfd, 0xf1, 0x1,
    0x0, 0xff, 0xe2, 0x14, 0x0, 0xe, 0x0, 0x3f,
    0xfc, 0x6, 0x6, 0x1, 0xff, 0xc4, 0xe0, 0x0,
    0xe8, 0x7, 0xff, 0x85, 0x80, 0x3f, 0xf8, 0xb0,
    0x60, 0xb, 0x10, 0xf, 0xcb, 0x32, 0x30, 0xf,
    0xfe, 0xb8, 0x80, 0x7f, 0xf0, 0x89, 0xc0, 0x8,
    0xa0, 0x1f, 0x3f, 0x53, 0x33, 0x4, 0x3, 0xff,
    0xa8, 0x20, 0x1f, 0xfc, 0x4e, 0x0, 0xa8, 0x3,
    0xc7, 0xb0, 0x20, 0x19, 0x0, 0x3f, 0xfc, 0x8a,
    0x60, 0x8, 0x10, 0xe, 0x5c, 0x20, 0x2, 0x50,
    0x7, 0xff, 0x9e, 0xc0, 0x6, 0xe0, 0x1c, 0xf4,
    0x1, 0x3d, 0xa8, 0x1, 0x0, 0x3f, 0xfa, 0x82,
    0x2, 0x1, 0xff, 0xc0, 0x81, 0x0, 0x78, 0x7,
    0x3c, 0x0, 0x55, 0x0, 0x4, 0x61, 0x0, 0xff,
    0xeb, 0x18, 0x7, 0xfc, 0x2e, 0x0, 0x53, 0x0,
    0xcd, 0x0, 0x15, 0xa8, 0x5, 0x32, 0x0, 0xff,
    0xea, 0xb8, 0x8, 0x7, 0xfd, 0x20, 0x14, 0x0,
    0x64, 0x90, 0xa, 0xd0, 0x3, 0x10, 0x7, 0xff,
    0x58, 0x40, 0x3f, 0xf8, 0x2, 0xe0, 0x6, 0x20,
    0x8, 0xec, 0x2, 0xa4, 0x0, 0xff, 0xee, 0x10,
    0x80, 0x7f, 0xd2, 0x1, 0x58, 0x6, 0xe0, 0x9,
    0xd4, 0x3, 0xff, 0xbc, 0x40, 0x1f, 0xe1, 0x70,
    0x2, 0x90, 0x5, 0x44, 0x0, 0x58, 0x0, 0xff,
    0xee, 0x90, 0x30, 0x7, 0xf9, 0xc0, 0x29, 0x0,
    0x9d, 0x40, 0x7, 0x40, 0x1f, 0xfd, 0xe6, 0x2,
    0x0, 0xff, 0x50, 0x0, 0xcc, 0x0, 0x28, 0x0,
    0xb8, 0x3, 0xff, 0xbe, 0x41, 0xa0, 0x1f, 0xc6,
    0x60, 0x4, 0x80, 0x5c, 0x1, 0x49, 0x0, 0x7f,
    0xf7, 0xfc, 0x18, 0x3, 0xfa, 0x80, 0x2, 0xa0,
    0x7, 0x30, 0x2, 0xb0, 0x7, 0xff, 0x80, 0x80,
    0xc0, 0x3f, 0x9c, 0x0, 0xc0, 0x1, 0x80, 0x0,
    0xd8, 0x7, 0xff, 0x85, 0x48, 0x3, 0xf9, 0x4,
    0x1, 0x60, 0xb, 0x0, 0xac, 0x40, 0x3f, 0xfc,
    0x4, 0x2e, 0x1, 0xfd, 0xa0, 0x1, 0x30, 0x45,
    0x0, 0x22, 0x80, 0x7f, 0xf8, 0x5c, 0x34, 0x3,
    0xf9, 0x0, 0xc, 0x0, 0x90, 0xa, 0x40, 0x3f,
    0xfc, 0x5a, 0x8, 0x1, 0xf8, 0x48, 0x1, 0x80,
    0xc4, 0x0, 0x82, 0x0, 0xff, 0xf1, 0x20, 0x18,
    0x7, 0xe4, 0x0, 0x90, 0x20, 0x0, 0x2e, 0x1,
    0xff, 0xe3, 0x33, 0x0, 0x7f, 0x60, 0x0, 0xc1,
    0xc4, 0x1, 0x60, 0x1f, 0xfe, 0x34, 0x4, 0x0,
    0xfe, 0x50, 0x2, 0x4, 0x80, 0x9, 0x40, 0x3f,
    0xfc, 0x78, 0x18, 0x1, 0xfc, 0x60, 0xd, 0x71,
    0x0, 0x48, 0x7, 0xff, 0x91, 0x1, 0x0, 0x3f,
    0x8, 0x4, 0xd2, 0x0, 0x44, 0x0, 0x7f, 0xf8,
    0xc4, 0xd0, 0x3, 0xf8, 0x80, 0x24, 0x10, 0x4,
    0x0, 0x7f, 0xf9, 0x1c, 0x34, 0x3, 0xf9, 0x80,
    0x29, 0x0, 0x19, 0x80, 0x3f, 0xfc, 0x9a, 0xe,
    0x1, 0xfc, 0x60, 0x10, 0x80, 0x20, 0x3, 0xff,
    0xca, 0x86, 0x20, 0x1f, 0xc2, 0x1, 0xc6, 0x80,
    0x1f, 0xfe, 0x45, 0xb, 0x0, 0xff, 0xe2, 0x48,
    0x7, 0xff, 0x97, 0x81, 0x80, 0x3f, 0xf8, 0x62,
    0xa0, 0x1f, 0xfe, 0x41, 0x43, 0x10, 0xf, 0xf0,
    0x80, 0x66, 0x0, 0xff, 0xf2, 0xb8, 0x50, 0x7,
    0xfc, 0x60, 0x1a, 0x40, 0x3f, 0xfc, 0xb4, 0xc,
    0x1, 0xff, 0x30, 0x4, 0xa2, 0x1, 0xff, 0xe4,
    0x23, 0x50, 0xf, 0xfe, 0x27, 0x0, 0x7f, 0xf9,
    0x6c, 0x24, 0x3, 0xff, 0x81, 0x60, 0x10, 0x80,
    0x7f, 0xf9, 0x5c, 0x8c, 0x3, 0xff, 0x80, 0xa0,
    0x16, 0x0, 0x7f, 0xf9, 0x18, 0x68, 0x3, 0xff,
    0x80, 0x44, 0x0, 0x9c, 0x3, 0xff, 0xc9, 0x61,
    0x60, 0x1f, 0xfc, 0xa, 0x0, 0xc2, 0x80, 0x1f,
    0xfe, 0x26, 0x22, 0x70, 0x7, 0xff, 0x1, 0x40,
    0x3b, 0x80, 0x3f, 0xfc, 0x33, 0x20, 0xc2, 0x0,
    0xff, 0x84, 0x80, 0x10, 0x0, 0x52, 0x0, 0xff,
    0xef, 0x1e, 0xb0, 0x30, 0x80, 0x7f, 0xf0, 0x1c,
    0x0, 0x2e, 0x60, 0x9, 0x0, 0xff, 0xee, 0xc6,
    0x18, 0x85, 0x80, 0x7f, 0xf0, 0x70, 0x0, 0xe1,
    0x0, 0x4, 0x70, 0xf, 0xfe, 0xd2, 0x6b, 0xad,
    0xa, 0x90, 0x7, 0xff, 0x5, 0x40, 0x1a, 0x8,
    0xc0, 0x8, 0x20, 0xf, 0xfe, 0xb9, 0x5d, 0x8e,
    0xa9, 0xe1, 0x0, 0x1f, 0xfc, 0x13, 0x0, 0x90,
    0x1, 0x24, 0x0, 0xc2, 0x0, 0xff, 0xea, 0xc,
    0x6a, 0x2f, 0xa9, 0xa2, 0x90, 0x7, 0xff, 0x5,
    0x40, 0x6, 0x1, 0xbc, 0x40, 0x70, 0x80, 0x3f,
    0xfa, 0x23, 0x1c, 0xe5, 0x74, 0x21, 0xe1, 0x0,
    0x1f, 0xfc, 0x2c, 0x0, 0x20, 0x6, 0x2c, 0x10,
    0x1c, 0x40, 0xf, 0xfe, 0x71, 0x4f, 0x38, 0x46,
    0xa0, 0x1, 0x4d, 0x88, 0x3, 0xff, 0x84, 0xe0,
    0xd, 0x0, 0xe2, 0xc1, 0x1, 0xb9, 0x0, 0xff,
    0xe5, 0xa5, 0xeb, 0x3, 0x73, 0x80, 0x68, 0x8,
    0x0, 0xff, 0xe1, 0x9, 0x0, 0x10, 0x3, 0xc5,
    0xe8, 0x0, 0x6e, 0x71, 0x0, 0xff, 0xe2, 0x9c,
    0xf5, 0xa0, 0x36, 0xc8, 0x80, 0x67, 0x28, 0x10,
    0xf, 0xfe, 0x12, 0x80, 0x4, 0x40, 0x1f, 0xd,
    0xc8, 0x80, 0xc7, 0x4a, 0x0, 0x7f, 0xc2, 0xb3,
    0xb8, 0xc2, 0x27, 0xe9, 0x20, 0xe, 0x18, 0x27,
    0x0, 0xff, 0xe1, 0x90, 0x1, 0x40, 0x3f, 0xcd,
    0xce, 0x1, 0x35, 0xfe, 0x54, 0x3b, 0xd1, 0x37,
    0xdc, 0xa6, 0x20, 0x4a, 0xe8, 0x10, 0xf, 0xac,
    0x24, 0x3, 0xff, 0x89, 0xe0, 0x3, 0x0, 0xff,
    0xe0, 0x47, 0x49, 0x80, 0x46, 0xaf, 0x11, 0x3b,
    0x20, 0x80, 0x12, 0x7a, 0xd4, 0x3, 0xf9, 0x15,
    0x10, 0x1, 0xff, 0xc4, 0x20, 0x7, 0x0, 0x7f,
    0xf0, 0x45, 0xb3, 0xa9, 0xcc, 0x84, 0x2, 0x23,
    0x68, 0xcf, 0xb6, 0x10, 0xf, 0xfa, 0x82, 0x40,
    0x3f, 0xf8, 0xac, 0x0, 0x20, 0xf, 0xfe, 0x20,
    0xac, 0x66, 0xf7, 0xfd, 0xb9, 0x2e, 0x60, 0x1f,
    0xfc, 0x29, 0x18, 0x20, 0xf, 0xfe, 0x29, 0x0,
    0x18, 0x3, 0xff, 0xbe, 0x6c, 0x6e, 0x1, 0xff,
    0xc9, 0x30, 0xf, 0xfe, 0xff, 0x7, 0x0, 0x7f,
    0xf1, 0x84, 0x2, 0x10, 0xf, 0xfe, 0xf4, 0x93,
    0x90, 0x7, 0xff, 0x18, 0xc0, 0x2, 0x1, 0xff,
    0xde, 0x56, 0x28, 0x0, 0xff, 0xe3, 0x88, 0x7,
    0xff, 0x80, 0x6c, 0x3c, 0x3, 0xff, 0x90, 0x20,
    0x1f, 0xfe, 0xd, 0x19, 0x20, 0xf, 0xff, 0xa4,
    0x9a, 0xb0, 0x7, 0xff, 0x24, 0xc0, 0x2, 0x1,
    0xff, 0xdb, 0x56, 0x2a, 0x0, 0xff, 0xfa, 0x1d,
    0x7, 0x80, 0x7f, 0xf2, 0xc4, 0x2, 0x10, 0xf,
    0xfe, 0xc1, 0x68, 0x51, 0x0, 0x7f, 0xf3, 0x8,
    0x0, 0x40, 0x1f, 0xfd, 0x71, 0xf1, 0x85, 0x0,
    0xff, 0xe6, 0xb8, 0x1, 0x40, 0x3f, 0xfa, 0xfa,
    0x4a, 0xe0, 0x1f, 0xfc, 0xed, 0x0, 0x78, 0x7,
    0xff, 0x5a, 0xcc, 0xd4, 0x1, 0xff, 0xcf, 0x40,
    0x2, 0x80, 0x7f, 0xf5, 0x69, 0xb, 0x40, 0x3f,
    0xfa, 0x6, 0x20, 0x64, 0x1, 0xff, 0xd3, 0xa5,
    0x2c, 0x10, 0xf, 0xfe, 0x8b, 0x80, 0x28, 0x3,
    0xff, 0xa5, 0x4a, 0x3e, 0x20, 0x1f, 0xfd, 0x2b,
    0x0, 0x28, 0x7, 0xff, 0x46, 0x94, 0x70, 0x80,
    0x3f, 0xfa, 0x64, 0xa0, 0x4c, 0x1, 0xff, 0xcf,
    0xc5, 0x1c, 0x20, 0xf, 0xfe, 0xac, 0x0, 0x20,
    0x3, 0xff, 0x9a, 0x38, 0x63, 0x84, 0x1, 0xff,
    0xd6, 0x26, 0x1, 0xa0, 0xf, 0xfe, 0x59, 0xe1,
    0x8e, 0x10, 0x7, 0xff, 0x62, 0x48, 0x15, 0xc0,
    0x3f, 0xf9, 0x2d, 0x84, 0x4f, 0x20, 0xf, 0xfe,
    0xd7, 0x0, 0x21, 0xc0, 0x3f, 0xf8, 0xc5, 0x72,
    0x9, 0xa2, 0x1, 0xff, 0xdb, 0x3c, 0x0, 0x45,
    0x88, 0x7, 0xff, 0x8, 0xa7, 0x50, 0x26, 0xc0,
    0x3f, 0xfb, 0xc7, 0x82, 0x9, 0xd0, 0x40, 0x1f,
    0xc2, 0xd7, 0xac, 0xb, 0xcc, 0x1, 0xff, 0xe0,
    0x3f, 0x40, 0x3, 0xee, 0xa5, 0xd5, 0x4c, 0xf5,
    0xbd, 0x28, 0x9, 0x94, 0x20, 0x1f, 0xfe, 0x21,
    0xbc, 0x40, 0x1, 0x34, 0x55, 0x26, 0x14, 0x80,
    0x5b, 0x6c, 0xc0, 0x3f, 0xfc, 0xc7, 0x7d, 0x2a,
    0x42, 0x0, 0x12, 0x58, 0xce, 0x92, 0x0, 0xff,
    0xef, 0x0,

    /* U+0050 "P" */
    0x0, 0xff, 0xff, 0x80, 0x7f, 0xfe, 0xd, 0x5e,
    0x2a, 0xf3, 0xb9, 0xff, 0xf7, 0x73, 0x75, 0x95,
    0xe, 0xa6, 0x40, 0x1f, 0xff, 0xb2, 0x59, 0xbe,
    0xfc, 0xa8, 0x75, 0x43, 0x11, 0x0, 0x7c, 0x22,
    0x22, 0x1a, 0xbc, 0x56, 0x6f, 0xe5, 0x3a, 0x8,
    0x7, 0xff, 0xc4, 0x9e, 0xfb, 0x69, 0x90, 0x40,
    0x2, 0x6c, 0xf1, 0x57, 0xba, 0xee, 0x7f, 0xee,
    0xe6, 0xeb, 0x2e, 0x5d, 0x90, 0xc0, 0xd6, 0x2f,
    0xb9, 0x4a, 0x20, 0x1f, 0xfe, 0xa3, 0x8d, 0xd4,
    0x20, 0x80, 0xa3, 0xd6, 0xff, 0x64, 0xc3, 0xaa,
    0x11, 0x4, 0x40, 0x18, 0x44, 0x44, 0x34, 0x68,
    0x9b, 0xcf, 0xda, 0x85, 0x21, 0x5a, 0xed, 0x94,
    0x0, 0xff, 0xf2, 0xb, 0xee, 0x39, 0x0, 0xad,
    0x6f, 0x5c, 0x29, 0x0, 0x7f, 0xf4, 0x9, 0x5e,
    0xb7, 0xa9, 0x84, 0x9a, 0xfe, 0x50, 0x3, 0xff,
    0xbe, 0x75, 0xd0, 0x40, 0x4f, 0x9d, 0x4a, 0x40,
    0x1f, 0xfd, 0xa1, 0x59, 0xed, 0x93, 0x6, 0xbd,
    0x71, 0x0, 0xff, 0xed, 0x15, 0xe2, 0x80, 0xb6,
    0x6c, 0x18, 0x7, 0xff, 0x88, 0x9b, 0x3a, 0x8,
    0x91, 0xd2, 0x40, 0x1f, 0xfd, 0x61, 0x9d, 0x40,
    0x2a, 0xe9, 0x30, 0xf, 0xfe, 0x33, 0x7d, 0x80,
    0x7f, 0xf4, 0xc5, 0xf6, 0xcc, 0x1b, 0x64, 0x40,
    0x3f, 0xfa, 0x69, 0xec, 0x5, 0x7a, 0xa0, 0x1f,
    0xfc, 0x82, 0x90, 0x60, 0xf, 0xfe, 0xb2, 0x66,
    0x10, 0x1b, 0xa0, 0x3, 0xff, 0xa2, 0xf6, 0x21,
    0x3a, 0x80, 0x1f, 0xfc, 0xa8, 0x0, 0x28, 0x7,
    0xff, 0x60, 0xee, 0xc4, 0xf, 0xa8, 0x1, 0xff,
    0xce, 0x98, 0x4, 0xe6, 0x0, 0xff, 0xe5, 0x92,
    0x80, 0x28, 0x3, 0xff, 0xb4, 0x9a, 0xe0, 0x57,
    0x20, 0x1f, 0xfc, 0xc9, 0x60, 0x7b, 0x10, 0xf,
    0xfe, 0x64, 0x0, 0x14, 0x80, 0x3f, 0xfb, 0x91,
    0x82, 0xd, 0x84, 0x1, 0xff, 0xc9, 0x76, 0x9,
    0x80, 0xf, 0xfe, 0x69, 0x28, 0x2, 0x0, 0x3f,
    0xfb, 0xc7, 0xe6, 0x7, 0x84, 0x1, 0xff, 0xc7,
    0x38, 0x9, 0x60, 0xf, 0xfe, 0x74, 0x0, 0x10,
    0x80, 0x3f, 0xfb, 0xe3, 0x88, 0x3, 0xa6, 0x1,
    0xff, 0xc6, 0xf0, 0x56, 0x0, 0xff, 0xe7, 0x12,
    0x80, 0x20, 0x3, 0xff, 0xc5, 0x66, 0x0, 0xd2,
    0x0, 0xff, 0xe2, 0x21, 0x8d, 0x0, 0x7f, 0xf3,
    0xec, 0x0, 0x86, 0x1, 0xff, 0xe3, 0xd2, 0x1,
    0xf1, 0x0, 0xff, 0xe1, 0xf0, 0x40, 0x7, 0xff,
    0x3c, 0x98, 0x1, 0xe0, 0x1f, 0xfe, 0x41, 0xf0,
    0x1, 0x58, 0x7, 0xff, 0xd, 0x41, 0x80, 0x3f,
    0xf9, 0xf6, 0x0, 0x34, 0x0, 0xff, 0xf2, 0x94,
    0x80, 0x15, 0x40, 0x1f, 0xfc, 0x12, 0x4, 0x0,
    0xff, 0xe7, 0x8b, 0x0, 0x24, 0x3, 0xff, 0xce,
    0xc4, 0x0, 0xb0, 0xf, 0xfe, 0xb, 0x1, 0x80,
    0x7f, 0xf3, 0xe0, 0x0, 0x4a, 0x1, 0xff, 0xe8,
    0x90, 0x0, 0xb8, 0x7, 0xff, 0x0, 0x43, 0xc0,
    0x3f, 0xf9, 0xc2, 0xc0, 0x8, 0x0, 0xff, 0xf4,
    0xa1, 0x0, 0x24, 0x3, 0xff, 0x80, 0x21, 0xe0,
    0x1f, 0xfc, 0xe9, 0x0, 0x12, 0x80, 0x7f, 0xfa,
    0xa8, 0x0, 0x28, 0x1, 0xff, 0x30, 0x10, 0x7,
    0xff, 0x34, 0x5c, 0x1, 0x60, 0x1f, 0xfe, 0xb5,
    0x0, 0xb8, 0x3, 0xfe, 0x21, 0x40, 0xf, 0xfe,
    0x6c, 0x80, 0x5, 0x80, 0x3f, 0xfd, 0x64, 0x20,
    0x4, 0x0, 0xff, 0xe0, 0x38, 0xb0, 0x7, 0xff,
    0x31, 0xc0, 0x12, 0x1, 0xff, 0xed, 0x40, 0x0,
    0x90, 0x7, 0xfd, 0x1, 0x2, 0x1, 0xff, 0xca,
    0x70, 0x0, 0xb8, 0x7, 0xff, 0xb4, 0x80, 0x26,
    0x0, 0xff, 0x86, 0x47, 0x40, 0x3f, 0xf9, 0x52,
    0x0, 0x90, 0xf, 0xff, 0x77, 0x0, 0x44, 0x1,
    0xff, 0xc0, 0x67, 0x3c, 0x0, 0xff, 0xe4, 0x38,
    0x80, 0x1c, 0x3, 0xff, 0xe4, 0x20, 0x1f, 0xfc,
    0x18, 0x63, 0xc1, 0x0, 0xff, 0xe3, 0x48, 0x1,
    0xc0, 0x3f, 0xff, 0xe0, 0x14, 0xb1, 0xe1, 0x0,
    0x7f, 0xf1, 0x18, 0x40, 0x12, 0x1, 0xff, 0xff,
    0x0, 0xd3, 0x22, 0xd5, 0x0, 0xff, 0xe1, 0xc0,
    0x1, 0x84, 0x3, 0xff, 0xdf, 0xc0, 0x11, 0x0,
    0x7f, 0xf1, 0x1a, 0xc6, 0xa8, 0x20, 0x1f, 0xfc,
    0x6, 0x10, 0x4, 0x0, 0x7f, 0xfc, 0x8, 0x2,
    0x60, 0xf, 0xfe, 0x2a, 0x7a, 0x2f, 0xa0, 0x7,
    0xfd, 0x60, 0x6, 0x10, 0xf, 0xff, 0x83, 0x80,
    0x46, 0x1, 0xff, 0xc6, 0x1b, 0x81, 0xba, 0x10,
    0xf, 0xca, 0x40, 0xb, 0x0, 0xff, 0xf8, 0x9,
    0x0, 0xc, 0x3, 0xff, 0x92, 0xfa, 0x6b, 0xec,
    0x1, 0xf4, 0x80, 0x14, 0x80, 0x3f, 0xfe, 0xa,
    0x1, 0x20, 0x7, 0xff, 0x28, 0xb2, 0x42, 0x70,
    0x80, 0x32, 0x18, 0x2, 0x0, 0x3f, 0xfe, 0x3a,
    0x1, 0x60, 0x7, 0xff, 0x31, 0xbd, 0x4f, 0x60,
    0x2, 0x80, 0x2, 0x10, 0x7, 0xff, 0xc5, 0xc0,
    0x2, 0x80, 0x1f, 0xfc, 0xd1, 0xac, 0x27, 0xd4,
    0x33, 0x0, 0x20, 0x3, 0xff, 0xe2, 0x62, 0x0,
    0x70, 0xf, 0xfe, 0x81, 0xec, 0x15, 0xe8, 0x1,
    0xc, 0x3, 0xff, 0xe3, 0x20, 0x15, 0x0, 0x7f,
    0xf4, 0x9f, 0x4c, 0x40, 0x1e, 0x1, 0xff, 0xf1,
    0x15, 0x0, 0x19, 0x80, 0x3f, 0xfa, 0x64, 0xc0,
    0x11, 0x0, 0x7f, 0xfc, 0x60, 0x2, 0x90, 0xf,
    0xfe, 0xa1, 0x28, 0x0, 0x66, 0x0, 0x3f, 0xfd,
    0xe4, 0xc0, 0x2, 0x50, 0xf, 0xfe, 0xa5, 0x80,
    0xf, 0x91, 0xe0, 0x3, 0xff, 0xdd, 0x20, 0x14,
    0x80, 0x7f, 0xf5, 0x5, 0x80, 0x12, 0x16, 0x8e,
    0x80, 0x1f, 0xfe, 0xc5, 0x40, 0x2, 0x20, 0x3,
    0xff, 0xa9, 0x20, 0x2, 0x50, 0x5, 0x4, 0x0,
    0x7f, 0xfa, 0xc6, 0xc0, 0x29, 0x0, 0xff, 0xea,
    0xb, 0x80, 0x2c, 0x2, 0x13, 0x30, 0x7, 0xff,
    0xae, 0x84, 0x1, 0x4, 0x1, 0xff, 0xd4, 0x90,
    0x0, 0xb0, 0x6, 0x60, 0x20, 0xf, 0xff, 0x4c,
    0x20, 0x0, 0xdc, 0x3, 0xff, 0x96, 0x31, 0xd2,
    0x1, 0xe6, 0x0, 0x40, 0x7, 0xff, 0xc1, 0x1c,
    0x0, 0x3c, 0x1, 0xff, 0xca, 0x2a, 0xf1, 0xa9,
    0x0, 0xe7, 0x10, 0x16, 0x0, 0xe1, 0x2, 0x0,
    0xff, 0xf3, 0x9d, 0x80, 0x54, 0x40, 0x1f, 0xfc,
    0x99, 0xcd, 0xe9, 0x40, 0xf, 0x48, 0x2, 0x40,
    0x3c, 0xc2, 0x1, 0xff, 0xe7, 0x2d, 0x0, 0xa1,
    0x0, 0x3f, 0xf9, 0x9, 0xc5, 0xee, 0x1, 0xf9,
    0x84, 0x0, 0xe0, 0x1e, 0x25, 0x0, 0xff, 0xf3,
    0x16, 0x8, 0x1, 0x9c, 0x3, 0xff, 0x91, 0x17,
    0x36, 0x20, 0x1f, 0xd6, 0x0, 0x70, 0xf, 0x20,
    0x18, 0x7, 0xff, 0x94, 0xb0, 0x40, 0xb, 0x20,
    0x1f, 0xfc, 0x8a, 0x7b, 0x70, 0xf, 0xf2, 0x90,
    0x2, 0x40, 0x3d, 0x81, 0x60, 0x1f, 0xfe, 0x43,
    0xc1, 0x0, 0x25, 0x0, 0x7f, 0xf2, 0x29, 0x6d,
    0x0, 0x3f, 0xe9, 0x0, 0x30, 0x80, 0x79, 0x44,
    0xc0, 0x3f, 0xfc, 0x69, 0x82, 0x0, 0x4b, 0x0,
    0xff, 0xe4, 0x4a, 0xca, 0x0, 0x7f, 0xc8, 0x60,
    0x8, 0x0, 0xf1, 0x11, 0x0, 0x3f, 0xfc, 0x6f,
    0x60, 0x12, 0xd8, 0x7, 0xff, 0x21, 0x59, 0xa0,
    0xf, 0xfe, 0x7, 0x80, 0x14, 0x40, 0x3d, 0x41,
    0xc0, 0x1f, 0xfe, 0x2a, 0x80, 0x9, 0xe8, 0x3,
    0xff, 0x90, 0x36, 0x32, 0x1, 0xff, 0xc0, 0x34,
    0x0, 0x40, 0x7, 0xcc, 0x48, 0x1, 0xff, 0xe0,
    0x2d, 0x50, 0xa, 0x60, 0x3, 0xff, 0x93, 0x3,
    0x60, 0x1f, 0xfc, 0x19, 0x0, 0x29, 0x0, 0x79,
    0x6, 0x80, 0x3f, 0xfc, 0xd, 0xa4, 0x0, 0x1b,
    0x60, 0xf, 0xfe, 0x48, 0xb1, 0x28, 0x7, 0xff,
    0x0, 0x94, 0x1, 0x20, 0x1f, 0x78, 0x30, 0x7,
    0xff, 0x78, 0x6e, 0x40, 0x23, 0xf4, 0x0, 0xff,
    0xe5, 0x38, 0x50, 0x7, 0xff, 0x6, 0xc0, 0x8,
    0x60, 0x1e, 0x14, 0x51, 0x0, 0xff, 0xee, 0xb7,
    0x20, 0x5, 0x18, 0x20, 0x1f, 0xfc, 0xbc, 0x3,
    0x0, 0xff, 0xe0, 0xb, 0x0, 0x3c, 0x3, 0xe9,
    0x9, 0x0, 0xff, 0xee, 0x1e, 0x48, 0x4, 0x58,
    0xe0, 0x1f, 0xfc, 0xd1, 0x5, 0x0, 0xff, 0xe0,
    0x48, 0x0, 0xd0, 0x3, 0xe7, 0x33, 0x0, 0x7f,
    0xf6, 0x86, 0x70, 0xc0, 0x27, 0xd3, 0x0, 0xff,
    0xe7, 0x38, 0x18, 0x7, 0xff, 0x1, 0x80, 0x10,
    0x1, 0xf3, 0x84, 0x80, 0x7f, 0xf6, 0xa3, 0x98,
    0x2, 0x3d, 0x80, 0xf, 0xfe, 0x82, 0x83, 0x0,
    0x7f, 0xcc, 0x20, 0x48, 0x1, 0xf4, 0x92, 0x80,
    0x7f, 0xf6, 0x1f, 0x9c, 0x2, 0x2a, 0xc2, 0x0,
    0xff, 0xe8, 0xe0, 0x68, 0x7, 0xfd, 0x60, 0x8,
    0x0, 0xf9, 0x86, 0x0, 0x3f, 0xfa, 0xc3, 0x1d,
    0x2, 0x0, 0x19, 0xd5, 0x0, 0xff, 0xe9, 0xa8,
    0xb2, 0x0, 0x7f, 0x29, 0x1, 0x28, 0x7, 0xd0,
    0x4a, 0x1, 0xff, 0xd4, 0x29, 0xe7, 0x10, 0x0,
    0xc7, 0x30, 0x7, 0xff, 0x5a, 0x82, 0xd4, 0x3,
    0xf4, 0x80, 0x2c, 0x3, 0xe6, 0x18, 0x0, 0xff,
    0xe9, 0xa5, 0xeb, 0x0, 0x45, 0x3c, 0xe0, 0x1f,
    0xfd, 0x84, 0xa0, 0xa9, 0x0, 0xf2, 0x18, 0xb,
    0x0, 0x7d, 0x4, 0xa0, 0x1f, 0xfd, 0x2, 0x8e,
    0xb4, 0x0, 0x8e, 0xb5, 0x80, 0x3f, 0xfb, 0x6b,
    0x86, 0xdc, 0xa0, 0x1b, 0xc0, 0x12, 0x1, 0xf3,
    0xc, 0x0, 0x7f, 0xf3, 0x89, 0xf3, 0x5c, 0x40,
    0x26, 0xdc, 0x50, 0xf, 0xfe, 0xf1, 0xe4, 0xd,
    0x6b, 0x1, 0xa0, 0x1, 0xc0, 0x3e, 0x83, 0x50,
    0xf, 0xfe, 0x59, 0xc6, 0xea, 0xc, 0x2, 0x4a,
    0xf9, 0x20, 0xf, 0xff, 0x13, 0xea, 0x94, 0xf7,
    0x0, 0xe, 0x1, 0xf3, 0x8f, 0x80, 0x7f, 0xf2,
    0x9, 0xab, 0xb1, 0xc8, 0x2, 0x49, 0xeb, 0x50,
    0xf, 0xff, 0x31, 0x57, 0x38, 0x10, 0x0, 0x50,
    0x3, 0x86, 0x14, 0xc0, 0x3f, 0xf8, 0x62, 0x91,
    0x7d, 0xb2, 0xa2, 0x0, 0x16, 0xaf, 0xb6, 0x10,
    0xf, 0xff, 0x50, 0xc4, 0x80, 0x4d, 0x7f, 0xb4,
    0xeb, 0x1, 0x20, 0x1f, 0x84, 0x91, 0xa2, 0xb3,
    0xfa, 0xdd, 0x4, 0x0, 0x4b, 0x3b, 0xd2, 0xa0,
    0x1f, 0xff, 0x9, 0x0, 0x65, 0xba, 0x12, 0xc5,
    0x30, 0x67, 0xfb, 0xba, 0xff, 0xbb, 0x6e, 0x5d,
    0x4c, 0x2, 0x25, 0x8b, 0xed, 0xa6, 0x20, 0xf,
    0xff, 0x93, 0x8, 0x21, 0xa4, 0x5f, 0xf5, 0x90,
    0x10, 0x80, 0x4, 0x60, 0x8, 0x48, 0xd1, 0x5e,
    0x6f, 0x7f, 0x69, 0xd0, 0x40, 0x3f, 0xfe, 0xd6,
    0x0, 0x80, 0xe, 0x17, 0x27, 0xde, 0xff, 0xfd,
    0xdb, 0x97, 0x50, 0xc8, 0x40, 0x1f, 0xff, 0xb4,
    0x20, 0x33, 0x0, 0x7b, 0xc6, 0x0, 0x3f, 0xff,
    0xe0, 0x1f, 0xfc, 0x3f, 0x0, 0x48, 0x7, 0x98,
    0xec, 0x3, 0xff, 0xfe, 0x1, 0xff, 0xc3, 0x24,
    0x2, 0x50, 0xe, 0x18, 0x45, 0x0, 0xff, 0xff,
    0x80, 0x7f, 0xf0, 0xe0, 0x1, 0x60, 0x1e, 0x81,
    0x90, 0xf, 0xff, 0xf8, 0x7, 0xff, 0xc, 0x54,
    0x5, 0x80, 0x38, 0x99, 0xc8, 0x3, 0xff, 0xfe,
    0x1, 0xff, 0xc3, 0x90, 0x4, 0x80, 0x7b, 0x86,
    0x0, 0x3f, 0xff, 0xe0, 0x1f, 0xfc, 0x46, 0x0,
    0x30, 0x7, 0x29, 0xd8, 0x7, 0xff, 0xfc, 0x3,
    0xff, 0x88, 0xc2, 0xc, 0x20, 0x1d, 0x68, 0xa0,
    0x1f, 0xff, 0xf0, 0xf, 0xfe, 0x25, 0x80, 0x2c,
    0x3, 0xa0, 0x64, 0x3, 0xff, 0xfe, 0x1, 0xff,
    0xc4, 0x42, 0x5, 0x20, 0xc, 0x4e, 0xe2, 0x0,
    0xff, 0xff, 0x80, 0x7f, 0xf1, 0x38, 0x1, 0x20,
    0x1d, 0xc5, 0x0, 0x1f, 0xff, 0xf0, 0xf, 0xfe,
    0x20, 0xa8, 0x19, 0x80, 0x33, 0x1c, 0x80, 0x7f,
    0xff, 0xc0, 0x3f, 0xf8, 0xb2, 0x0, 0x90, 0xc,
    0x30, 0xa8, 0x1, 0xff, 0xff, 0x0, 0xff, 0xe2,
    0xb0, 0xa, 0x80, 0x6b, 0xb, 0x0, 0xff, 0xff,
    0x80, 0x7f, 0xf1, 0x54, 0x42, 0x40, 0x32, 0xaa,
    0x4, 0x3, 0xff, 0xfe, 0x1, 0xff, 0xc5, 0x90,
    0x3, 0x0, 0x43, 0x66, 0xc0, 0x1f, 0xff, 0xf0,
    0xf, 0xfe, 0x29, 0x98, 0x18, 0x40, 0x28, 0x1e,
    0x0, 0xff, 0xff, 0x80, 0x7f, 0xf1, 0xa8, 0x1,
    0x60, 0x12, 0x34, 0x10, 0x7, 0xff, 0xfc, 0x3,
    0xff, 0x8c, 0xc0, 0x64, 0x1, 0x51, 0x38, 0x7,
    0xff, 0xfc, 0x3, 0xff, 0x8c, 0xc0, 0x9, 0x0,
    0xa4, 0x78, 0x3, 0xff, 0xfe, 0x1, 0xff, 0xc7,
    0xa0, 0x15, 0x0, 0x23, 0x30, 0xc0, 0x3f, 0xff,
    0xe0, 0x1f, 0xfc, 0x62, 0x30, 0x60, 0x0, 0xd0,
    0xc8, 0x7, 0xff, 0xfc, 0x3, 0xff, 0x8f, 0x60,
    0x9, 0x0, 0x58, 0xd0, 0x7, 0xff, 0xfc, 0x3,
    0xff, 0x90, 0xe0, 0x82, 0xa, 0xb2, 0x0, 0x7f,
    0xff, 0xc0, 0x3f, 0xf8, 0xe8, 0x21, 0xc0, 0x36,
    0x36, 0x1, 0xff, 0xff, 0x0, 0xff, 0xe4, 0x70,
    0xa, 0x85, 0xc, 0x8, 0x7, 0xff, 0xfc, 0x3,
    0xff, 0x90, 0xa0, 0xe0, 0xe8, 0x6c, 0x1, 0xff,
    0xff, 0x0, 0xff, 0xe4, 0x28, 0x2, 0x8e, 0x3,
    0x80, 0x3f, 0xff, 0xe0, 0x1f, 0xfc, 0x9f, 0x2,
    0x27, 0x4, 0x10, 0x7, 0xff, 0xfc, 0x3, 0xff,
    0x92, 0x80, 0xb6, 0x44, 0x70, 0xf, 0xff, 0xf8,
    0x7, 0xff, 0x24, 0x84, 0xd, 0x43, 0x80, 0x3f,
    0xff, 0xe0, 0x1f, 0xfc, 0xa4, 0x0, 0x20, 0x31,
    0x80, 0x7f, 0xff, 0xc0, 0x3f, 0xf9, 0x5c, 0x1,
    0xc, 0x0, 0x7f, 0xff, 0xc0, 0x3f, 0xf9, 0x62,
    0x1, 0x58, 0x80, 0x7f, 0xff, 0xc0, 0x3f, 0xf9,
    0x7e, 0x0, 0x75, 0x0, 0xff, 0xff, 0x80, 0x7f,
    0xf3, 0x1a, 0x6e, 0x0, 0x3f, 0xff, 0xe0, 0x1f,
    0xfc, 0xd0,

    /* U+0051 "Q" */
    0x0, 0xff, 0xf0, 0x23, 0xd6, 0x77, 0xfd, 0xd9,
    0x2a, 0x20, 0x1f, 0xfe, 0x95, 0xaf, 0xb8, 0x53,
    0x10, 0x8, 0x4d, 0xab, 0xa8, 0xc0, 0x3f, 0xfc,
    0x83, 0x1d, 0x4a, 0x1, 0x84, 0xd1, 0x50, 0xc4,
    0x2, 0x5c, 0x90, 0xf, 0xff, 0x9, 0x57, 0x38,
    0x80, 0x9, 0xaf, 0xb9, 0x97, 0x57, 0x9d, 0xc9,
    0x30, 0x3, 0x60, 0x80, 0x7f, 0xf7, 0xa3, 0x54,
    0x2, 0x6c, 0xd9, 0x41, 0x0, 0xf8, 0x5b, 0x30,
    0x40, 0x78, 0x20, 0x1f, 0xfd, 0xb5, 0xe7, 0x0,
    0x9f, 0xa4, 0xc0, 0x3f, 0xf8, 0x47, 0xaa, 0x5,
    0xa0, 0x1f, 0xfd, 0xaa, 0xa0, 0x80, 0x17, 0xa0,
    0x40, 0x3f, 0xf8, 0xd4, 0xc0, 0x72, 0x1, 0xff,
    0xd7, 0x3d, 0x50, 0x1, 0x65, 0x8, 0x7, 0xff,
    0x26, 0x54, 0x18, 0xc0, 0x3f, 0xfa, 0xaf, 0x84,
    0x0, 0x7d, 0x30, 0xf, 0xfe, 0x65, 0x8, 0x78,
    0x7, 0xff, 0x52, 0x60, 0x0, 0x37, 0x0, 0x1f,
    0xfc, 0xfa, 0x3, 0x40, 0xf, 0xfe, 0x95, 0xb0,
    0x0, 0xfd, 0x0, 0x3f, 0xfa, 0x8, 0x80, 0x80,
    0xf, 0xfe, 0x80, 0xe2, 0x0, 0x17, 0x4, 0x3,
    0xff, 0xa5, 0x0, 0x64, 0x1, 0xff, 0xce, 0x1c,
    0x30, 0x3, 0xd0, 0x7, 0xff, 0x50, 0xc8, 0x28,
    0x3, 0xff, 0x9a, 0x38, 0x40, 0x9, 0x80, 0xf,
    0xfe, 0xb5, 0x2, 0x80, 0x7f, 0xf3, 0x7, 0x48,
    0x1, 0x2c, 0x1, 0xff, 0xd7, 0x50, 0x21, 0x0,
    0xff, 0xe5, 0xe9, 0x80, 0x25, 0x80, 0x3f, 0xfb,
    0x4, 0x40, 0x40, 0xf, 0xfe, 0x55, 0x98, 0x2,
    0x18, 0x3, 0xff, 0xb4, 0x81, 0xa0, 0x1f, 0xfc,
    0x98, 0x40, 0x3, 0x38, 0x7, 0xff, 0x6f, 0xc0,
    0xc0, 0x3f, 0xf9, 0xa, 0xe0, 0x5, 0x90, 0xf,
    0xfe, 0xe2, 0x82, 0x80, 0x7f, 0xf1, 0xca, 0x80,
    0x5, 0x40, 0x1f, 0xfd, 0xd3, 0x1, 0x0, 0xff,
    0xe3, 0xf8, 0x5, 0xe0, 0x1f, 0xfd, 0xf1, 0x1,
    0x0, 0xff, 0xe2, 0xc9, 0x0, 0x28, 0x80, 0x3f,
    0xfb, 0xe6, 0x4, 0x1, 0xff, 0xc4, 0x46, 0x0,
    0x32, 0x80, 0x7f, 0xf8, 0x18, 0x1c, 0x3, 0xff,
    0x86, 0x34, 0x0, 0x39, 0x0, 0xff, 0xf0, 0x88,
    0x8, 0x7, 0xff, 0xe, 0x84, 0x1, 0xc0, 0x1f,
    0x97, 0x3f, 0xd4, 0x1, 0xff, 0xe6, 0x54, 0x0,
    0x39, 0x0, 0x78, 0xf2, 0x8c, 0x0, 0xa8, 0x1,
    0xff, 0xd4, 0x30, 0xf, 0xfe, 0x24, 0x0, 0xa,
    0x0, 0x3c, 0xf8, 0x60, 0x2, 0x0, 0x18, 0x7,
    0xff, 0x92, 0x8, 0x1, 0x20, 0x1e, 0xa8, 0x0,
    0xa7, 0x40, 0x4, 0x1, 0xff, 0xd4, 0x30, 0x10,
    0xf, 0xfe, 0x1, 0x38, 0x1, 0x90, 0x3, 0xb1,
    0x40, 0x3, 0x8c, 0x6, 0x8, 0x1, 0xff, 0xe3,
    0x80, 0xa, 0x0, 0x3a, 0xcc, 0x0, 0x58, 0x60,
    0xb, 0x91, 0x0, 0xff, 0xea, 0x8, 0x38, 0x7,
    0xfc, 0x4a, 0x0, 0x81, 0x0, 0xd4, 0x80, 0x2,
    0xc2, 0x0, 0x9d, 0x80, 0x3f, 0xfa, 0xae, 0x2,
    0x1, 0xff, 0x40, 0x0, 0x5c, 0x3, 0x42, 0x80,
    0xb, 0x4, 0x3, 0xff, 0xb6, 0x20, 0x40, 0x1f,
    0xe2, 0x50, 0x4, 0x80, 0x65, 0x70, 0x0, 0xf8,
    0x80, 0x7f, 0xf7, 0x8, 0x3, 0xff, 0x81, 0x0,
    0x1, 0x70, 0x8, 0xa8, 0x2, 0xa2, 0x0, 0xff,
    0xef, 0x10, 0x7, 0xf8, 0x54, 0x1, 0x20, 0x1b,
    0xc0, 0x29, 0x40, 0xf, 0xfe, 0xe9, 0x3, 0x0,
    0x7f, 0x98, 0x2, 0x60, 0xa, 0x88, 0x0, 0xcc,
    0x0, 0xff, 0xef, 0x30, 0x18, 0x7, 0xfa, 0x80,
    0xc, 0x20, 0x4, 0x50, 0x1, 0x48, 0x7, 0xff,
    0x7c, 0xc3, 0x80, 0x3f, 0x90, 0x80, 0x14, 0x0,
    0x1a, 0x0, 0xb8, 0x3, 0xff, 0xc1, 0xc0, 0xa0,
    0x1f, 0xdc, 0x0, 0x23, 0x0, 0x58, 0x80, 0x20,
    0xc0, 0x3f, 0xfc, 0xa, 0x6, 0x1, 0xfc, 0xa0,
    0xa, 0x0, 0x22, 0x80, 0xd, 0xc0, 0x3f, 0xfc,
    0x26, 0x40, 0x1f, 0xca, 0x1, 0x30, 0x2, 0x40,
    0x2e, 0x0, 0xff, 0xf0, 0x90, 0x38, 0x7, 0xf6,
    0x0, 0xc, 0x41, 0xc8, 0x0, 0xe4, 0x1, 0xff,
    0xe1, 0x70, 0xd0, 0xf, 0xe7, 0x0, 0x58, 0xc,
    0x0, 0x6, 0x0, 0x3f, 0xfc, 0x58, 0x8, 0x1,
    0xf8, 0x84, 0x0, 0x81, 0x0, 0x15, 0x0, 0x7f,
    0xf8, 0xd0, 0xc, 0x3, 0xf2, 0x0, 0x46, 0x4c,
    0x0, 0x34, 0x0, 0xff, 0xf1, 0x92, 0x0, 0x7f,
    0x78, 0x1, 0x2, 0x0, 0x2f, 0x0, 0xff, 0xf1,
    0xa8, 0x60, 0x7, 0xf2, 0x80, 0xc, 0x94, 0x0,
    0xa6, 0x1, 0xff, 0xe3, 0xc0, 0x40, 0xf, 0xe3,
    0x0, 0x6c, 0x0, 0x50, 0x1, 0xff, 0xe4, 0x41,
    0x30, 0xf, 0xc2, 0x1, 0x94, 0x0, 0xc4, 0x1,
    0xff, 0xe3, 0x22, 0x20, 0x7, 0xf1, 0x0, 0x5e,
    0x1, 0x58, 0x7, 0xff, 0x91, 0x43, 0xc0, 0x3f,
    0x9c, 0x2, 0x50, 0x2, 0x90, 0x7, 0xff, 0x92,
    0xc1, 0x0, 0x3f, 0x84, 0x3, 0xd0, 0x1, 0xff,
    0xe4, 0x13, 0x41, 0x0, 0xfe, 0x30, 0xe, 0x52,
    0x0, 0xff, 0xf2, 0x38, 0x68, 0x7, 0xff, 0x12,
    0x40, 0x3f, 0xfc, 0xb4, 0xe, 0x1, 0xfe, 0x30,
    0xc, 0x46, 0x1, 0xff, 0xe4, 0x13, 0x51, 0x0,
    0xff, 0xe1, 0xd8, 0x7, 0xff, 0x95, 0x83, 0x80,
    0x3f, 0xe6, 0x0, 0xcc, 0x1, 0xff, 0xe5, 0xa1,
    0x40, 0xf, 0xf8, 0x80, 0x26, 0x0, 0xff, 0xf2,
    0xa1, 0x30, 0x7, 0xff, 0x1, 0x40, 0x2f, 0x0,
    0xff, 0xf2, 0xf0, 0x50, 0x7, 0xff, 0x3, 0x80,
    0x2f, 0x0, 0xff, 0xf2, 0xa, 0xa1, 0x0, 0x7f,
    0xf0, 0x14, 0x2, 0x40, 0xf, 0xff, 0x24, 0x83,
    0x80, 0x7f, 0xf0, 0x10, 0x3, 0x11, 0x0, 0x3f,
    0xfc, 0x6c, 0x8, 0x1, 0xff, 0xc0, 0xe0, 0xe,
    0xb0, 0xf, 0xff, 0x8, 0xd8, 0xc4, 0x0, 0x3f,
    0xf8, 0x8, 0x0, 0x30, 0x3, 0x8, 0x7, 0xff,
    0x7d, 0x7d, 0x5, 0xc0, 0x3f, 0xf8, 0x6, 0x20,
    0xe, 0x20, 0x4, 0x0, 0x7f, 0xf7, 0x46, 0xa8,
    0x21, 0x0, 0x1f, 0xfc, 0x14, 0x0, 0x11, 0x20,
    0x0, 0xc6, 0x1, 0xff, 0xdb, 0x5f, 0x58, 0x11,
    0x30, 0x7, 0xff, 0x6, 0xc0, 0xa, 0xa, 0x60,
    0xd, 0x0, 0xff, 0xec, 0x96, 0x51, 0xe8, 0x8a,
    0x40, 0x3f, 0xf8, 0x46, 0x0, 0xc0, 0x7, 0x0,
    0x6, 0xc0, 0x3f, 0xfa, 0xc3, 0x3a, 0x6f, 0xa5,
    0x2, 0xe0, 0x1f, 0xfc, 0x14, 0x0, 0x90, 0x0,
    0x54, 0x0, 0x4a, 0x0, 0xff, 0xe9, 0x8c, 0x73,
    0x1e, 0xc0, 0x30, 0xc0, 0x7, 0xff, 0x8, 0xc0,
    0x6, 0x1, 0x96, 0x40, 0xb, 0x60, 0x1f, 0xfd,
    0x1, 0x7f, 0x71, 0xac, 0x20, 0x4, 0x13, 0x0,
    0x7f, 0xf0, 0xb0, 0x0, 0x80, 0x1c, 0xd2, 0x0,
    0x4e, 0x40, 0xf, 0xfe, 0x61, 0xd7, 0x40, 0xbf,
    0x28, 0x5, 0x3, 0x0, 0x1f, 0xfc, 0x35, 0x0,
    0x60, 0x7, 0x9a, 0x80, 0x3, 0x72, 0x20, 0x1f,
    0xfc, 0x71, 0x6c, 0xc2, 0x83, 0xf4, 0x0, 0x62,
    0x73, 0x50, 0xf, 0xfe, 0x11, 0x8, 0x1, 0x40,
    0x3e, 0x5d, 0x30, 0x3, 0x75, 0x18, 0x7, 0xff,
    0x8, 0x5a, 0xfa, 0x4c, 0x5f, 0xa0, 0x40, 0x3a,
    0x43, 0xc0, 0x3f, 0xf8, 0x6c, 0x0, 0x11, 0x0,
    0x7e, 0x2c, 0x91, 0x0, 0x2e, 0x6c, 0xb1, 0x88,
    0x4, 0x24, 0x8f, 0x5b, 0xd2, 0x80, 0x75, 0xd0,
    0x20, 0x1e, 0x44, 0x29, 0x80, 0x7f, 0xf0, 0xc8,
    0x0, 0xa0, 0x1f, 0xf3, 0x74, 0x10, 0x0, 0x9a,
    0x73, 0xbf, 0xee, 0xdb, 0x85, 0x20, 0x28, 0xdc,
    0x50, 0xf, 0xea, 0xb, 0x0, 0xff, 0xe2, 0x78,
    0x0, 0x80, 0x3f, 0xf8, 0x2f, 0xb8, 0xe6, 0x1,
    0xfe, 0x15, 0x9d, 0xd3, 0x90, 0x7, 0xfa, 0x6,
    0x4, 0x3, 0xff, 0x88, 0x40, 0xf, 0x0, 0xff,
    0xe1, 0x9c, 0x67, 0xed, 0xd4, 0xcd, 0x79, 0xdc,
    0xa6, 0x20, 0xf, 0xfe, 0x1, 0xb9, 0xb8, 0x7,
    0xff, 0x15, 0x80, 0x6, 0x1, 0xff, 0xc7, 0x24,
    0x56, 0x69, 0xc, 0x40, 0x3f, 0xf8, 0x9c, 0x1e,
    0x1, 0xff, 0xc6, 0x30, 0x3, 0x0, 0x7f, 0xf7,
    0xe0, 0x9c, 0xc0, 0x3f, 0xf8, 0xc2, 0x0, 0x10,
    0xf, 0xfe, 0xf1, 0xb9, 0x40, 0x7, 0xff, 0x28,
    0x80, 0x3f, 0xfb, 0xda, 0x1c, 0x1, 0xff, 0xc7,
    0x10, 0xf, 0xff, 0xd, 0xc, 0x18, 0x7, 0xff,
    0xd1, 0x95, 0x1c, 0x3, 0xff, 0x90, 0x20, 0x1f,
    0xfd, 0xf3, 0x91, 0xa0, 0xf, 0xff, 0xa0, 0xe8,
    0x50, 0x80, 0x7f, 0xf3, 0x44, 0x3, 0xff, 0xb5,
    0x42, 0xe8, 0x1, 0xff, 0xcb, 0x10, 0x1, 0x80,
    0x7f, 0xf6, 0x65, 0x16, 0x0, 0x3f, 0xf9, 0x84,
    0x0, 0x60, 0xf, 0xfe, 0xc3, 0xb1, 0x50, 0x7,
    0xff, 0x35, 0x80, 0x6, 0x1, 0xff, 0xd7, 0x58,
    0x1c, 0x0, 0xff, 0xe7, 0x68, 0x3, 0x40, 0x3f,
    0xfa, 0xc9, 0x41, 0xa2, 0x1, 0xff, 0xce, 0x40,
    0x3, 0x80, 0x7f, 0xf5, 0x52, 0xc2, 0x8c, 0x3,
    0xff, 0x9e, 0x62, 0x4, 0x40, 0xf, 0xfe, 0x49,
    0x10, 0x3, 0xf1, 0xd8, 0x4a, 0x80, 0x7f, 0xf4,
    0x5c, 0x0, 0xa0, 0x1f, 0xfc, 0x86, 0xdd, 0x18,
    0x7, 0x8f, 0x2, 0x18, 0x3, 0xff, 0xa5, 0x40,
    0xa, 0x0, 0xff, 0xe4, 0x68, 0x0, 0x40, 0x39,
    0x30, 0x1d, 0xc0, 0x1f, 0xfd, 0x33, 0x30, 0x12,
    0x0, 0x7f, 0xf1, 0xd8, 0x0, 0x40, 0x19, 0x6c,
    0x1e, 0x0, 0x3f, 0xfa, 0xbe, 0x0, 0x90, 0xf,
    0xfe, 0x39, 0x81, 0x80, 0x66, 0xa0, 0x78, 0x0,
    0xff, 0xeb, 0x1a, 0x1, 0x40, 0x7, 0xff, 0x21,
    0xc0, 0x28, 0x90, 0x88, 0x0, 0x7f, 0xf6, 0x28,
    0x41, 0xd0, 0x3, 0xff, 0x8a, 0x60, 0x10, 0xdb,
    0x84, 0x38, 0x7, 0xff, 0x64, 0x6c, 0x1, 0x68,
    0x1, 0xff, 0xc4, 0x60, 0x75, 0xf4, 0x1b, 0x70,
    0xf, 0xfe, 0xda, 0xc8, 0x2, 0xdc, 0x3, 0xff,
    0x86, 0x40, 0x74, 0x27, 0x88, 0x1, 0xff, 0xdd,
    0x68, 0x0, 0x46, 0x20, 0x7, 0xfc, 0x2c, 0x80,
    0x14, 0xe1, 0x0, 0x7f, 0xf7, 0xde, 0xc4, 0xe,
    0xf6, 0x10, 0x80, 0x2, 0x4b, 0x19, 0xd2, 0x40,
    0x9, 0x60, 0xf, 0xff, 0x12, 0x7b, 0x80, 0x9,
    0xef, 0x7f, 0xdd, 0xb4, 0xe6, 0x2, 0xe6, 0x1a,
    0x1, 0xff, 0xe4, 0x18, 0xe9, 0x40, 0xf, 0xc6,
    0xf7, 0xd1, 0x0, 0x41, 0x0, 0xff, 0xf2, 0x8b,
    0x5f, 0xee, 0x5d, 0xb3, 0x7f, 0x21, 0x0, 0x8,
    0x41, 0x20, 0x1f, 0xfe, 0x92, 0x34, 0x41, 0x90,
    0x7, 0xd0, 0xe, 0x40, 0x1f, 0xff, 0x55, 0x40,
    0x90, 0xf, 0xff, 0xb5, 0x2, 0x38, 0x7, 0xff,
    0xd4, 0x6c, 0x21, 0x0, 0x3f, 0xfe, 0xa9, 0x41,
    0x68, 0x1, 0xff, 0xf5, 0x59, 0xb, 0x50, 0xf,
    0xff, 0xab, 0x58, 0x54, 0x80, 0x7f, 0xfd, 0x53,
    0x4d, 0xb5, 0x0, 0x3f, 0xfe, 0x85, 0x92, 0x57,
    0x8a, 0x1, 0xff, 0x14, 0x10, 0x7, 0xff, 0x99,
    0xba, 0xa, 0xba, 0x99, 0x8, 0x48, 0xd6, 0x33,
    0x44, 0xc0, 0x3f, 0xfc, 0xe2, 0xfd, 0x6e, 0xe9,
    0xbd, 0xed, 0xca, 0x4b, 0xe9, 0x10, 0xf, 0xff,
    0x52, 0x4e, 0xfe, 0xe5, 0xe6, 0xfe, 0x38, 0x80,
    0x7f, 0xf1, 0x0,

    /* U+0052 "R" */
    0x0, 0xff, 0xff, 0x80, 0x7f, 0xfe, 0xc9, 0x1a,
    0x26, 0xf3, 0x7b, 0xff, 0xee, 0xe6, 0xe5, 0xcb,
    0xb2, 0x10, 0x7, 0xff, 0xec, 0x52, 0x2b, 0x7f,
    0x6e, 0x5d, 0x90, 0xc8, 0x40, 0x3e, 0x11, 0x11,
    0xa3, 0x44, 0xde, 0xfe, 0x4b, 0x18, 0x7, 0xff,
    0xc8, 0x5a, 0xb7, 0xad, 0xd4, 0x80, 0x4d, 0x5e,
    0x2a, 0xf7, 0x5d, 0xcf, 0xfd, 0xdc, 0xdc, 0xb9,
    0x86, 0x43, 0x0, 0x1b, 0x4e, 0x7e, 0x41, 0x80,
    0x7f, 0xfa, 0xce, 0x33, 0xa5, 0x48, 0x9, 0xa7,
    0x3b, 0x99, 0x50, 0xea, 0x84, 0x41, 0x10, 0x6,
    0x11, 0x11, 0xa3, 0x3c, 0xde, 0x7e, 0xd3, 0xa0,
    0x81, 0xbe, 0x75, 0x28, 0x7, 0xff, 0x94, 0x5f,
    0x71, 0xcc, 0xe, 0x33, 0xf6, 0x58, 0xc4, 0x3,
    0xff, 0x9c, 0x4b, 0x17, 0xd8, 0xe6, 0x2, 0xb5,
    0xf4, 0x80, 0x1f, 0xfe, 0x5, 0xbe, 0x82, 0x16,
    0xae, 0xc7, 0x30, 0xf, 0xfe, 0xc9, 0xc6, 0x74,
    0x98, 0x1, 0x6f, 0x58, 0x3, 0xff, 0xb8, 0xbb,
    0x48, 0x9, 0x5d, 0x2a, 0x20, 0x1f, 0xfc, 0x5,
    0x40, 0xf, 0xfe, 0x88, 0xb6, 0x6b, 0x8, 0x14,
    0xf3, 0x0, 0x7f, 0xf6, 0x17, 0x68, 0x86, 0x3a,
    0xd4, 0x3, 0xff, 0x87, 0x35, 0x60, 0x1f, 0xfd,
    0x42, 0x9e, 0x81, 0x1, 0x9d, 0x40, 0xf, 0xfe,
    0xa0, 0xdd, 0x11, 0x2b, 0x9c, 0x40, 0x3f, 0xf8,
    0x86, 0xc0, 0x40, 0x1f, 0xfd, 0x77, 0xe7, 0x0,
    0x15, 0xd0, 0x80, 0x7f, 0xf4, 0x5b, 0x90, 0x6b,
    0x54, 0x3, 0xff, 0x8f, 0x0, 0x5, 0x0, 0xff,
    0xec, 0xc7, 0x28, 0x1, 0x7d, 0x0, 0x3f, 0xf9,
    0xc3, 0x72, 0xf, 0xca, 0x1, 0xff, 0xc8, 0x34,
    0x0, 0x48, 0x7, 0xff, 0x68, 0x6a, 0x82, 0x3,
    0x6e, 0x1, 0xff, 0xcc, 0x2c, 0x42, 0xc8, 0x0,
    0xff, 0xe5, 0x40, 0x1, 0x84, 0x3, 0xff, 0xb8,
    0xbe, 0x60, 0x8, 0xa0, 0xf, 0xfe, 0x51, 0x61,
    0x2e, 0x98, 0x7, 0xff, 0x28, 0xd0, 0x1, 0x0,
    0x1f, 0xfd, 0xe1, 0xc4, 0x0, 0x2d, 0x0, 0x7f,
    0xf2, 0x7, 0x5, 0xe8, 0x3, 0xff, 0x99, 0x0,
    0x6, 0x10, 0xf, 0xff, 0x5, 0xa0, 0x1, 0x68,
    0x3, 0xff, 0x8f, 0xa2, 0xf0, 0x1, 0xff, 0xcc,
    0x34, 0x0, 0x58, 0x7, 0xff, 0x8a, 0xcc, 0x0,
    0xae, 0x1, 0xff, 0xc5, 0x93, 0x58, 0x0, 0xff,
    0xe6, 0xc8, 0x1, 0x48, 0x3, 0xff, 0xc7, 0xa2,
    0x0, 0x83, 0x0, 0xff, 0xe1, 0x9b, 0x15, 0x0,
    0x7f, 0xf3, 0x49, 0x40, 0x10, 0x1, 0xff, 0xe4,
    0x1a, 0x0, 0xb8, 0x3, 0xff, 0x87, 0x1, 0xc0,
    0x1f, 0xfc, 0xe8, 0x0, 0x21, 0x0, 0x7f, 0xf9,
    0x51, 0x80, 0x4, 0xe0, 0x1f, 0xfc, 0x13, 0x44,
    0x18, 0x7, 0xff, 0x34, 0x94, 0x1, 0x0, 0x1f,
    0xfe, 0x78, 0x0, 0xa0, 0x40, 0x3f, 0xf8, 0x16,
    0x1e, 0x1, 0xff, 0xce, 0x80, 0x2, 0x18, 0x7,
    0xff, 0x9c, 0x58, 0x2, 0x60, 0xf, 0xfe, 0x2,
    0x82, 0x0, 0x7f, 0xf3, 0x49, 0x40, 0x1e, 0x1,
    0xff, 0xe9, 0xb0, 0xa, 0x80, 0x3f, 0xf8, 0x4,
    0x80, 0x1f, 0xfc, 0xe8, 0x0, 0x1a, 0x0, 0x7f,
    0xfa, 0x48, 0xc0, 0x4, 0x60, 0x1f, 0xe2, 0x1,
    0x0, 0xff, 0xe6, 0x92, 0x80, 0x20, 0x3, 0xff,
    0xd7, 0x60, 0x12, 0x0, 0x7f, 0x8c, 0x4, 0x3,
    0xff, 0x9b, 0x60, 0x3, 0x40, 0xf, 0xff, 0x5a,
    0x80, 0x56, 0x1, 0xfe, 0x13, 0x41, 0x0, 0xff,
    0xe5, 0x8b, 0x0, 0x24, 0x3, 0xff, 0xd8, 0x40,
    0x11, 0x80, 0x7f, 0xd2, 0x10, 0x1, 0xff, 0xcb,
    0x80, 0x1, 0x28, 0x7, 0xff, 0xb4, 0x80, 0x21,
    0x0, 0xff, 0x2a, 0x33, 0x0, 0x3f, 0xf9, 0x22,
    0xc0, 0x8, 0x0, 0xff, 0xf7, 0x30, 0x4, 0x40,
    0x1f, 0xf5, 0x14, 0xa8, 0x7, 0xff, 0x22, 0x0,
    0x4, 0xa0, 0x1f, 0xfe, 0xe1, 0x0, 0xff, 0xe1,
    0x8f, 0x8d, 0x38, 0x7, 0xff, 0x18, 0x58, 0x1,
    0x0, 0x1f, 0xfe, 0xf3, 0x0, 0xff, 0xe2, 0x17,
    0x94, 0x50, 0x7, 0xff, 0x16, 0x40, 0x4, 0xa0,
    0x1f, 0xfe, 0xf3, 0x0, 0xff, 0xe2, 0x8e, 0xaa,
    0xb4, 0xc0, 0x3f, 0xf8, 0x42, 0xe0, 0xb, 0x0,
    0xff, 0xf8, 0x8, 0x4, 0x40, 0x1f, 0xfc, 0x3a,
    0x92, 0xc9, 0x0, 0xff, 0xe0, 0xc8, 0x0, 0x58,
    0x3, 0xff, 0xe0, 0xe0, 0x10, 0x80, 0x7f, 0xf1,
    0x1b, 0x95, 0xb9, 0x40, 0x3f, 0xe6, 0x0, 0x40,
    0x7, 0xff, 0xc4, 0xc0, 0x4, 0x1, 0xff, 0xc6,
    0x1a, 0xa0, 0x56, 0x18, 0x7, 0xe7, 0x10, 0x16,
    0x0, 0xff, 0xf8, 0x8, 0x4, 0xe0, 0x1f, 0xfc,
    0x85, 0xf6, 0x3c, 0x91, 0x0, 0xf4, 0x80, 0x24,
    0x3, 0xff, 0xe2, 0xa0, 0x16, 0x0, 0x7f, 0xf2,
    0x46, 0x75, 0x1b, 0x9c, 0x3, 0x30, 0x80, 0xb8,
    0x7, 0xff, 0xc7, 0x0, 0x24, 0x0, 0xff, 0xe5,
    0x95, 0xd1, 0x47, 0x28, 0x2, 0x0, 0xc, 0x1,
    0xff, 0xf2, 0x50, 0x0, 0x90, 0x7, 0xff, 0x35,
    0x76, 0x6, 0xae, 0x4, 0x1, 0x20, 0x1f, 0xff,
    0x12, 0x20, 0x1, 0xc0, 0x3f, 0xfa, 0xf, 0xcc,
    0x8e, 0x0, 0x71, 0x0, 0xff, 0xf8, 0xd0, 0x5,
    0x40, 0x1f, 0xfd, 0x11, 0x98, 0x0, 0xac, 0x3,
    0xff, 0xe4, 0xc0, 0x2, 0x30, 0xf, 0xfe, 0x9d,
    0x0, 0x58, 0x80, 0x1f, 0xff, 0x6, 0x10, 0x5,
    0x80, 0x7f, 0xf4, 0xd4, 0x80, 0x14, 0x36, 0xa0,
    0x1f, 0xfe, 0xfb, 0x0, 0xb, 0x0, 0x7f, 0xf4,
    0xe4, 0x0, 0xcb, 0xe5, 0x48, 0x1, 0xff, 0xed,
    0x62, 0x0, 0x48, 0x7, 0xff, 0x4d, 0xc, 0x1,
    0x60, 0x3e, 0x12, 0x1, 0xff, 0xec, 0x19, 0x0,
    0xb, 0x80, 0x7f, 0xf4, 0xe0, 0x0, 0xa4, 0x0,
    0x25, 0x22, 0x0, 0x7f, 0xfa, 0xec, 0x2, 0xb0,
    0xf, 0xfe, 0x99, 0x98, 0x1, 0x0, 0x1b, 0x41,
    0x80, 0x3f, 0xfd, 0x4c, 0xa0, 0x5, 0x50, 0x7,
    0xff, 0x4e, 0x0, 0xa, 0x40, 0x1f, 0xff, 0x2,
    0x90, 0x0, 0xd8, 0x7, 0xff, 0x4c, 0xd0, 0x1,
    0x20, 0x1d, 0xe0, 0xe0, 0x1f, 0xfe, 0x9f, 0x0,
    0xa8, 0x40, 0x3f, 0xfa, 0x72, 0x0, 0x43, 0x0,
    0xe2, 0x2, 0x0, 0xff, 0xf4, 0x59, 0x0, 0x1d,
    0x0, 0x3f, 0xfa, 0x64, 0xa0, 0x8, 0x0, 0xf3,
    0x88, 0x80, 0x3f, 0xfc, 0xf2, 0x80, 0x4, 0x80,
    0xf, 0xfe, 0xa5, 0x80, 0x10, 0xc0, 0x38, 0x49,
    0x0, 0x3f, 0xfc, 0xf0, 0xc0, 0x2, 0xb0, 0xf,
    0xfe, 0xa0, 0xb0, 0x3, 0xc0, 0x3c, 0x81, 0x80,
    0x1f, 0xfe, 0x68, 0x70, 0x0, 0xe0, 0x7, 0xff,
    0x56, 0x40, 0x6, 0x80, 0x1e, 0xf0, 0x70, 0xf,
    0xff, 0x2c, 0xb8, 0x0, 0x70, 0x40, 0x3f, 0xfa,
    0x82, 0xe0, 0x8, 0x0, 0xf9, 0x4c, 0x40, 0x3f,
    0xfc, 0x94, 0xc0, 0x1, 0xc2, 0x0, 0xff, 0xea,
    0xc8, 0x0, 0x90, 0x3, 0xca, 0x14, 0x1, 0xff,
    0xe3, 0x1c, 0x50, 0x1, 0x61, 0x0, 0x7f, 0xf5,
    0x98, 0x1, 0x0, 0x1f, 0x70, 0x38, 0x7, 0xff,
    0x88, 0xb0, 0xc0, 0x5, 0x84, 0x1, 0xff, 0xd6,
    0x71, 0x2, 0x50, 0xf, 0xa, 0x28, 0x80, 0x7f,
    0xf8, 0x5b, 0x48, 0x0, 0x9a, 0x20, 0x1f, 0xfd,
    0x79, 0x0, 0x58, 0x7, 0xd2, 0x1c, 0x1, 0xff,
    0xe1, 0xa9, 0x0, 0x9e, 0xc0, 0x3f, 0xfb, 0xa,
    0x20, 0x2c, 0x1, 0xf3, 0x12, 0x0, 0x7f, 0xf7,
    0xd3, 0x54, 0x0, 0x37, 0x0, 0x1f, 0xfd, 0x98,
    0x0, 0x40, 0x7, 0xca, 0x36, 0x1, 0xff, 0xdf,
    0x9b, 0x20, 0x2, 0x7a, 0x0, 0x7f, 0xf6, 0x50,
    0x80, 0x58, 0x3, 0xe8, 0x16, 0x0, 0xff, 0xee,
    0xaf, 0x30, 0x5, 0x16, 0x20, 0x1f, 0xfd, 0xa8,
    0x0, 0x48, 0x7, 0xc8, 0x52, 0x1, 0xff, 0xdc,
    0x3c, 0xa1, 0x0, 0x26, 0xb8, 0x7, 0xff, 0x38,
    0x77, 0xa4, 0x40, 0x3f, 0x19, 0x80, 0x5c, 0x3,
    0xef, 0x17, 0x0, 0xff, 0xed, 0x15, 0x61, 0x80,
    0x6, 0xac, 0x80, 0x3f, 0xf9, 0xec, 0x40, 0xd8,
    0x20, 0x1f, 0x40, 0x1, 0x80, 0x3e, 0x34, 0x90,
    0xf, 0xfe, 0xc8, 0xce, 0xa8, 0x4, 0xfc, 0xa0,
    0x1f, 0xfd, 0x13, 0x8, 0x92, 0xa0, 0xf, 0x12,
    0x0, 0x24, 0x3, 0xe8, 0x17, 0x0, 0xff, 0xeb,
    0x8c, 0xf3, 0x0, 0x4d, 0xd0, 0x1, 0xff, 0xd3,
    0x42, 0x93, 0x74, 0x40, 0x7, 0x40, 0x1, 0x84,
    0x3, 0xc6, 0x92, 0x1, 0xff, 0xd6, 0x3a, 0xe6,
    0x0, 0x97, 0x64, 0x40, 0x3f, 0xfa, 0xbe, 0x34,
    0x0, 0x90, 0xc, 0x2a, 0x0, 0x80, 0xf, 0xbc,
    0x5c, 0x3, 0xff, 0xa8, 0xb9, 0x85, 0x0, 0x9b,
    0x68, 0x80, 0x3f, 0xfa, 0xe5, 0x82, 0xe0, 0x4a,
    0x1, 0x40, 0x1, 0x84, 0x3, 0xc8, 0x70, 0x1,
    0xff, 0xd2, 0x39, 0xfa, 0x30, 0x0, 0xbf, 0x49,
    0x0, 0x7f, 0xf6, 0x8b, 0xcc, 0x1, 0x2, 0x2,
    0xc0, 0xb, 0x0, 0xfa, 0x9, 0x80, 0x3f, 0xf9,
    0xe5, 0x1b, 0x8c, 0x1, 0x25, 0x74, 0x8, 0x7,
    0xff, 0x74, 0x71, 0xc0, 0xba, 0x60, 0x0, 0xa4,
    0x1, 0xe5, 0x38, 0x0, 0xff, 0xe6, 0xa4, 0xee,
    0x9c, 0x80, 0x5, 0x1b, 0x6a, 0x1, 0xff, 0xe2,
    0x8d, 0x10, 0x66, 0x0, 0x24, 0x3, 0xe8, 0x35,
    0x0, 0xff, 0xe4, 0x9b, 0xdf, 0xdb, 0x10, 0x0,
    0x9f, 0x35, 0xc8, 0x3, 0xff, 0xca, 0x50, 0x1,
    0xd9, 0x6e, 0x60, 0x13, 0x97, 0x80, 0x7f, 0xf1,
    0x49, 0x63, 0x3f, 0x21, 0x0, 0x23, 0x8c, 0xd8,
    0x30, 0xf, 0xff, 0x4b, 0x10, 0x4, 0x20, 0x91,
    0x9f, 0xb5, 0x24, 0xe4, 0x20, 0x1c, 0x22, 0x24,
    0x57, 0x9b, 0xdf, 0xda, 0x73, 0x0, 0x8d, 0xab,
    0xb1, 0xcc, 0x3, 0xff, 0xdb, 0x40, 0x3, 0xed,
    0x83, 0x0, 0x12, 0x89, 0x5e, 0xf7, 0xff, 0x77,
    0x36, 0xea, 0x19, 0x8, 0x2, 0x25, 0x8b, 0xfc,
    0x95, 0x10, 0xf, 0xff, 0x85, 0x80, 0x24, 0x9,
    0xf3, 0xf6, 0x0, 0xc8, 0x3, 0xfe, 0x12, 0x35,
    0x78, 0xbd, 0xfd, 0xa7, 0x40, 0xf, 0xff, 0xa1,
    0x98, 0x1, 0xa0, 0x1c, 0x58, 0x3b, 0xaf, 0xf7,
    0x77, 0xbf, 0xee, 0xdc, 0xa8, 0x74, 0x20, 0xf,
    0xff, 0xcc, 0x80, 0x4e, 0x20, 0x19, 0x11, 0x2,
    0x1, 0x8, 0xf8, 0x3, 0xff, 0xfe, 0x1, 0x85,
    0x40, 0x6c, 0x20, 0x3, 0x49, 0xb0, 0x7, 0xff,
    0xfc, 0x3, 0xff, 0x85, 0x20, 0x9, 0x44, 0x31,
    0x0, 0x18, 0xbc, 0x3, 0xff, 0xfe, 0x1, 0xff,
    0xc3, 0x60, 0x3, 0x4, 0x84, 0x80, 0xc2, 0x98,
    0x7, 0xff, 0xfc, 0x3, 0xff, 0x84, 0xa2, 0xc,
    0x20, 0x4c, 0x88, 0x81, 0xb0, 0xf, 0xff, 0xf8,
    0x7, 0xff, 0xe, 0x40, 0x16, 0x1, 0x40, 0xd3,
    0x48, 0x80, 0x7f, 0xff, 0xc0, 0x3f, 0xf8, 0x46,
    0x60, 0x52, 0x0, 0x86, 0x4, 0x98, 0x3, 0xff,
    0xfe, 0x1, 0xff, 0xc3, 0x90, 0x4, 0x80, 0x7c,
    0x44, 0x0, 0xff, 0xff, 0x80, 0x7f, 0xf0, 0x85,
    0x40, 0xcc, 0x1, 0x86, 0x44, 0x38, 0x3, 0xff,
    0xfe, 0x1, 0xff, 0xc2, 0x60, 0x4, 0x80, 0x75,
    0x86, 0xa1, 0xb0, 0x7, 0xff, 0xfc, 0x3, 0xff,
    0x83, 0x20, 0x2a, 0x1, 0x91, 0x5c, 0xe8, 0x64,
    0x80, 0x3f, 0xff, 0xe0, 0x1f, 0xf2, 0x88, 0x48,
    0x7, 0x50, 0xc0, 0xd, 0x87, 0x0, 0x7f, 0xff,
    0xc0, 0x3f, 0xe9, 0x0, 0x30, 0x6, 0x91, 0xa0,
    0x9, 0x54, 0x70, 0x1, 0xff, 0xff, 0x0, 0xfe,
    0x23, 0x6, 0x10, 0x8, 0xd9, 0x50, 0x3, 0x58,
    0xba, 0x0, 0x7f, 0xff, 0xc0, 0x3f, 0x58, 0x2,
    0xc0, 0x37, 0x5, 0x80, 0x70, 0xe8, 0x50, 0x80,
    0x7f, 0xff, 0xc0, 0x3e, 0x60, 0x42, 0x0, 0x9c,
    0xa4, 0x40, 0x3c, 0x70, 0x3a, 0x1, 0xff, 0xff,
    0x0, 0xf3, 0x0, 0x38, 0x2, 0x28, 0x36, 0x0,
    0xfc, 0xe8, 0x72, 0x1, 0xff, 0xff, 0x0, 0xea,
    0x1, 0x50, 0xb, 0x83, 0x80, 0x3f, 0xd4, 0x4c,
    0xe0, 0x1f, 0xff, 0xf0, 0x8, 0x8c, 0x24, 0x2,
    0x73, 0x72, 0x0, 0xff, 0xf, 0x8c, 0x28, 0x7,
    0xff, 0xfc, 0x1, 0x40, 0x6, 0x0, 0x14, 0x14,
    0x0, 0x7f, 0xf0, 0xb, 0x42, 0x90, 0x3, 0xff,
    0xfe, 0xc, 0xa, 0x20, 0xe, 0x9, 0x0, 0xff,
    0xe1, 0x1d, 0x85, 0xa0, 0x7, 0xff, 0xf9, 0x4,
    0x24, 0x0, 0xe6, 0xc8, 0x1, 0xff, 0xc3, 0x4a,
    0xb, 0x50, 0xf, 0xff, 0xef, 0x1, 0x18, 0x1c,
    0xc, 0x0, 0x7f, 0xf1, 0x56, 0x82, 0x98, 0x3,
    0xff, 0xf6, 0x2a, 0x14, 0x0, 0xe0, 0xb1, 0x0,
    0xff, 0xe3, 0x2d, 0x84, 0xc0, 0x7, 0xff, 0xe9,
    0xc0, 0xc, 0x12, 0x48, 0xa0, 0x1f, 0xfc, 0x84,
    0xd1, 0x7a, 0x0, 0xff, 0xfc, 0xe8, 0x20, 0xa3,
    0x4, 0x80, 0x7f, 0xf2, 0x8b, 0xcd, 0x74, 0xc0,
    0x3f, 0xfe, 0xc2, 0x81, 0xc3, 0x41, 0x4, 0x1,
    0xff, 0xcb, 0x1c, 0x62, 0xc8, 0x0, 0xff, 0xfa,
    0xa0, 0x1, 0x68, 0x4d, 0xc0, 0x3f, 0xf9, 0xd3,
    0x42, 0xfa, 0x80, 0x1f, 0xff, 0x3f, 0x5, 0x84,
    0xf, 0x0, 0xff, 0xe8, 0x2f, 0xb1, 0x5d, 0x8c,
    0x3, 0xff, 0xe2, 0x80, 0x2e, 0xc, 0x60, 0x1f,
    0xfd, 0x11, 0x9c, 0x34, 0xcc, 0x20, 0x7, 0xff,
    0xb8, 0x84, 0x10, 0x6, 0x40, 0x3f, 0xfa, 0x87,
    0x96, 0x66, 0xbe, 0x83, 0x0, 0xff, 0xe2, 0x13,
    0x38, 0x80, 0x7f, 0xf5, 0xdc, 0x3, 0x58, 0x7,
    0xff, 0x5d, 0x33, 0xa, 0x2f, 0x9d, 0x6e, 0xa6,
    0x22, 0x0, 0x84, 0xd5, 0xeb, 0xb6, 0x62, 0xc0,
    0x3f, 0xfa, 0xe6, 0x1, 0x22, 0x80, 0x7f, 0xf6,
    0x4e, 0xbe, 0x94, 0x12, 0x2b, 0x3b, 0x9f, 0xf7,
    0x65, 0x42, 0x88, 0x0, 0xe4, 0x3, 0xff, 0xae,
    0x60, 0x1, 0xa0, 0xf, 0xfe, 0xea, 0xd7, 0x6c,
    0xba, 0x10, 0x88, 0x0, 0x22, 0x24, 0x68, 0xbe,
    0xc3, 0x0, 0xff, 0xeb, 0xa1, 0x1e, 0x8, 0x7,
    0xff, 0x80, 0x9a, 0x2f, 0x7b, 0x9f, 0xee, 0xe6,
    0xdc, 0xba, 0x8, 0x7, 0xff, 0x64,

    /* U+0053 "S" */
    0x0, 0xff, 0xff, 0x80, 0xd, 0x59, 0xdc, 0xa4,
    0x1, 0xff, 0xff, 0x0, 0xc9, 0x39, 0xf9, 0x53,
    0x10, 0xad, 0xc3, 0x0, 0xff, 0xfe, 0x8b, 0x5f,
    0xdb, 0x18, 0x7, 0xe3, 0xc5, 0x0, 0xff, 0xfd,
    0x35, 0xf4, 0xa0, 0x7, 0x89, 0x12, 0x20, 0xa,
    0x84, 0x3, 0xff, 0xec, 0x95, 0xf2, 0x80, 0x18,
    0x9e, 0xb7, 0xf6, 0xee, 0xdd, 0x8, 0x1, 0xc0,
    0x3f, 0xfe, 0x8d, 0xb6, 0xa0, 0x19, 0x27, 0xb6,
    0x14, 0x80, 0x3c, 0x4c, 0x0, 0xe0, 0xf, 0xff,
    0x89, 0x47, 0xc9, 0x0, 0x49, 0x3f, 0x6c, 0x20,
    0x1f, 0xf7, 0x0, 0x7f, 0xfc, 0x8e, 0xb5, 0xc0,
    0x22, 0x8e, 0xb6, 0x0, 0xff, 0xe1, 0xf0, 0x3,
    0x80, 0x3f, 0xfd, 0xa7, 0x78, 0xa0, 0x11, 0xde,
    0xb8, 0x80, 0x7f, 0xf1, 0x50, 0x0, 0xe0, 0x1f,
    0xfe, 0xb4, 0xcc, 0x20, 0x4, 0xb9, 0x84, 0x0,
    0xff, 0xe3, 0x91, 0x81, 0x88, 0x7, 0xff, 0xa4,
    0xee, 0xc6, 0x1, 0x3f, 0x51, 0x80, 0x7f, 0xf2,
    0x6c, 0x1, 0x20, 0x1f, 0xfe, 0x83, 0xbc, 0x40,
    0x9, 0xfa, 0x4, 0x3, 0xff, 0x94, 0x2c, 0x4,
    0xa0, 0x1f, 0xfe, 0x62, 0xac, 0x40, 0x9, 0xfa,
    0x4, 0x3, 0xff, 0x99, 0x0, 0x9, 0x0, 0xff,
    0xf3, 0x46, 0xa8, 0x4, 0xfd, 0x2, 0x1, 0xff,
    0xcd, 0x36, 0x5, 0x40, 0xf, 0xff, 0x23, 0x73,
    0x80, 0x4b, 0xd0, 0x20, 0x1f, 0xfc, 0xfe, 0x1,
    0xb0, 0xf, 0xff, 0x19, 0xec, 0x88, 0x1, 0x32,
    0x84, 0x3, 0xff, 0xa1, 0x4, 0x14, 0x20, 0x1f,
    0xfe, 0x11, 0x9c, 0x20, 0x1, 0x5d, 0x8c, 0x3,
    0xff, 0xa2, 0x6e, 0xe, 0x80, 0x1f, 0xfe, 0x16,
    0xf6, 0x0, 0xa3, 0x50, 0x3, 0xff, 0xa4, 0x3a,
    0x9, 0x0, 0x1f, 0xfe, 0x2, 0xc9, 0x10, 0x2,
    0xf3, 0x80, 0x7f, 0xf5, 0x34, 0x4a, 0x80, 0x3f,
    0xfc, 0xf, 0xa6, 0x0, 0x2b, 0xa1, 0x0, 0xff,
    0xea, 0x49, 0x8f, 0x88, 0x7, 0xff, 0x78, 0xb2,
    0x0, 0x27, 0xd4, 0x0, 0xff, 0xea, 0xc3, 0x6,
    0x90, 0x7, 0xff, 0x79, 0xf4, 0xc0, 0x5, 0x90,
    0x1, 0xff, 0xd6, 0x67, 0xb, 0x30, 0xf, 0xfe,
    0xe8, 0xe4, 0x0, 0x4f, 0xa6, 0x1, 0xff, 0xd6,
    0x59, 0xb, 0x40, 0xf, 0xfe, 0xea, 0xf9, 0x80,
    0xb, 0x20, 0x3, 0xff, 0xae, 0xb4, 0x14, 0x80,
    0x1f, 0xfd, 0xd9, 0xa1, 0x0, 0x36, 0x98, 0x7,
    0xff, 0x5d, 0x68, 0x29, 0x40, 0x3f, 0xfb, 0x85,
    0x8c, 0x0, 0x1a, 0x90, 0xf, 0xfe, 0xc2, 0xd0,
    0x5a, 0x80, 0x7f, 0xf7, 0x13, 0xc, 0x0, 0x7e,
    0xa0, 0x1f, 0xfd, 0x87, 0xa1, 0xc4, 0x0, 0xff,
    0xee, 0x3d, 0x88, 0x1, 0xf0, 0x40, 0x3f, 0xfb,
    0x13, 0x3, 0x86, 0x1, 0xff, 0xdc, 0xa8, 0x0,
    0xaa, 0x0, 0x3f, 0xfb, 0x36, 0xc7, 0xe4, 0x1,
    0xff, 0xdc, 0xb5, 0x0, 0x16, 0xa8, 0x7, 0xff,
    0x60, 0xb5, 0x17, 0x4, 0x3, 0xff, 0xb6, 0x38,
    0x80, 0x3, 0xc2, 0x0, 0xff, 0xec, 0x2e, 0x93,
    0xd0, 0x7, 0xff, 0x70, 0x70, 0xc0, 0x9, 0x82,
    0x1, 0xff, 0xd8, 0x8a, 0xa, 0x80, 0xf, 0xfe,
    0xe0, 0xe1, 0x0, 0x1a, 0xc0, 0x3f, 0xfb, 0x3,
    0x8e, 0x5a, 0xa0, 0x1f, 0xfd, 0xdd, 0x20, 0x3,
    0x48, 0x7, 0xff, 0x66, 0x4d, 0xb4, 0x80, 0x3f,
    0xfb, 0xb4, 0x60, 0x6, 0x90, 0xf, 0xfe, 0xd4,
    0x7c, 0x80, 0x7f, 0xf7, 0x99, 0x40, 0x9, 0x20,
    0x1f, 0xff, 0xf0, 0xf, 0xc5, 0x20, 0x2, 0xb0,
    0xf, 0xff, 0xf8, 0x7, 0xf4, 0x0, 0x5e, 0x1,
    0xff, 0xff, 0x0, 0xfe, 0x15, 0x0, 0x41, 0x0,
    0x7f, 0xff, 0xc0, 0x3f, 0x9c, 0x0, 0x2e, 0x1,
    0xff, 0xff, 0x0, 0xff, 0x78, 0x1, 0x80, 0x3f,
    0xff, 0xe0, 0x1f, 0xf1, 0x80, 0x30, 0x3, 0xff,
    0xfe, 0x1, 0xff, 0x18, 0x7, 0xff, 0xfc, 0x3,
    0xff, 0x85, 0x80, 0xf, 0x0, 0xff, 0xff, 0x80,
    0x7f, 0xca, 0x40, 0x94, 0x20, 0x1f, 0xff, 0xf0,
    0xf, 0xf7, 0x88, 0x2f, 0xb8, 0x7, 0xff, 0xfc,
    0x3, 0xf8, 0xb4, 0x40, 0x63, 0xe5, 0x0, 0x3f,
    0xff, 0xe0, 0x1f, 0x1f, 0xa0, 0x4, 0xd7, 0xf6,
    0xc4, 0x1, 0xff, 0xff, 0x0, 0xc3, 0x76, 0x30,
    0xc, 0x93, 0xbd, 0x4c, 0x40, 0x1f, 0xff, 0xf0,
    0x2, 0x66, 0x14, 0x3, 0x85, 0x67, 0x7a, 0xdd,
    0x0, 0x3f, 0xff, 0xe7, 0x5f, 0x6c, 0x40, 0x1c,
    0x29, 0x17, 0xfb, 0x2c, 0x40, 0x1f, 0xff, 0xd4,
    0x9d, 0xea, 0x63, 0x0, 0xf1, 0x34, 0xef, 0xe4,
    0x20, 0x80, 0x7f, 0xfe, 0xc5, 0x67, 0x3f, 0x21,
    0x48, 0x3, 0xc6, 0xf7, 0xdb, 0x2a, 0x20, 0x1f,
    0xff, 0xc3, 0x7a, 0xdf, 0xc9, 0x52, 0x0, 0xe2,
    0x6a, 0xec, 0x83, 0x0, 0xff, 0xff, 0x1b, 0x56,
    0xfe, 0x4b, 0x10, 0x6, 0x37, 0xce, 0x94, 0x0,
    0xff, 0xff, 0x81, 0xb4, 0xef, 0xe4, 0x20, 0x4,
    0x2d, 0x7d, 0x4, 0x1, 0xff, 0xff, 0x0, 0x8d,
    0xef, 0xf2, 0xc, 0x0, 0x2f, 0xb6, 0x80, 0x1f,
    0xff, 0xf0, 0xe, 0x37, 0xce, 0x93, 0x0, 0x25,
    0xe2, 0x80, 0x7f, 0xff, 0xc0, 0x3c, 0x2d, 0x9c,
    0xe2, 0x7, 0x5a, 0x60, 0x1f, 0xff, 0xf0, 0xf,
    0x86, 0x3a, 0x48, 0xb, 0x24, 0x3, 0xff, 0x92,
    0x40, 0x1f, 0xff, 0x26, 0xd8, 0x0, 0x36, 0x88,
    0x7, 0xff, 0x4, 0x4d, 0xa7, 0x3f, 0x44, 0x3,
    0xff, 0xe6, 0xfa, 0x40, 0x5e, 0x40, 0x1f, 0x12,
    0xc5, 0xf7, 0x32, 0xce, 0xed, 0xc2, 0x1, 0xff,
    0xf4, 0x2d, 0x40, 0x1f, 0x10, 0x36, 0x9c, 0xfd,
    0xa5, 0x19, 0xbf, 0xda, 0x74, 0x10, 0xf, 0xff,
    0xbd, 0x90, 0x17, 0xfb, 0x25, 0x1a, 0x73, 0xf6,
    0x9d, 0x0, 0x3f, 0xff, 0x49, 0x17, 0xc4, 0x0,
    0x14, 0xbf, 0xda, 0x63, 0x0, 0xff, 0xfd, 0xa,
    0xce, 0x7d, 0xb8, 0x35, 0xb8, 0x1, 0xd0, 0x3,
    0xff, 0xf8, 0xb3, 0xbd, 0x4e, 0xd3, 0x9f, 0x70,
    0x92, 0x0, 0x33, 0x0, 0x7f, 0xfe, 0x12, 0x33,
    0xe9, 0xdd, 0x3b, 0xd4, 0xc6, 0x1, 0x84, 0xc0,
    0x8, 0x1, 0xff, 0xf4, 0x27, 0xbf, 0xb7, 0x74,
    0xef, 0x53, 0x10, 0x7, 0xf3, 0x0, 0x34, 0x3,
    0xff, 0xe2, 0x93, 0xdb, 0xc, 0xf7, 0xf6, 0xc4,
    0x1, 0xff, 0xc1, 0x30, 0x0, 0x80, 0x7f, 0xfb,
    0x96, 0xbe, 0xd9, 0x27, 0xb6, 0x10, 0x3, 0xff,
    0xfe, 0xb, 0x5f, 0x4a, 0xaa, 0xfa, 0x61, 0x0,
    0xff, 0xe4, 0x18, 0x0, 0x40, 0x3f, 0xfd, 0x9,
    0x5f, 0x48, 0xb7, 0xf4, 0xa0, 0x1f, 0xfc, 0xc4,
    0x0, 0x68, 0x7, 0xff, 0x94, 0xa3, 0xad, 0x55,
    0x7d, 0x48, 0x1, 0xff, 0xce, 0x11, 0x0, 0xc,
    0x3, 0xff, 0xc6, 0xb7, 0xae, 0x53, 0xd4, 0x80,
    0x1f, 0xfd, 0x17, 0x0, 0x94, 0x3, 0xff, 0xc0,
    0x2f, 0xd4, 0xaf, 0xb8, 0xc2, 0x1, 0xff, 0xd3,
    0xa0, 0x2, 0x8, 0x7, 0xff, 0x78, 0xa7, 0xa0,
    0xab, 0xa0, 0x80, 0x3f, 0xfa, 0xa6, 0x60, 0x7,
    0x0, 0x7f, 0xf7, 0x4a, 0xb5, 0x97, 0x30, 0xa0,
    0x1f, 0xfd, 0x88, 0x0, 0x12, 0x80, 0x7f, 0xf6,
    0xca, 0xb5, 0x5b, 0x68, 0xc0, 0x3f, 0xfb, 0x26,
    0x80, 0xb, 0x0, 0xff, 0xed, 0xc, 0xea, 0xbf,
    0x49, 0x0, 0x7f, 0xf6, 0xfc, 0x0, 0x4c, 0x1,
    0xff, 0xd9, 0x8e, 0x67, 0xe8, 0x10, 0xf, 0xfe,
    0xe3, 0x18, 0x2, 0x40, 0x3f, 0xfb, 0xb, 0xce,
    0xbd, 0x2, 0x1, 0xff, 0xdd, 0x18, 0x0, 0x2a,
    0x0, 0x7f, 0xf5, 0x86, 0xe8, 0xf2, 0x84, 0x3,
    0xff, 0xbf, 0x42, 0x3, 0x60, 0x1f, 0xfd, 0x65,
    0xf4, 0x8d, 0x30, 0xf, 0xff, 0x3, 0x20, 0x2,
    0xc4, 0x3, 0xff, 0xab, 0x34, 0x7a, 0xe0, 0x1f,
    0xfe, 0x12, 0x90, 0x3, 0x28, 0x7, 0xff, 0x50,
    0xb5, 0x99, 0xa4, 0x1, 0xff, 0xe1, 0x1f, 0x0,
    0x1c, 0x80, 0x7f, 0xf5, 0x13, 0x4a, 0xa4, 0x3,
    0xff, 0xc7, 0x44, 0x3, 0xa0, 0x1f, 0xfd, 0x46,
    0xb1, 0xc5, 0x0, 0xff, 0xf1, 0xca, 0x0, 0x34,
    0x40, 0x3f, 0xfa, 0x71, 0x25, 0xe6, 0x1, 0xff,
    0xe3, 0x76, 0x0, 0x59, 0x80, 0x7f, 0xf4, 0xe1,
    0xcf, 0x44, 0x3, 0xff, 0xc6, 0xb0, 0x0, 0x94,
    0x0, 0xff, 0xe9, 0xc3, 0x9e, 0x0, 0x7f, 0xf9,
    0x16, 0x80, 0x10, 0xc0, 0x1f, 0xfd, 0x36, 0x72,
    0xd0, 0xf, 0xff, 0x22, 0x50, 0x2, 0x1c, 0x3,
    0xff, 0xa6, 0x72, 0x1e, 0x20, 0x1f, 0xfe, 0x35,
    0xb0, 0x4, 0x38, 0x7, 0xff, 0x53, 0x82, 0x88,
    0x3, 0xff, 0xc6, 0xf4, 0x0, 0xa7, 0x0, 0xff,
    0xea, 0x49, 0x2a, 0x80, 0x3f, 0xfc, 0x71, 0x0,
    0x5, 0xa8, 0x7, 0xff, 0x50, 0x98, 0x2c, 0x3,
    0xff, 0xc4, 0x36, 0xe0, 0x5a, 0x80, 0x1f, 0xfd,
    0x58, 0x6, 0x10, 0xf, 0xff, 0x9, 0xfa, 0x2,
    0xe9, 0x0, 0x7f, 0xf5, 0x94, 0x34, 0x3, 0xff,
    0xc3, 0x18, 0x21, 0x34, 0x1, 0xff, 0xd7, 0x50,
    0x2, 0x0, 0x7f, 0xf7, 0xcb, 0x1c, 0xf, 0x58,
    0x3, 0xff, 0xb0, 0x40, 0x20, 0x1f, 0xfd, 0xf8,
    0xd3, 0x8, 0xc2, 0x0, 0xff, 0xec, 0xf8, 0x7,
    0xff, 0x7d, 0x75, 0xc1, 0x35, 0xc0, 0x3f, 0xfb,
    0x7e, 0x2, 0x20, 0xf, 0xfe, 0xd1, 0xe5, 0x10,
    0xd5, 0x90, 0x7, 0xff, 0x71, 0x0, 0xc, 0x1,
    0xff, 0xd8, 0x3b, 0xc3, 0x8, 0xe5, 0x0, 0xff,
    0xef, 0x19, 0x82, 0x8, 0x3, 0xff, 0xaa, 0xb9,
    0x84, 0x7, 0xe7, 0x0, 0xff, 0xf0, 0xf8, 0x3,
    0xc4, 0x3, 0xff, 0xa2, 0x4f, 0xd4, 0x63, 0x1f,
    0x2, 0x1, 0xff, 0xe2, 0x39, 0x2, 0xf5, 0x0,
    0xff, 0xe6, 0x8b, 0x66, 0xc0, 0x9d, 0x73, 0x80,
    0x7f, 0xf9, 0x9a, 0xc4, 0x55, 0xaa, 0x1, 0xff,
    0xc8, 0x48, 0xce, 0x93, 0x27, 0xdc, 0x50, 0xf,
    0xff, 0x4a, 0x7b, 0x1, 0x57, 0xd3, 0x18, 0x7,
    0xf8, 0x51, 0xa7, 0x3e, 0xdc, 0xcc, 0xf9, 0xb0,
    0x40, 0x1f, 0xfe, 0xc1, 0x9e, 0x93, 0x5, 0x9c,
    0xfe, 0xdc, 0xbb, 0x66, 0x3b, 0xfa, 0xe5, 0x8c,
    0xcd, 0x5d, 0x90, 0x60, 0x1f, 0xff, 0x11, 0x6c,
    0xeb, 0x86, 0x33, 0xc8, 0x83, 0x23, 0x46, 0x8a,
    0xdf, 0xc9, 0x51, 0x0, 0xff, 0xf7, 0x0,

    /* U+0054 "T" */
    0x0, 0xff, 0xf7, 0xd, 0xfa, 0x80, 0x7f, 0xff,
    0xc0, 0x3f, 0xfc, 0x74, 0x81, 0xa, 0x89, 0x8c,
    0xf1, 0x17, 0x8, 0xc0, 0x1f, 0xff, 0xa2, 0x35,
    0x67, 0x89, 0xab, 0xcd, 0xd7, 0x75, 0xff, 0xff,
    0xc8, 0x40, 0x1, 0x55, 0xde, 0xcc, 0xdb, 0xbd,
    0xdd, 0x7f, 0xee, 0xdd, 0x66, 0x2e, 0xa6, 0x1d,
    0x95, 0xc, 0x84, 0x3, 0xff, 0xbc, 0x4a, 0xf3,
    0x7b, 0xdf, 0xb9, 0x53, 0xe, 0xca, 0x86, 0x44,
    0x11, 0x80, 0x3f, 0xfc, 0x22, 0x44, 0x33, 0x22,
    0xb3, 0xc4, 0xd5, 0xe6, 0xf7, 0xfb, 0x72, 0xe6,
    0x19, 0x4c, 0x40, 0x3f, 0xf9, 0xa4, 0xb1, 0x7d,
    0xfb, 0x50, 0xc8, 0x42, 0x1, 0xff, 0xc8, 0x11,
    0x11, 0x46, 0x64, 0x4e, 0x55, 0x10, 0x7, 0xff,
    0x80, 0x8d, 0x19, 0xe6, 0xb3, 0xbf, 0xb2, 0x5d,
    0x48, 0x3, 0xff, 0x84, 0x4f, 0x7f, 0xb4, 0xe8,
    0x20, 0x1f, 0xe2, 0x34, 0x56, 0x78, 0x9a, 0xbc,
    0xc6, 0xf7, 0xfe, 0xee, 0x6e, 0xd9, 0x8b, 0xbe,
    0xaa, 0x0, 0x67, 0xcc, 0xff, 0xe9, 0x5d, 0xaa,
    0xa9, 0x93, 0xb2, 0xa1, 0x90, 0x80, 0x78, 0x4d,
    0xa2, 0xb7, 0xf2, 0x58, 0x80, 0x3c, 0x2f, 0xba,
    0x84, 0x0, 0xf1, 0x23, 0x44, 0xde, 0x77, 0xfb,
    0x72, 0xea, 0x61, 0xd9, 0x50, 0xcc, 0x42, 0x1,
    0xff, 0xc5, 0x52, 0x0, 0xc, 0x19, 0xff, 0xf4,
    0x91, 0xa, 0xb3, 0x32, 0x26, 0xaf, 0x37, 0xbf,
    0x72, 0xa1, 0xd4, 0xc4, 0x3, 0x1b, 0x4e, 0xf4,
    0x98, 0x0, 0xfe, 0x8, 0x2, 0x25, 0x8b, 0xdf,
    0xdb, 0x97, 0x64, 0x31, 0x0, 0xff, 0xea, 0xc8,
    0x5, 0x0, 0x1f, 0xfe, 0x22, 0x35, 0x78, 0xac,
    0xef, 0xdb, 0x97, 0x54, 0x32, 0x25, 0x0, 0x38,
    0x40, 0x7, 0x3d, 0xb4, 0xe8, 0x40, 0x1f, 0xfd,
    0xd4, 0x30, 0x1, 0x30, 0x7, 0xff, 0xac, 0x91,
    0xa2, 0xaf, 0x31, 0x72, 0x0, 0x20, 0x5, 0x63,
    0x8, 0x7, 0xff, 0x8b, 0xc0, 0x28, 0x0, 0xff,
    0xfc, 0x28, 0x3, 0x40, 0x3f, 0xfc, 0x86, 0x80,
    0x3, 0x50, 0xf, 0xff, 0xc5, 0x90, 0x3d, 0x88,
    0x7, 0xff, 0x8a, 0x0, 0x28, 0x0, 0xff, 0xfc,
    0x8e, 0x18, 0x27, 0xa0, 0x7, 0xff, 0x80, 0x90,
    0x0, 0x68, 0x1, 0xff, 0xfa, 0x1c, 0x60, 0x1b,
    0x90, 0xf, 0xfe, 0xfc, 0x0, 0x5e, 0x1, 0xff,
    0xfd, 0x9b, 0x10, 0x6d, 0x20, 0xf, 0xfe, 0xe1,
    0x28, 0x1, 0xc, 0x3, 0xff, 0xfc, 0x9e, 0x80,
    0x5a, 0x80, 0x1f, 0xfd, 0xbb, 0x0, 0xa0, 0x3,
    0xff, 0xfe, 0x3, 0x72, 0x0, 0xb8, 0x0, 0xff,
    0xec, 0x8b, 0x0, 0x10, 0xc0, 0x3f, 0xff, 0xe0,
    0x13, 0x69, 0x3, 0xd8, 0x80, 0x7f, 0xf5, 0xd8,
    0x2, 0x80, 0xf, 0xff, 0xf8, 0x7, 0x16, 0xa8,
    0x26, 0x10, 0x7, 0xff, 0x5a, 0x40, 0x8, 0x60,
    0x1f, 0xff, 0xf0, 0xf, 0xaa, 0x40, 0xb0, 0xc0,
    0x3f, 0xfa, 0x8c, 0x20, 0x8, 0x0, 0xff, 0xff,
    0x80, 0x7f, 0x36, 0x8, 0xb1, 0x40, 0x3f, 0xfa,
    0x76, 0x0, 0x33, 0x0, 0x7f, 0xff, 0xc0, 0x3f,
    0xc7, 0xe6, 0x14, 0xe0, 0x1f, 0xfd, 0x15, 0x20,
    0x4, 0x0, 0x7f, 0xff, 0xc0, 0x3f, 0xf8, 0x3,
    0x88, 0x11, 0x0, 0xf, 0xfe, 0x84, 0x80, 0xd,
    0x0, 0x3f, 0xff, 0xe0, 0x1f, 0xfc, 0x2b, 0x70,
    0x78, 0x0, 0xff, 0xe7, 0x19, 0x80, 0x12, 0x1,
    0xff, 0xff, 0x0, 0xff, 0xe2, 0x44, 0x1, 0xe0,
    0x3, 0xff, 0x9b, 0x0, 0x2, 0x50, 0xf, 0xff,
    0xf8, 0x7, 0xff, 0x15, 0xe4, 0x1e, 0x0, 0x3f,
    0xf9, 0x64, 0x80, 0x8, 0x0, 0xff, 0xff, 0x80,
    0x7f, 0xf1, 0xda, 0x81, 0xe0, 0x3, 0xff, 0x95,
    0x60, 0x1, 0x50, 0xf, 0xff, 0xf8, 0x7, 0xff,
    0x21, 0x68, 0x1d, 0x40, 0x3f, 0xf9, 0x2, 0xc0,
    0x8, 0x0, 0xff, 0xff, 0x80, 0x7f, 0xf2, 0x96,
    0x42, 0x90, 0x3, 0xff, 0x8e, 0xc0, 0x1, 0x60,
    0xf, 0xff, 0xf8, 0x7, 0xff, 0x2d, 0xa0, 0x2c,
    0x80, 0x3f, 0xf8, 0xd2, 0x0, 0x60, 0xf, 0xff,
    0xf8, 0x7, 0xff, 0x35, 0xdc, 0x18, 0x20, 0x1f,
    0xfc, 0x46, 0x10, 0x4, 0x80, 0x7f, 0xff, 0xc0,
    0x3f, 0xf9, 0xd0, 0x83, 0x40, 0x1f, 0xfc, 0x4b,
    0x0, 0x30, 0x80, 0x7f, 0xff, 0xc0, 0x3f, 0xf9,
    0xf6, 0x48, 0xe0, 0x1f, 0xfc, 0x24, 0x20, 0x5,
    0x80, 0x7f, 0xff, 0xc0, 0x3f, 0xfa, 0x3e, 0x10,
    0x60, 0x1f, 0xfc, 0x1f, 0x0, 0x21, 0x0, 0x7f,
    0xff, 0xc0, 0x3f, 0xfa, 0x25, 0x61, 0xa2, 0x1,
    0xff, 0x12, 0x0, 0x3c, 0x3, 0xff, 0xfe, 0x1,
    0xff, 0xd3, 0x46, 0x1b, 0x0, 0xff, 0xac, 0x0,
    0x48, 0x1, 0xff, 0xff, 0x0, 0xff, 0xea, 0x49,
    0x2a, 0x80, 0x3f, 0x85, 0x80, 0x16, 0x1, 0xff,
    0xff, 0x0, 0xff, 0xeb, 0x70, 0x58, 0x80, 0x7e,
    0x60, 0x0, 0xb0, 0x7, 0xff, 0xfc, 0x3, 0xff,
    0xac, 0x6e, 0x36, 0x1, 0xfa, 0x40, 0x12, 0x1,
    0xff, 0xff, 0x0, 0xff, 0xec, 0x40, 0xa9, 0x80,
    0x79, 0x44, 0x0, 0xc0, 0x1f, 0xff, 0xf0, 0xf,
    0xfe, 0xcd, 0x87, 0x80, 0x7a, 0x40, 0xc, 0x20,
    0x1f, 0xff, 0xf0, 0xf, 0xfe, 0xca, 0x99, 0x94,
    0x3, 0x11, 0x80, 0x2c, 0x3, 0xff, 0xfe, 0x1,
    0xff, 0xdb, 0xf0, 0x90, 0xd, 0x60, 0x4, 0x20,
    0xf, 0xff, 0xf8, 0x7, 0xff, 0x6c, 0xd4, 0xd0,
    0x0, 0x2c, 0x0, 0xe0, 0xf, 0xff, 0xf8, 0x7,
    0xff, 0x76, 0x42, 0x0, 0xc, 0x0, 0x15, 0x0,
    0xff, 0xff, 0x80, 0x7f, 0xf7, 0x4c, 0xf0, 0x48,
    0x2, 0x40, 0x3f, 0xff, 0xe0, 0x1f, 0xfd, 0xf9,
    0xa, 0x51, 0x0, 0x30, 0x7, 0xff, 0xfc, 0x3,
    0xff, 0xbe, 0xa2, 0xd2, 0x0, 0x61, 0x0, 0xff,
    0xff, 0x80, 0x7f, 0xf8, 0x24, 0xc, 0x1, 0x40,
    0x1f, 0xff, 0xf0, 0xf, 0xff, 0xb, 0x0, 0x46,
    0x60, 0xf, 0xff, 0xf8, 0x7, 0xff, 0x84, 0x40,
    0x29, 0x0, 0xff, 0xff, 0x80, 0x7f, 0xf8, 0x98,
    0x0, 0x2a, 0x1, 0xff, 0xff, 0x0, 0xff, 0xf1,
    0x58, 0x1, 0xc0, 0x3f, 0xff, 0xe0, 0x1f, 0xfe,
    0x23, 0x20, 0x2, 0x80, 0x7f, 0xff, 0xc0, 0x3f,
    0xfc, 0x52, 0x1, 0x18, 0x7, 0xff, 0xfc, 0x3,
    0xff, 0xc2, 0x2a, 0x0, 0x30, 0x30, 0xf, 0xff,
    0xf8, 0x7, 0xff, 0x81, 0x80, 0x7, 0x60, 0xa0,
    0x1f, 0xff, 0xf0, 0xf, 0xff, 0x5, 0x0, 0x28,
    0xc3, 0xc0, 0x3f, 0xff, 0xe0, 0x1f, 0xfd, 0xf4,
    0x20, 0x3, 0x38, 0x10, 0x7, 0xff, 0xfc, 0x3,
    0xff, 0xbf, 0xe0, 0x6, 0x1, 0x6, 0x0, 0xff,
    0xff, 0x80, 0x7f, 0xf7, 0x85, 0x0, 0x14, 0x6,
    0x4, 0x1, 0xff, 0xff, 0x0, 0xff, 0xef, 0x48,
    0x0, 0xcc, 0x2, 0x1, 0xff, 0xff, 0x0, 0xff,
    0xf0, 0x30, 0x2, 0x80, 0x3f, 0xff, 0xe0, 0x1f,
    0xfe, 0x24, 0x10, 0x3, 0x0, 0x4, 0x0, 0x20,
    0x1f, 0xff, 0xf0, 0xf, 0xfe, 0xe7, 0x80, 0x18,
    0x3, 0xc2, 0x1, 0xff, 0xff, 0x0, 0xff, 0xed,
    0x8a, 0x0, 0x28, 0x2, 0x30, 0xf, 0xff, 0xf8,
    0x7, 0xff, 0x79, 0x80, 0x4, 0x60, 0x13, 0x0,
    0x7f, 0xff, 0xc0, 0x3f, 0xfb, 0xd2, 0x0, 0xa0,
    0xc, 0x40, 0x40, 0x1f, 0xff, 0xf0, 0xf, 0xfe,
    0xda, 0x8, 0x1, 0x80, 0x37, 0x83, 0x0, 0x7f,
    0xff, 0xc0, 0x3f, 0xfb, 0x7c, 0x0, 0x41, 0x0,
    0xc4, 0x4, 0x1, 0xff, 0xff, 0x0, 0xff, 0xed,
    0xa, 0x80, 0x3c, 0x3, 0x98, 0x38, 0x3, 0xff,
    0xfe, 0x1, 0xff, 0xda, 0x60, 0x0, 0xa0, 0x7,
    0x10, 0x18, 0x7, 0xff, 0xfc, 0x3, 0xff, 0xb5,
    0x40, 0x6, 0x0, 0xe4, 0x0, 0x28, 0x7, 0xff,
    0xfc, 0x3, 0xff, 0xb2, 0x64, 0x0, 0xa0, 0xe,
    0x30, 0x11, 0x0, 0x7f, 0xff, 0xc0, 0x3f, 0xfb,
    0x34, 0x0, 0x32, 0x0, 0xec, 0x4, 0x0, 0xff,
    0xff, 0x80, 0x7f, 0xf6, 0x98, 0x1, 0x60, 0x1e,
    0x40, 0xc0, 0xf, 0xff, 0xf8, 0x7, 0xff, 0x65,
    0x40, 0x26, 0x0, 0xe3, 0x0, 0x38, 0x7, 0xff,
    0xfc, 0x3, 0xff, 0xb3, 0x20, 0x4, 0x10, 0xe,
    0xb0, 0x21, 0x0, 0xff, 0xff, 0x80, 0x7f, 0xf6,
    0x8, 0xc0, 0x1c, 0x1, 0xe5, 0x5, 0x0, 0xff,
    0xff, 0x80, 0x7f, 0xf6, 0x54, 0x2, 0x50, 0xe,
    0x22, 0x5, 0x0, 0x7f, 0xff, 0xc0, 0x3f, 0xfb,
    0x34, 0x0, 0x50, 0xf, 0x28, 0x11, 0x0, 0x3f,
    0xff, 0xe0, 0x1f, 0xfd, 0x83, 0x20, 0x7, 0x0,
    0x7a, 0x82, 0x80, 0x3f, 0xff, 0xe0, 0x1f, 0xfd,
    0x9a, 0x0, 0xa, 0x0, 0x72, 0x10, 0x30, 0x7,
    0xff, 0xfc, 0x3, 0xff, 0xb2, 0xe0, 0x7, 0x0,
    0xf7, 0x2, 0x88, 0x7, 0xff, 0xfc, 0x3, 0xff,
    0xb0, 0xa2, 0x0, 0xa0, 0xe, 0x15, 0x9, 0x0,
    0xff, 0xff, 0x80, 0x7f, 0xf6, 0x7c, 0x0, 0x46,
    0x1, 0xcc, 0x6, 0x60, 0xf, 0xff, 0xf8, 0x7,
    0xff, 0x60, 0x54, 0x0, 0xa0, 0x1e, 0x90, 0x90,
    0xf, 0xff, 0xf8, 0x7, 0xff, 0x65, 0xc0, 0x2b,
    0x0, 0xe7, 0x12, 0x50, 0xf, 0xff, 0xf8, 0x7,
    0xff, 0x67, 0x40, 0x4, 0x60, 0x1d, 0x21, 0x0,
    0x1f, 0xff, 0xf0, 0xf, 0xfe, 0xc8, 0xa0, 0x1,
    0x40, 0x39, 0x84, 0x94, 0x3, 0xff, 0xfe, 0x1,
    0xff, 0xd9, 0x60, 0xa, 0x80, 0x3a, 0x2, 0x40,
    0x3f, 0xff, 0xe0, 0x1f, 0xfd, 0xab, 0x0, 0x11,
    0x0, 0x34, 0x9, 0xa0, 0x7, 0xff, 0xfc, 0x3,
    0xff, 0xb2, 0x26, 0x0, 0x50, 0xc, 0x2e, 0x1c,
    0x1, 0xff, 0xff, 0x0, 0xff, 0xed, 0x30, 0x5,
    0x60, 0x1a, 0xc1, 0x88, 0x3, 0xff, 0xfe, 0x1,
    0xff, 0xda, 0xb0, 0x0, 0x98, 0x4, 0x6a, 0x32,
    0x1, 0xff, 0xff, 0x0, 0xff, 0xed, 0x9, 0x80,
    0x1c, 0x3, 0x70, 0x58, 0x7, 0xff, 0xfc, 0x3,
    0xff, 0xb6, 0xe0, 0x16, 0x80, 0x4e, 0x4a, 0xa0,
    0xf, 0xff, 0xf8, 0x7, 0xff, 0x6f, 0x40, 0x24,
    0x0, 0x14, 0xd, 0x80, 0x7f, 0xff, 0xc0, 0x3f,
    0xfb, 0x88, 0x0, 0x50, 0xb, 0x82, 0xc4, 0x3,
    0xff, 0xfe, 0x1, 0xff, 0xdb, 0x50, 0xb, 0x0,
    0x10, 0x68, 0xa0, 0x1f, 0xff, 0xf0, 0xf, 0xfe,
    0xe6, 0x0, 0x48, 0x8, 0xe1, 0x40, 0x1f, 0xff,
    0xf0, 0xf, 0xfe, 0xeb, 0x80, 0x8, 0xab, 0x9,
    0x10, 0xf, 0xff, 0xf8, 0x7, 0xff, 0x70, 0x84,
    0x0, 0xe3, 0xe0, 0xac, 0x1, 0xff, 0xff, 0x0,
    0xff, 0xee, 0xa0, 0x5, 0xba, 0x21, 0xb0, 0xf,
    0xff, 0xf8, 0x7, 0xff, 0x7b, 0x0, 0x28, 0x30,
    0xd1, 0x0, 0xff, 0xff, 0x80, 0x7f, 0xf7, 0x9c,
    0x3, 0x9c, 0xc0, 0x3f, 0xff, 0xe0, 0x1f, 0xfd,
    0xf2, 0x0, 0xc7, 0x0, 0x1f, 0xff, 0xf0, 0xf,
    0xff, 0x1, 0x80, 0x43, 0xc0, 0x1f, 0xff, 0xf0,
    0xf, 0xff, 0xf, 0x20, 0x1e, 0x10, 0x7, 0xff,
    0xfc, 0x3, 0xff, 0xa2,

    /* U+0055 "U" */
    0x0, 0xff, 0xff, 0x80, 0x7f, 0xf0, 0x67, 0x98,
    0x3, 0xff, 0xfe, 0x1, 0xff, 0xc0, 0xb6, 0x1b,
    0x0, 0xff, 0xff, 0x80, 0x7f, 0xd4, 0x80, 0x5,
    0x0, 0xff, 0xff, 0x80, 0x7f, 0x9d, 0x40, 0x7,
    0x0, 0x1f, 0xff, 0xf0, 0xf, 0xe4, 0x80, 0xb,
    0x80, 0x3f, 0xff, 0xe0, 0x1f, 0xc3, 0x40, 0x14,
    0x90, 0x7, 0xff, 0xfc, 0x3, 0xfb, 0x44, 0x0,
    0xac, 0x1, 0xff, 0xff, 0x0, 0xfe, 0x83, 0x0,
    0xd, 0x80, 0x7f, 0xff, 0xc0, 0x3f, 0x91, 0xc0,
    0x2a, 0x10, 0xf, 0xff, 0xf8, 0x7, 0xe1, 0xa0,
    0x9, 0x90, 0x3, 0xff, 0xfe, 0x1, 0xfd, 0x42,
    0x0, 0x19, 0x0, 0xff, 0xff, 0x80, 0x7f, 0x32,
    0x0, 0x54, 0x1, 0xff, 0xff, 0x0, 0xfe, 0x29,
    0x0, 0x99, 0x0, 0x3f, 0xff, 0xe0, 0x1f, 0xdc,
    0x1, 0xc, 0x80, 0x7f, 0xff, 0xc0, 0x3f, 0x9c,
    0xc0, 0x2a, 0x0, 0xff, 0xf5, 0xb2, 0x80, 0x7f,
    0xf3, 0xca, 0x0, 0x25, 0x40, 0xf, 0xff, 0x4a,
    0xfc, 0xd0, 0x80, 0x7f, 0xf3, 0xb8, 0x2, 0x1b,
    0x0, 0xff, 0xf4, 0xc5, 0x0, 0x46, 0x1, 0xff,
    0xcd, 0x73, 0x0, 0xac, 0x40, 0x3f, 0xfd, 0x10,
    0xe0, 0x10, 0x90, 0x7, 0xff, 0x30, 0xa0, 0x2,
    0x45, 0x0, 0xff, 0xf4, 0x33, 0x80, 0xc, 0x1c,
    0x3, 0xff, 0x9b, 0xc0, 0x1a, 0x40, 0x3f, 0xfd,
    0x9, 0x20, 0x9, 0x40, 0xb0, 0xf, 0xfe, 0x63,
    0x98, 0x5, 0x4, 0x1, 0xff, 0xe7, 0x2a, 0x0,
    0x2b, 0x2a, 0x10, 0x7, 0xff, 0x2c, 0xa0, 0x2,
    0x27, 0x0, 0xff, 0xf4, 0x70, 0x81, 0xd0, 0x14,
    0x0, 0x7f, 0xf3, 0x38, 0x3, 0x70, 0x7, 0xff,
    0xa2, 0x4c, 0x1, 0xc0, 0x6a, 0x60, 0x1f, 0xfc,
    0xb7, 0x30, 0x9, 0x8c, 0x3, 0xff, 0xce, 0xac,
    0x0, 0xa2, 0x3, 0xa0, 0xf, 0xfe, 0x59, 0x40,
    0x4, 0x30, 0x1, 0xff, 0xe7, 0x2a, 0x0, 0x32,
    0x80, 0x7f, 0xf3, 0xe4, 0x3, 0x40, 0x80, 0x7f,
    0xf9, 0xfc, 0x0, 0x52, 0x1, 0xff, 0xcf, 0x64,
    0x0, 0x8d, 0x80, 0x3f, 0xfc, 0xf2, 0x40, 0xf,
    0x0, 0xff, 0xe7, 0x8c, 0x80, 0x6e, 0x0, 0xff,
    0xf3, 0xa3, 0x0, 0x20, 0x80, 0x3f, 0xf9, 0xf4,
    0x1, 0x98, 0x80, 0x3f, 0xfc, 0xc3, 0x40, 0x4,
    0x70, 0xf, 0xfe, 0x7a, 0xa0, 0x4, 0x30, 0x1,
    0xff, 0xe7, 0xa1, 0x1, 0xa0, 0xf, 0xfe, 0x78,
    0xd8, 0x6, 0x81, 0x0, 0xff, 0xf3, 0x32, 0x0,
    0x2c, 0x40, 0x3f, 0xf9, 0xf6, 0x20, 0x11, 0xb0,
    0x7, 0xff, 0x98, 0xa4, 0x0, 0xaa, 0x0, 0xff,
    0xe7, 0xaa, 0x80, 0x37, 0x80, 0x7f, 0xf9, 0xf8,
    0x0, 0x36, 0x1, 0xff, 0xcf, 0x1b, 0x0, 0xca,
    0x60, 0x1f, 0xfe, 0x66, 0x30, 0x5, 0x88, 0x7,
    0xff, 0x3e, 0xc4, 0x3, 0x40, 0x7, 0xff, 0x98,
    0xa4, 0x0, 0xaa, 0x0, 0xff, 0xe7, 0xa2, 0x80,
    0x67, 0x20, 0xf, 0xff, 0x37, 0x0, 0x6, 0xc0,
    0x3f, 0xfa, 0x14, 0x20, 0x10, 0xc0, 0x7, 0xff,
    0x99, 0xcc, 0x1, 0x42, 0x1, 0xff, 0xcf, 0x91,
    0x20, 0xa, 0x0, 0x3f, 0xfc, 0xc5, 0x0, 0x5,
    0x40, 0xf, 0xfe, 0x7a, 0x32, 0x98, 0x0, 0x98,
    0x3, 0xff, 0xcd, 0x20, 0x1, 0xb0, 0xf, 0xfe,
    0x84, 0x90, 0x6, 0x90, 0xf, 0xff, 0x33, 0x20,
    0x2, 0xc4, 0x3, 0xff, 0x9f, 0x25, 0x4a, 0x0,
    0x34, 0x0, 0xff, 0xf2, 0x8c, 0x80, 0x15, 0x40,
    0x1f, 0xfc, 0xf3, 0x66, 0x60, 0x5, 0xe0, 0x1f,
    0xfe, 0x6a, 0x0, 0xd, 0x80, 0x7f, 0xf4, 0x38,
    0x75, 0x0, 0xa, 0x60, 0x1f, 0xfe, 0x55, 0x40,
    0x4, 0x8, 0x7, 0xff, 0x3e, 0xa, 0xbc, 0x2,
    0x80, 0xf, 0xff, 0x28, 0xd8, 0x1, 0x18, 0x3,
    0xff, 0x9e, 0x6e, 0xae, 0x80, 0x5, 0x20, 0xf,
    0xff, 0x2c, 0x8, 0x2, 0x40, 0x3f, 0xfa, 0x1c,
    0x37, 0x0, 0x14, 0x0, 0x7f, 0xf9, 0x4d, 0x80,
    0x10, 0x40, 0x1f, 0xfc, 0xf8, 0x2b, 0x34, 0x0,
    0x29, 0x0, 0x7f, 0xf9, 0x78, 0x0, 0x4e, 0x1,
    0xff, 0xcf, 0x37, 0x45, 0x80, 0xa, 0x0, 0x3f,
    0xfc, 0xae, 0x40, 0xe, 0x0, 0xff, 0xe8, 0x70,
    0x51, 0x28, 0x1, 0x48, 0x3, 0xff, 0xc8, 0x30,
    0x0, 0x63, 0x0, 0xff, 0xe7, 0xc1, 0x48, 0xd8,
    0x5, 0x20, 0x1f, 0xfe, 0x5b, 0x0, 0xc, 0x0,
    0x7f, 0xf3, 0xcd, 0xcd, 0x81, 0x80, 0x8, 0x60,
    0x1f, 0xfe, 0x44, 0x50, 0x5, 0x88, 0x7, 0xff,
    0x3f, 0x83, 0x81, 0xc0, 0x28, 0x0, 0xff, 0xf2,
    0xc8, 0x0, 0xd4, 0x3, 0xff, 0x9e, 0xe5, 0x4,
    0x14, 0x0, 0x33, 0x0, 0x7f, 0xf9, 0x1c, 0x80,
    0x1c, 0x1, 0xff, 0xcf, 0x38, 0x37, 0x4, 0x20,
    0x4, 0x80, 0x7f, 0xf9, 0x6, 0x0, 0xc, 0x40,
    0x1f, 0xfc, 0xfe, 0xe, 0x0, 0x78, 0x0, 0x94,
    0x3, 0xff, 0xc9, 0x60, 0x1, 0x80, 0xf, 0xfe,
    0x7c, 0x14, 0x10, 0xa, 0x0, 0x2c, 0x3, 0xff,
    0xc8, 0x6a, 0x0, 0x81, 0x0, 0xff, 0xe7, 0x1b,
    0x9b, 0x80, 0x18, 0x2, 0x60, 0xf, 0xff, 0x27,
    0x80, 0xd, 0x80, 0x3f, 0xf9, 0xfc, 0x1c, 0x1,
    0x50, 0x1, 0xc0, 0x3f, 0xfc, 0x8a, 0x60, 0xf,
    0x0, 0xff, 0xe7, 0xc1, 0x39, 0x0, 0x10, 0x80,
    0x14, 0x1, 0xff, 0xe4, 0xb0, 0x3, 0x18, 0x7,
    0xff, 0x38, 0xdc, 0xa0, 0x2, 0xd0, 0x2, 0x10,
    0x7, 0xff, 0x8d, 0xc4, 0x1, 0x0, 0x1f, 0xfc,
    0xfe, 0xe, 0x0, 0xce, 0x0, 0xe0, 0xf, 0xff,
    0x18, 0xc0, 0x2, 0x4, 0x3, 0xff, 0x9d, 0x24,
    0xe6, 0x1, 0x20, 0x80, 0xa8, 0x7, 0xff, 0x8e,
    0x0, 0x4, 0xe0, 0x1f, 0xfc, 0xe4, 0x63, 0x80,
    0xd, 0xc0, 0x7, 0x0, 0xff, 0xf1, 0x93, 0x0,
    0x24, 0x3, 0xff, 0x9c, 0x34, 0x1c, 0x1, 0xca,
    0x0, 0xa0, 0xf, 0xff, 0x1c, 0x0, 0x11, 0x0,
    0x1f, 0xfc, 0xeb, 0x18, 0x20, 0xc, 0x80, 0x1,
    0x30, 0xf, 0xff, 0x11, 0xa8, 0x2, 0x40, 0x3f,
    0xf9, 0xca, 0xa3, 0x70, 0xe, 0xc0, 0x3, 0x0,
    0x7f, 0xf8, 0xe0, 0x0, 0xc4, 0x1, 0xff, 0xcd,
    0x1b, 0xe, 0x0, 0xf2, 0x80, 0x2c, 0x3, 0xff,
    0xc4, 0x88, 0x0, 0x40, 0x7, 0xff, 0x3a, 0x86,
    0x8, 0x3, 0x84, 0x80, 0x4c, 0x3, 0xff, 0xc5,
    0x0, 0x8, 0x10, 0xf, 0xfe, 0x6b, 0x21, 0xb8,
    0x7, 0x90, 0x0, 0x80, 0x1f, 0xfe, 0x24, 0x30,
    0x17, 0x0, 0xff, 0xe6, 0x94, 0x87, 0x0, 0x7d,
    0x80, 0xc, 0x0, 0xff, 0xf1, 0x40, 0x2, 0x0,
    0x3f, 0xf9, 0xde, 0x12, 0x40, 0x1f, 0x20, 0x1,
    0x0, 0x3f, 0xfc, 0x28, 0x60, 0x2c, 0x1, 0xff,
    0xcd, 0x82, 0x56, 0x0, 0xfc, 0x40, 0x24, 0x1,
    0xff, 0xe1, 0x80, 0x4, 0x0, 0x7f, 0xf3, 0x51,
    0xc6, 0xc0, 0x3f, 0x18, 0x1, 0x40, 0x3f, 0xfc,
    0x28, 0x60, 0x4c, 0x1, 0xff, 0xcc, 0x1a, 0xa,
    0x10, 0xf, 0xca, 0x0, 0x20, 0xf, 0xff, 0xc,
    0x0, 0x20, 0x3, 0xff, 0x9b, 0x42, 0xe8, 0x1,
    0xfd, 0xc0, 0xe, 0x0, 0xff, 0xf0, 0x19, 0x80,
    0x94, 0x3, 0xff, 0x98, 0xc8, 0x70, 0x1, 0xfe,
    0x10, 0x1, 0x0, 0x7f, 0xf8, 0x24, 0x1, 0x0,
    0x1f, 0xfc, 0xc3, 0x90, 0xe0, 0xf, 0xf8, 0xc0,
    0xc, 0x1, 0xff, 0xdf, 0x25, 0x2, 0x50, 0xf,
    0xfe, 0x67, 0x4, 0x90, 0x7, 0xfc, 0x20, 0x1f,
    0xfe, 0x2b, 0x0, 0x58, 0x7, 0xff, 0x32, 0x89,
    0x58, 0x3, 0xff, 0x80, 0x20, 0x1f, 0xfe, 0x11,
    0x60, 0x16, 0x0, 0xff, 0xe5, 0xb2, 0x95, 0x80,
    0x7f, 0xf0, 0x4c, 0x0, 0xe0, 0x12, 0x18, 0x7,
    0xff, 0x65, 0x80, 0x12, 0x1, 0xff, 0xcb, 0x29,
    0xe, 0x10, 0xf, 0xfe, 0xf, 0x80, 0xc, 0x0,
    0x34, 0xc0, 0x1f, 0xfd, 0x9a, 0x0, 0x30, 0x7,
    0xff, 0x2f, 0xc2, 0x4c, 0x3, 0xff, 0x84, 0xa0,
    0xc, 0x0, 0x58, 0xa8, 0x7, 0xff, 0x61, 0x8,
    0x18, 0x40, 0x3f, 0xf9, 0x54, 0x4a, 0xc0, 0x1f,
    0xfc, 0x33, 0x20, 0x42, 0x85, 0x80, 0xf, 0xfe,
    0xcf, 0x0, 0x2c, 0x3, 0xff, 0x94, 0xca, 0x54,
    0x1, 0xff, 0xc5, 0x80, 0x6, 0xb9, 0x38, 0x7,
    0xff, 0x60, 0x54, 0x10, 0x80, 0x3f, 0xf9, 0x27,
    0x21, 0xc0, 0x1f, 0xfc, 0x65, 0x90, 0x1, 0x60,
    0x7, 0xff, 0x65, 0xc0, 0x1e, 0x1, 0xff, 0xc9,
    0x1d, 0x9, 0x30, 0xf, 0xfe, 0x3b, 0x76, 0x68,
    0x80, 0x7f, 0xf6, 0x68, 0x5, 0x0, 0x3f, 0xf9,
    0x3a, 0x2c, 0xc0, 0xf, 0xfe, 0x48, 0x98, 0x7,
    0xff, 0x68, 0x4c, 0x24, 0x3, 0xff, 0x93, 0x26,
    0x69, 0x0, 0xff, 0xf9, 0x30, 0x1, 0x40, 0x3f,
    0xf9, 0xc, 0xc1, 0xd0, 0xf, 0xff, 0x9d, 0x81,
    0x90, 0x7, 0xff, 0x1d, 0x24, 0x34, 0x40, 0x3f,
    0xfe, 0x42, 0x61, 0x40, 0x1f, 0xfc, 0x72, 0xa0,
    0x93, 0x0, 0xff, 0xf9, 0xb8, 0x1, 0x0, 0x3f,
    0xf8, 0xc3, 0xe2, 0xec, 0x1, 0xff, 0xf4, 0xc0,
    0x22, 0x0, 0x7f, 0xf1, 0xb4, 0x92, 0x0, 0x3f,
    0xfe, 0xae, 0xa, 0x1, 0xff, 0xc6, 0xa3, 0x2b,
    0x0, 0xff, 0xfa, 0x89, 0x6, 0x80, 0x7f, 0xf1,
    0x65, 0x47, 0x0, 0x3f, 0xfe, 0xca, 0x0, 0x40,
    0xf, 0xfe, 0x24, 0x30, 0xe0, 0x80, 0x7f, 0xfd,
    0x88, 0x4, 0x40, 0x1f, 0xfc, 0x37, 0x70, 0x69,
    0x0, 0x7f, 0xfd, 0xf8, 0x8, 0x3, 0xff, 0x86,
    0xf0, 0x16, 0x60, 0x1f, 0xff, 0x81, 0x7, 0x0,
    0xff, 0xe1, 0x44, 0x2, 0xd0, 0x3, 0xff, 0xfe,
    0x1, 0xfe, 0x97, 0xb, 0x40, 0xf, 0xff, 0xd0,
    0x83, 0x80, 0x7f, 0xf0, 0x2d, 0x83, 0x10, 0x3,
    0xff, 0xf7, 0xc0, 0x40, 0x1f, 0xe2, 0xd4, 0x1d,
    0x30, 0xf, 0xff, 0xe2, 0x0, 0x98, 0x7, 0xe6,
    0xd2, 0x3f, 0x20, 0xf, 0xff, 0xe9, 0x10, 0x38,
    0x40, 0x38, 0xf2, 0x41, 0xb0, 0x40, 0x3f, 0xff,
    0xf0, 0x5, 0xee, 0x68, 0xf9, 0x83, 0x1a, 0x90,
    0xf, 0xff, 0xf8, 0x1, 0x60, 0x6, 0x32, 0xe0,
    0xc1, 0xbd, 0x40, 0x3f, 0xff, 0xe0, 0x19, 0xf1,
    0x44, 0x0, 0x71, 0xd2, 0x20, 0x1f, 0xff, 0xf0,
    0x8,

    /* U+0056 "V" */
    0x0, 0xff, 0xff, 0x80, 0x70, 0x80, 0x7f, 0xff,
    0xc0, 0x39, 0xf8, 0x3, 0xff, 0xfe, 0x1, 0x96,
    0x24, 0x3, 0xff, 0xfe, 0x1, 0x1d, 0x3b, 0x0,
    0x7f, 0xf5, 0x11, 0x0, 0x1f, 0xfd, 0xf1, 0xd4,
    0x80, 0xf, 0xfe, 0xa3, 0xdd, 0x80, 0x3f, 0xfb,
    0xfa, 0x76, 0x1, 0xff, 0xd5, 0x80, 0x1, 0x0,
    0x7f, 0xf7, 0x64, 0xfc, 0x3, 0xff, 0xaa, 0xa0,
    0x11, 0x0, 0x7f, 0xf7, 0x19, 0x94, 0x40, 0x1f,
    0xfd, 0x5f, 0x0, 0x20, 0x7, 0xff, 0x70, 0xa5,
    0x54, 0x1, 0xff, 0xd6, 0x40, 0x6, 0x80, 0x7f,
    0xf7, 0x3c, 0xa8, 0x3, 0xff, 0xac, 0x82, 0x0,
    0x70, 0xf, 0xfe, 0xdd, 0x17, 0x0, 0x7f, 0xf5,
    0xf4, 0x0, 0x62, 0x1, 0xff, 0xda, 0x55, 0x41,
    0x80, 0x7f, 0xf5, 0xd0, 0x1, 0x40, 0x1f, 0xfd,
    0xa2, 0xa3, 0x70, 0xf, 0xfe, 0xb9, 0x10, 0x0,
    0xe0, 0x1f, 0xfd, 0xae, 0xe, 0x0, 0xff, 0xec,
    0x50, 0x1, 0x4, 0x3, 0xff, 0xb3, 0x7, 0x24,
    0x1, 0xff, 0xd8, 0x50, 0x6, 0x80, 0x7f, 0xf6,
    0x51, 0xd1, 0x80, 0x3f, 0xfb, 0x4, 0x40, 0x3,
    0x0, 0x7f, 0xf6, 0x6, 0x86, 0x80, 0x3f, 0xfb,
    0x2a, 0x0, 0x50, 0xf, 0xfe, 0xcd, 0xd, 0x88,
    0x7, 0xff, 0x66, 0x80, 0x1c, 0x1, 0xff, 0xd8,
    0x64, 0x55, 0x0, 0x7f, 0xf6, 0x48, 0x80, 0x28,
    0x1, 0xff, 0xd7, 0x29, 0x1b, 0x0, 0xff, 0xed,
    0x28, 0x1, 0xc0, 0x3f, 0xfb, 0x1c, 0x16, 0x20,
    0x1f, 0xfd, 0xaa, 0x0, 0x50, 0x7, 0xff, 0x5e,
    0xd, 0x54, 0x1, 0xff, 0xda, 0x22, 0x1, 0x18,
    0x7, 0xff, 0x58, 0xdc, 0x6c, 0x3, 0xff, 0xb7,
    0x40, 0xa, 0x0, 0xff, 0xeb, 0xf0, 0x58, 0x80,
    0x7f, 0xf6, 0xd4, 0x0, 0xc0, 0x1f, 0xfd, 0x69,
    0x25, 0x50, 0x7, 0xff, 0x6c, 0xc8, 0xc, 0x40,
    0x3f, 0xfa, 0xa8, 0xc3, 0x60, 0x1f, 0xfd, 0xca,
    0x0, 0x50, 0x7, 0xff, 0x5a, 0x82, 0xc4, 0x3,
    0xff, 0xb8, 0xe0, 0x6, 0x0, 0xff, 0xea, 0xc8,
    0xa2, 0x80, 0x7f, 0xf7, 0x10, 0x41, 0x40, 0x3f,
    0xfa, 0xa8, 0xc1, 0x40, 0x1f, 0xfd, 0xdd, 0x0,
    0x70, 0x7, 0xff, 0x50, 0x68, 0x24, 0x40, 0x3f,
    0xfb, 0xae, 0x2, 0x80, 0x1f, 0xfd, 0x4b, 0x13,
    0x60, 0xf, 0xfe, 0xea, 0x8, 0x38, 0x7, 0xff,
    0x51, 0x14, 0x38, 0x3, 0xff, 0xbd, 0xc0, 0xa,
    0x0, 0xff, 0xe9, 0x8d, 0x4, 0x10, 0x7, 0xff,
    0x79, 0x40, 0x8c, 0x3, 0xff, 0xa7, 0x62, 0x4e,
    0x1, 0xff, 0xde, 0x50, 0x5, 0x0, 0x7f, 0xf4,
    0xd1, 0x43, 0x80, 0x3f, 0xfb, 0xfc, 0x0, 0x50,
    0xf, 0xfe, 0x90, 0xd0, 0x31, 0x80, 0x7f, 0xf7,
    0x85, 0x0, 0xc8, 0x3, 0xff, 0xa5, 0x62, 0x29,
    0x0, 0xff, 0xef, 0xb8, 0x2, 0x80, 0x3f, 0xfa,
    0x48, 0xa1, 0x40, 0x1f, 0xfe, 0xd, 0x0, 0x38,
    0x7, 0xff, 0x4a, 0x81, 0x50, 0x3, 0xff, 0xbe,
    0x28, 0x8, 0x20, 0x1f, 0xfd, 0x19, 0x11, 0x58,
    0x7, 0xff, 0x81, 0x80, 0x1c, 0x1, 0xff, 0xd1,
    0x46, 0xb, 0x10, 0xf, 0xff, 0x5, 0x0, 0x14,
    0x3, 0xff, 0xa3, 0x40, 0x8a, 0x1, 0xff, 0xe0,
    0x22, 0x2, 0x80, 0x7f, 0xf4, 0x64, 0x42, 0x80,
    0x3f, 0xfc, 0x34, 0x0, 0xe0, 0xf, 0xfe, 0x82,
    0x30, 0x48, 0x80, 0x7f, 0xf8, 0x54, 0x5, 0x0,
    0x3f, 0xfa, 0x14, 0x6, 0xc0, 0x1f, 0xfe, 0x13,
    0x20, 0x70, 0xf, 0xfe, 0x84, 0x88, 0x70, 0x7,
    0xff, 0x8a, 0x80, 0x14, 0x1, 0xff, 0xcf, 0x46,
    0x8, 0x20, 0xf, 0xff, 0x13, 0x80, 0x98, 0x7,
    0xff, 0x3e, 0x40, 0x9c, 0x3, 0xff, 0xc4, 0x82,
    0xc, 0x1, 0xff, 0xcf, 0x92, 0xe, 0x0, 0xff,
    0xf1, 0xf0, 0x2, 0x80, 0x3f, 0xf9, 0xc6, 0xc0,
    0xc6, 0x1, 0xff, 0xe3, 0x50, 0x22, 0x0, 0x7f,
    0xf3, 0xb8, 0x6, 0x40, 0x3f, 0xfc, 0x6a, 0x0,
    0xa0, 0xf, 0xfe, 0x74, 0x10, 0x50, 0x7, 0xff,
    0x93, 0x80, 0xa, 0x1, 0xff, 0xcd, 0x37, 0x5,
    0x40, 0xf, 0xff, 0x18, 0xa0, 0x19, 0x0, 0x7f,
    0xf3, 0x78, 0x6, 0xc0, 0x3f, 0xfc, 0x8e, 0x0,
    0xb0, 0xf, 0xfe, 0x6c, 0x10, 0x58, 0x80, 0x7f,
    0xf9, 0x28, 0x0, 0xc0, 0x1f, 0xfc, 0xc3, 0x70,
    0x45, 0x0, 0xff, 0xf2, 0x11, 0x81, 0x88, 0x7,
    0xff, 0x33, 0x80, 0x14, 0x1, 0xff, 0xe5, 0x50,
    0x5, 0x0, 0x7f, 0xf3, 0x20, 0x82, 0x44, 0x3,
    0xff, 0xcb, 0x40, 0x7, 0x0, 0xff, 0xe5, 0x93,
    0x81, 0xb0, 0x7, 0xff, 0x94, 0xc8, 0x10, 0x40,
    0x3f, 0xf9, 0x7c, 0x0, 0xe0, 0xf, 0xff, 0x35,
    0x80, 0x34, 0x3, 0xff, 0x96, 0xe6, 0xe, 0x40,
    0x1f, 0xfe, 0x66, 0x0, 0x38, 0x7, 0xff, 0x28,
    0xa0, 0xa, 0x0, 0x3f, 0xfc, 0xc6, 0x20, 0x82,
    0x1, 0xff, 0xca, 0xe0, 0x7, 0x0, 0x7f, 0xf9,
    0xe8, 0x1, 0xa0, 0x1f, 0xfc, 0xa7, 0x30, 0x63,
    0x0, 0xff, 0xf3, 0xb8, 0x1, 0xc0, 0x3f, 0xf9,
    0x25, 0x0, 0x52, 0x1, 0xff, 0xe7, 0x41, 0x4,
    0x10, 0xf, 0xfe, 0x4f, 0x0, 0x24, 0x3, 0xff,
    0xd1, 0xa0, 0xd, 0x0, 0xff, 0xe4, 0xb1, 0x83,
    0x20, 0x7, 0xff, 0xa1, 0xc0, 0xe, 0x1, 0xff,
    0xc8, 0x29, 0x1, 0x80, 0xf, 0xff, 0x42, 0x8,
    0x18, 0x80, 0x7f, 0xf2, 0x24, 0x1, 0x62, 0x1,
    0xff, 0xe8, 0xd0, 0x5, 0x80, 0x7f, 0xf2, 0x19,
    0x1, 0x54, 0x1, 0xff, 0xe9, 0x70, 0x3, 0x0,
    0x7f, 0xf1, 0xc6, 0x40, 0x6c, 0x3, 0xff, 0xd2,
    0x62, 0x6, 0x20, 0x1f, 0xfc, 0x7a, 0x0, 0x58,
    0x80, 0x7f, 0xfa, 0x6c, 0x1, 0x60, 0x1f, 0xfc,
    0x76, 0x40, 0x45, 0x0, 0xff, 0xf5, 0x28, 0x1,
    0x40, 0x3f, 0xf8, 0xc3, 0x0, 0x34, 0x1, 0xff,
    0xea, 0x32, 0x2, 0x20, 0x7, 0xff, 0x1a, 0x84,
    0x20, 0x40, 0x3f, 0xfd, 0x56, 0x0, 0x40, 0xf,
    0xfe, 0x32, 0xa0, 0x23, 0x0, 0x7f, 0xfa, 0xd4,
    0x1, 0xa0, 0x1f, 0xfc, 0x51, 0xb0, 0x5, 0x0,
    0x7f, 0xfa, 0xc4, 0x80, 0x8, 0x1, 0xff, 0xc5,
    0xb1, 0x9, 0x10, 0xf, 0xff, 0x5b, 0x80, 0x14,
    0x3, 0xff, 0x8a, 0xaa, 0x4, 0x60, 0xf, 0xff,
    0x66, 0x80, 0x3c, 0x3, 0xff, 0x88, 0x36, 0x3,
    0x40, 0x1f, 0xfe, 0xd4, 0x0, 0x20, 0x7, 0xff,
    0x12, 0xc4, 0x2c, 0x40, 0x3f, 0xfd, 0x88, 0x0,
    0x31, 0x0, 0xff, 0xe1, 0xaa, 0x81, 0x54, 0x1,
    0xff, 0xed, 0xd0, 0x2, 0x0, 0x7f, 0xf0, 0xc6,
    0xc0, 0x6c, 0x3, 0xff, 0xdc, 0xe0, 0xb, 0x0,
    0xff, 0xe1, 0xd8, 0x85, 0x88, 0x7, 0xff, 0xb4,
    0x84, 0x0, 0x60, 0x1f, 0xfc, 0x25, 0x50, 0x32,
    0x80, 0x7f, 0xfb, 0x90, 0x0, 0x80, 0x1f, 0xfc,
    0x21, 0xb0, 0x19, 0x0, 0xff, 0xf7, 0xe0, 0x3,
    0x0, 0x3f, 0xf8, 0x54, 0x21, 0xa0, 0x1f, 0xff,
    0x4, 0x0, 0x28, 0x7, 0xff, 0x5, 0x90, 0x1c,
    0xc0, 0x3f, 0xfd, 0xe4, 0x20, 0x24, 0x1, 0xff,
    0xc0, 0x29, 0x2, 0x80, 0xf, 0xff, 0x82, 0x0,
    0x14, 0x3, 0xff, 0x83, 0xc0, 0xf, 0x0, 0xff,
    0xf8, 0xe0, 0x3, 0x0, 0x3f, 0xf8, 0xe, 0x61,
    0x24, 0x1, 0xff, 0xf1, 0x70, 0x2, 0x0, 0x7f,
    0xc5, 0x0, 0x8c, 0x1, 0xff, 0xf2, 0x20, 0x1,
    0x80, 0x7f, 0xde, 0x3, 0x40, 0x1f, 0xff, 0x23,
    0x0, 0x10, 0x7, 0xfd, 0x4, 0x14, 0x20, 0x1f,
    0xff, 0x25, 0x0, 0x20, 0x7, 0xf9, 0x1c, 0x1d,
    0x0, 0x3f, 0xfe, 0x7e, 0x0, 0xe0, 0xf, 0xe1,
    0xa0, 0x48, 0x0, 0xff, 0xfa, 0x10, 0x0, 0xc0,
    0x3f, 0xa8, 0x45, 0x40, 0x1f, 0xff, 0x56, 0x0,
    0x30, 0x7, 0xe7, 0x40, 0xa1, 0x0, 0xff, 0xfa,
    0x90, 0x0, 0x80, 0x3e, 0x38, 0x8, 0x40, 0xf,
    0xff, 0xc0, 0x80, 0x7c, 0x3a, 0xa, 0xe0, 0x1f,
    0xff, 0x61, 0x0, 0x18, 0x7, 0xd4, 0x25, 0x40,
    0x1f, 0xff, 0xa1, 0x0, 0xf4, 0x20, 0xe0, 0x7,
    0xff, 0xfc, 0x0, 0xae, 0x1a, 0x20, 0x1f, 0xff,
    0x81, 0x0, 0x8, 0x6, 0x3a, 0xa, 0x30, 0xf,
    0xff, 0xd0, 0x81, 0x8, 0x0, 0xf4, 0x25, 0x40,
    0x3f, 0xff, 0x68, 0x0, 0xb0, 0x5c, 0x19, 0x60,
    0xf, 0xff, 0xe7, 0x80, 0x17, 0xe8, 0x25, 0x80,
    0x3f, 0xff, 0xaa, 0x60, 0x1a, 0x98, 0x3, 0xff,
    0xff, 0xa8, 0xb, 0xca, 0x1, 0xff, 0xfe,

    /* U+0057 "W" */
    0x0, 0xff, 0xff, 0x80, 0x7f, 0xf2, 0xc7, 0x54,
    0x3, 0xff, 0xfe, 0x1, 0xff, 0xcc, 0x21, 0x0,
    0xff, 0xff, 0x80, 0x7f, 0xf2, 0xdc, 0x50, 0x3,
    0xff, 0xfe, 0x1, 0xff, 0xcb, 0xb6, 0x0, 0xff,
    0xff, 0x80, 0x7f, 0xf2, 0xd0, 0xa8, 0x3, 0xff,
    0xfe, 0x1, 0xff, 0xcb, 0xf3, 0x20, 0xf, 0xff,
    0xf8, 0x7, 0xff, 0x28, 0x92, 0x40, 0x3f, 0xff,
    0xe0, 0x1f, 0xfc, 0xb8, 0x15, 0x0, 0xff, 0xff,
    0x80, 0x7f, 0xf2, 0x85, 0x64, 0x3, 0xff, 0xfe,
    0x1, 0xff, 0xcb, 0x80, 0x60, 0xf, 0xfe, 0xf4,
    0xfc, 0x80, 0x7f, 0xfa, 0x5, 0x98, 0x20, 0x1f,
    0xfd, 0xd9, 0x60, 0x61, 0x0, 0xff, 0xf3, 0xc8,
    0x58, 0x7, 0xff, 0x75, 0x18, 0x2, 0x10, 0xf,
    0xff, 0x3b, 0xa1, 0x0, 0x7f, 0xf7, 0x64, 0x1,
    0x50, 0x1, 0xff, 0xe7, 0x70, 0x80, 0xf, 0xfe,
    0xeb, 0x90, 0x22, 0xb8, 0x7, 0xff, 0x9e, 0x4c,
    0xc0, 0x1f, 0xfd, 0xc1, 0x80, 0x4, 0x80, 0x7f,
    0xfa, 0x1c, 0x64, 0x3, 0xff, 0xbb, 0x0, 0x6,
    0x20, 0xf, 0xff, 0x44, 0x92, 0x80, 0x7f, 0xf7,
    0xd, 0x80, 0x10, 0x1, 0xff, 0xe8, 0x61, 0x80,
    0xf, 0xfe, 0xef, 0x80, 0x1c, 0x40, 0x3f, 0xfd,
    0x10, 0x2a, 0x1, 0xff, 0xdc, 0x53, 0x1, 0x80,
    0xf, 0xff, 0x43, 0xc, 0x0, 0x7f, 0xf7, 0x60,
    0x1, 0x0, 0x1f, 0xfe, 0x98, 0x16, 0x0, 0xff,
    0xee, 0x31, 0x1, 0x30, 0x7, 0xff, 0xa1, 0x86,
    0x40, 0x3f, 0xfb, 0xb0, 0x0, 0x80, 0xf, 0xff,
    0x4c, 0xb, 0x80, 0x7f, 0xf7, 0x20, 0x40, 0xd4,
    0x3, 0xff, 0xd0, 0xc3, 0x20, 0x1f, 0xfd, 0xc1,
    0x70, 0x4, 0x0, 0x7f, 0xfa, 0x60, 0x5c, 0x3,
    0xff, 0xb9, 0x0, 0x4, 0x40, 0x7, 0xff, 0xa1,
    0xc6, 0x40, 0x3f, 0xfb, 0x84, 0xc0, 0x8, 0x0,
    0xff, 0xf4, 0xc8, 0xb8, 0x7, 0xff, 0x72, 0x0,
    0x8, 0x60, 0x1f, 0xfe, 0x87, 0x19, 0x0, 0xff,
    0xee, 0x12, 0x80, 0x24, 0x3, 0xff, 0xd0, 0x32,
    0x2e, 0x1, 0xff, 0xdc, 0x80, 0x2, 0x90, 0x7,
    0xff, 0xa2, 0x46, 0x40, 0x3f, 0xfb, 0x86, 0xa0,
    0x8, 0x0, 0xff, 0xf4, 0xb, 0x8b, 0x80, 0x7f,
    0xf7, 0x20, 0x0, 0xc4, 0x1, 0xff, 0xe8, 0x90,
    0x80, 0xf, 0xfe, 0xe1, 0xa0, 0x2, 0x0, 0x3f,
    0xfd, 0x2, 0xe2, 0xc0, 0x1f, 0xfd, 0xc8, 0x0,
    0x30, 0x80, 0x7f, 0xfa, 0x20, 0x2c, 0x3, 0xff,
    0xb8, 0x68, 0x0, 0x80, 0xf, 0xff, 0x41, 0x31,
    0x28, 0x7, 0xff, 0x72, 0x0, 0xc, 0x20, 0x1f,
    0xfe, 0x88, 0x8, 0x0, 0xff, 0xee, 0x1a, 0x0,
    0x20, 0x3, 0xff, 0xd0, 0x6a, 0x6a, 0x1, 0xff,
    0xdc, 0xf0, 0x3, 0x88, 0x7, 0xff, 0xa2, 0x2,
    0x0, 0x3f, 0xfb, 0x86, 0x60, 0x4, 0x80, 0x7f,
    0xfa, 0x11, 0x30, 0x7, 0xff, 0x72, 0x0, 0xe,
    0x20, 0x1f, 0xfe, 0x89, 0x8, 0x0, 0xff, 0xee,
    0x1a, 0x0, 0x24, 0x3, 0xff, 0xd0, 0xa4, 0xa6,
    0x1, 0xff, 0xdc, 0x80, 0x3, 0x88, 0x7, 0xff,
    0xa2, 0xc2, 0x0, 0x3f, 0xfb, 0x86, 0x80, 0x9,
    0x0, 0xff, 0xf4, 0x38, 0xb1, 0x0, 0x7f, 0xf7,
    0x24, 0x0, 0xc2, 0x1, 0xff, 0xc0, 0x25, 0x10,
    0xf, 0xfe, 0xc0, 0xc0, 0x40, 0x7, 0xff, 0x70,
    0x94, 0x1, 0x0, 0x1f, 0xfc, 0x8, 0xda, 0xa0,
    0x7, 0xff, 0x62, 0x2, 0x4, 0x3, 0xff, 0xb9,
    0x0, 0x6, 0x10, 0xf, 0xfa, 0x9c, 0x0, 0xa0,
    0x1f, 0xfd, 0x72, 0x61, 0x70, 0xf, 0xfe, 0xe1,
    0x28, 0x2, 0xc0, 0x3f, 0xe9, 0x50, 0xf, 0xfe,
    0xdc, 0x4, 0x0, 0x7f, 0xf7, 0x6c, 0x0, 0xc4,
    0x1, 0xfe, 0x66, 0x13, 0x0, 0xc, 0x3, 0xff,
    0xac, 0x6a, 0x4c, 0x1, 0xff, 0xdc, 0x16, 0x0,
    0x58, 0x7, 0xf8, 0xa4, 0x70, 0x2, 0x70, 0xf,
    0xfe, 0xb7, 0x84, 0x80, 0x7f, 0xf7, 0x60, 0x0,
    0xa4, 0x1, 0xfe, 0xf0, 0xa1, 0x50, 0x6, 0x80,
    0x7f, 0xf5, 0x54, 0xd1, 0x0, 0x1f, 0xfd, 0xc1,
    0x60, 0x4, 0x0, 0x7f, 0xa4, 0x99, 0x4, 0xc0,
    0x8, 0x1, 0xff, 0xd5, 0xb0, 0x90, 0xf, 0xfe,
    0xec, 0x80, 0x10, 0x80, 0x3f, 0x8d, 0x8a, 0x41,
    0x0, 0x23, 0x0, 0xff, 0xea, 0x38, 0xb1, 0x0,
    0x7f, 0xf7, 0x58, 0x1, 0x0, 0x1f, 0xee, 0xe,
    0x0, 0x60, 0x1, 0x0, 0x3f, 0xfa, 0x83, 0x1,
    0x0, 0x1f, 0xfd, 0xd6, 0x10, 0x33, 0x0, 0x7f,
    0x41, 0x31, 0x80, 0x10, 0x1, 0x80, 0x1f, 0xfd,
    0x48, 0x8, 0x10, 0xf, 0xfe, 0xec, 0x0, 0x20,
    0x3, 0xf8, 0xdc, 0x64, 0x0, 0x44, 0x0, 0x20,
    0x7, 0xff, 0x4c, 0xd8, 0x9c, 0x3, 0xff, 0xba,
    0xa2, 0x6, 0x80, 0x1f, 0xde, 0x14, 0x1, 0x20,
    0x4, 0x60, 0x1f, 0xfd, 0x3f, 0x9, 0x0, 0xff,
    0xef, 0x48, 0x2, 0x40, 0x3f, 0x9c, 0xd5, 0x0,
    0x2c, 0x0, 0x20, 0x7, 0xff, 0x4d, 0x4d, 0x10,
    0x1, 0xff, 0xdd, 0x43, 0x2, 0x50, 0xf, 0xc3,
    0x1, 0x60, 0x19, 0x0, 0x18, 0x1, 0xff, 0xd3,
    0xb0, 0x90, 0xf, 0xfe, 0xf7, 0x80, 0x2c, 0x3,
    0xfa, 0x82, 0x44, 0x2, 0x21, 0x0, 0x20, 0x7,
    0xff, 0x4a, 0x5, 0xc8, 0x3, 0xff, 0xba, 0x48,
    0x2, 0xc0, 0x1f, 0x95, 0xd, 0x80, 0x32, 0x80,
    0x46, 0x1, 0xff, 0xd1, 0x17, 0x18, 0x0, 0xff,
    0xef, 0x40, 0x1, 0x80, 0x3f, 0xac, 0x3c, 0x3,
    0xb0, 0x0, 0x80, 0x1f, 0xfd, 0x2b, 0xb, 0x0,
    0xff, 0xef, 0xa, 0x80, 0x24, 0x3, 0xf4, 0xb,
    0x18, 0x7, 0x20, 0x3, 0x0, 0x3f, 0xfa, 0x28,
    0xa6, 0xa0, 0x1f, 0xfd, 0xe9, 0x0, 0x30, 0x80,
    0x7c, 0x4e, 0x32, 0x1, 0xc6, 0x1, 0x20, 0x7,
    0xff, 0x46, 0x43, 0x80, 0x3f, 0xfb, 0xee, 0x0,
    0xb0, 0xf, 0xdc, 0x16, 0x1, 0xe4, 0x0, 0x9,
    0x80, 0x7f, 0xf4, 0x1c, 0x9c, 0x80, 0x3f, 0xfb,
    0xce, 0x0, 0x42, 0x0, 0xf9, 0x4c, 0xca, 0x1,
    0xec, 0x0, 0x28, 0x7, 0xff, 0x40, 0x60, 0x60,
    0x3, 0xff, 0xbf, 0x40, 0xf, 0x0, 0xfd, 0x61,
    0xc0, 0x1f, 0x20, 0x3, 0x0, 0x3f, 0xfa, 0x14,
    0x16, 0x1, 0xff, 0xdf, 0x42, 0x2, 0x40, 0xf,
    0xa4, 0x58, 0x80, 0x3c, 0x60, 0x12, 0x0, 0x7f,
    0xf3, 0xd1, 0x25, 0x0, 0xff, 0xef, 0xf8, 0x2,
    0xc0, 0x3e, 0x26, 0x18, 0x0, 0xf9, 0x40, 0x23,
    0x0, 0xff, 0xe7, 0xc8, 0x48, 0x7, 0xff, 0x7c,
    0x90, 0x5, 0x80, 0x3e, 0xe0, 0x81, 0x0, 0xfb,
    0x0, 0x8, 0x1, 0xff, 0xcf, 0x82, 0x82, 0x0,
    0xff, 0xef, 0xd8, 0x1, 0x80, 0x3e, 0x53, 0x33,
    0x0, 0x7e, 0x40, 0x6, 0x0, 0x7f, 0xf3, 0x89,
    0xc9, 0xc0, 0x3f, 0xfc, 0xc, 0x0, 0xa0, 0xf,
    0xac, 0x3c, 0x3, 0xf0, 0x88, 0x0, 0x60, 0x1f,
    0xfc, 0xee, 0xe, 0x0, 0xff, 0xf0, 0x30, 0x1,
    0x48, 0x3, 0xd0, 0x2c, 0x60, 0x1f, 0x90, 0x2,
    0x40, 0xf, 0xfe, 0x6b, 0x9b, 0x18, 0x7, 0xff,
    0x82, 0xc0, 0x1c, 0x1, 0xe2, 0x71, 0x80, 0xf,
    0xec, 0x0, 0x18, 0x7, 0xff, 0x34, 0xa0, 0x64,
    0x3, 0xff, 0xc0, 0x84, 0x4, 0x80, 0x1e, 0x90,
    0x81, 0x0, 0xfe, 0x50, 0x2, 0x0, 0x7f, 0xf3,
    0x64, 0x28, 0x3, 0xff, 0xc3, 0xc0, 0xa, 0x0,
    0xf2, 0xa1, 0xb0, 0x7, 0xf8, 0xc0, 0x1a, 0x1,
    0xff, 0xcc, 0x54, 0x64, 0x0, 0xff, 0xf0, 0xa,
    0x80, 0x18, 0x3, 0xd6, 0x1e, 0x1, 0xfe, 0x30,
    0x9, 0x0, 0x3f, 0xf9, 0x63, 0x63, 0x20, 0x1f,
    0xfe, 0x16, 0x0, 0x28, 0x80, 0x74, 0xb, 0x18,
    0x7, 0xf9, 0x40, 0x4, 0x20, 0x1f, 0xfc, 0xba,
    0x1a, 0x0, 0xff, 0xf1, 0x50, 0x2, 0x40, 0x38,
    0x9c, 0x60, 0x3, 0xfe, 0xf0, 0x3, 0x80, 0x7f,
    0xf2, 0xd9, 0x19, 0x0, 0x3f, 0xfc, 0x28, 0x40,
    0x46, 0x1, 0xd2, 0x10, 0x20, 0x1f, 0xf2, 0x80,
    0x34, 0x3, 0xff, 0x94, 0x32, 0x30, 0x1, 0xff,
    0xe2, 0xe0, 0x5, 0x0, 0x72, 0x20, 0xd8, 0x3,
    0xff, 0x80, 0x60, 0x3, 0x0, 0xff, 0xe5, 0x50,
    0x50, 0x80, 0x7f, 0xf8, 0x94, 0x0, 0xc0, 0x1d,
    0x21, 0xc0, 0x1f, 0xfc, 0x2, 0x0, 0x90, 0x3,
    0xff, 0x92, 0xc8, 0xc8, 0x1, 0xff, 0xe2, 0x60,
    0x2, 0x8, 0x6, 0x72, 0x62, 0x0, 0xff, 0xe0,
    0x30, 0x0, 0x40, 0x3f, 0xf9, 0x25, 0x25, 0x20,
    0x1f, 0xfe, 0x3d, 0x0, 0x70, 0x6, 0x18, 0x19,
    0x0, 0xff, 0xe0, 0x98, 0x1, 0x40, 0x3f, 0xf9,
    0x3c, 0x1c, 0x1, 0xff, 0xe3, 0x14, 0x1, 0x50,
    0xd, 0x61, 0x60, 0x1f, 0xfc, 0x2e, 0x0, 0x18,
    0x7, 0xff, 0x22, 0xe, 0xc, 0x3, 0xff, 0xc6,
    0xc0, 0x7, 0x0, 0xc8, 0xa8, 0xa0, 0x1f, 0xfc,
    0x22, 0x0, 0x68, 0x7, 0xff, 0x1d, 0x1d, 0x1c,
    0x3, 0xff, 0xc9, 0x40, 0xa, 0x0, 0xd2, 0x12,
    0x1, 0xff, 0xc3, 0x50, 0x3, 0x0, 0x7f, 0xf1,
    0x86, 0x86, 0x80, 0x3f, 0xfc, 0x84, 0x40, 0x23,
    0x0, 0x9c, 0x9c, 0x80, 0x3f, 0xf8, 0x62, 0x0,
    0x30, 0xf, 0xfe, 0x35, 0xd, 0x8, 0x7, 0xff,
    0x91, 0x40, 0x14, 0x1, 0x14, 0x14, 0x0, 0x7f,
    0xf0, 0xc4, 0x0, 0x20, 0x1f, 0xfc, 0x68, 0x47,
    0x40, 0xf, 0xff, 0x2d, 0x80, 0x14, 0x2, 0x90,
    0x90, 0xf, 0xfe, 0x21, 0x80, 0x8, 0x3, 0xff,
    0x8a, 0xae, 0x90, 0x1, 0xff, 0xe5, 0x13, 0x3,
    0x20, 0x2, 0xa3, 0x20, 0x7, 0xff, 0x10, 0x40,
    0xc, 0x1, 0xff, 0xc4, 0x3a, 0x1a, 0x0, 0xff,
    0xf3, 0x38, 0x2, 0xc0, 0x3, 0x63, 0x0, 0x1f,
    0xfc, 0x57, 0x0, 0x18, 0x7, 0xff, 0xc, 0x74,
    0x34, 0x40, 0x3f, 0xfc, 0xd8, 0x0, 0x50, 0x4,
    0xd, 0x88, 0x7, 0xff, 0x20, 0x40, 0x3f, 0xf8,
    0x7a, 0x34, 0x60, 0x1f, 0xfe, 0x74, 0x2, 0x20,
    0x23, 0x22, 0x80, 0x7f, 0xf2, 0x7c, 0x3, 0xff,
    0x85, 0x66, 0xea, 0x1, 0xff, 0xe7, 0x21, 0x5,
    0x0, 0x48, 0xd0, 0x7, 0xff, 0x1d, 0xc0, 0x2,
    0x1, 0xff, 0xc1, 0xa4, 0x58, 0x0, 0xff, 0xf4,
    0x38, 0x3, 0x2, 0x4a, 0xc4, 0x3, 0xff, 0x8e,
    0x20, 0x1f, 0xfc, 0x3a, 0x54, 0xa0, 0xf, 0xff,
    0x4e, 0x80, 0x11, 0xc, 0x8a, 0x1, 0xff, 0xc8,
    0x30, 0x0, 0x80, 0x7f, 0xd4, 0xa7, 0x60, 0x1f,
    0xfe, 0xa3, 0x4, 0x1a, 0x1a, 0x0, 0xff, 0xe4,
    0x88, 0x83, 0x80, 0x3f, 0xd6, 0xa7, 0xa0, 0x1f,
    0xfe, 0xb7, 0x3, 0xd1, 0xa1, 0x0, 0xff, 0xe5,
    0x28, 0x10, 0x7, 0xe1, 0xc4, 0x3d, 0x10, 0xf,
    0xff, 0x58, 0x83, 0x1b, 0xa0, 0x7, 0xff, 0x2f,
    0x1, 0x4, 0x3, 0xcb, 0xe6, 0x98, 0x20, 0x1f,
    0xfe, 0xc1, 0x1, 0x48, 0x0, 0xff, 0xe6, 0x30,
    0x2, 0x0, 0x31, 0xdd, 0xb, 0x58, 0x7, 0xff,
    0xba, 0xc0, 0xec, 0x3, 0xff, 0x9a, 0x2a, 0xd,
    0xb3, 0x2d, 0xc4, 0xa, 0x90, 0xf, 0xff, 0x7b,
    0xde, 0x0, 0x7f, 0xf3, 0xec, 0x40, 0x99, 0x84,
    0xb, 0xca, 0x1, 0xff, 0xf1, 0x40, 0xf, 0xfe,
    0x80, 0xfb, 0x8, 0x13, 0x65, 0x8, 0x7, 0xff,
    0xc4,

    /* U+0058 "X" */
    0x0, 0xff, 0xf3, 0x18, 0x7, 0xff, 0xfc, 0x3,
    0xff, 0xa9, 0xb9, 0xa0, 0x1f, 0xfe, 0x95, 0xac,
    0x20, 0xf, 0xff, 0x20, 0x90, 0x10, 0x80, 0x7f,
    0xf9, 0x93, 0x69, 0x4c, 0x40, 0x3f, 0xfd, 0x6,
    0x1, 0xff, 0xe5, 0x9b, 0xa, 0xef, 0x30, 0xf,
    0xff, 0x20, 0x80, 0x7f, 0xf9, 0xcb, 0x5a, 0x75,
    0x44, 0x3, 0xff, 0xfe, 0x1, 0xff, 0xce, 0x3c,
    0xd, 0x60, 0xf, 0xff, 0x68, 0x80, 0x7f, 0xf8,
    0x53, 0x17, 0x8, 0x3, 0xff, 0xd6, 0x20, 0x1f,
    0xfe, 0x35, 0xb5, 0xb1, 0x0, 0xff, 0xff, 0x80,
    0x7f, 0xf4, 0x16, 0x9a, 0x80, 0x3f, 0xfd, 0xc6,
    0x0, 0x70, 0xf, 0xfe, 0xf2, 0xd3, 0xc8, 0x7,
    0xff, 0xfc, 0x3, 0xff, 0xa2, 0x94, 0xd0, 0x1,
    0xff, 0xf0, 0x10, 0x0, 0x80, 0x7f, 0xf7, 0x12,
    0xda, 0x40, 0x3f, 0xfe, 0x2e, 0x0, 0x30, 0xf,
    0xfe, 0xd9, 0xda, 0xc8, 0x7, 0xff, 0xc8, 0x40,
    0x3f, 0xfb, 0xa5, 0xa9, 0x40, 0x1f, 0xff, 0x33,
    0x0, 0x8, 0x7, 0xff, 0x64, 0x70, 0xac, 0x3,
    0xff, 0xe8, 0x20, 0xf, 0x0, 0xff, 0xec, 0xe1,
    0xe8, 0x7, 0xff, 0xd7, 0xc0, 0x3f, 0xfb, 0x76,
    0x78, 0x20, 0x1f, 0xff, 0x51, 0x0, 0x8, 0x7,
    0xff, 0x5e, 0x53, 0x44, 0x3, 0xff, 0xec, 0x60,
    0x3, 0x0, 0xff, 0xeb, 0x3b, 0x59, 0x80, 0x7f,
    0xfd, 0xc4, 0x0, 0x20, 0x1f, 0xfd, 0x55, 0x89,
    0x40, 0xf, 0xff, 0xc3, 0x80, 0x1c, 0x3, 0xff,
    0xa8, 0x74, 0xcc, 0x0, 0xff, 0xfc, 0x88, 0x0,
    0x40, 0x3f, 0xfa, 0x63, 0xa9, 0x20, 0x1f, 0xff,
    0xa3, 0x0, 0x18, 0x7, 0xff, 0x4f, 0x4e, 0xc0,
    0x3f, 0xff, 0x62, 0x0, 0x10, 0xf, 0xfe, 0x95,
    0x97, 0x80, 0x7f, 0xff, 0x44, 0x0, 0x20, 0x1f,
    0xfd, 0x8, 0x4d, 0x20, 0xf, 0xff, 0xe9, 0x80,
    0xc, 0x3, 0xff, 0x9e, 0xcf, 0x46, 0x1, 0xff,
    0xfe, 0x60, 0x0, 0x80, 0x7f, 0xf3, 0x8e, 0x5d,
    0x40, 0x3f, 0xff, 0xe2, 0x0, 0x70, 0xf, 0xfe,
    0x69, 0x6a, 0x40, 0x7, 0xff, 0xfc, 0xc, 0x0,
    0x40, 0x1f, 0xfc, 0xdf, 0x3b, 0x0, 0xff, 0xff,
    0x80, 0x38, 0x0, 0x20, 0x1f, 0xfc, 0xcb, 0x3c,
    0x0, 0xff, 0xff, 0x80, 0x42, 0x0, 0xe0, 0xf,
    0xfe, 0x5c, 0x26, 0x88, 0x7, 0xff, 0xfc, 0x2,
    0x20, 0x1, 0x80, 0x7f, 0xf2, 0x99, 0xe4, 0xc0,
    0x3f, 0xff, 0xe0, 0x19, 0x80, 0xc, 0x1, 0xff,
    0xc9, 0x39, 0x76, 0x0, 0xff, 0xff, 0x80, 0x71,
    0x80, 0x8, 0x3, 0xff, 0x90, 0x5a, 0x90, 0x1,
    0xff, 0xff, 0x0, 0xf0, 0x80, 0x4, 0x3, 0xff,
    0x91, 0xe7, 0x60, 0x1f, 0xff, 0xf0, 0xf, 0xc4,
    0x0, 0x10, 0xf, 0xfe, 0x35, 0x9f, 0x80, 0x7f,
    0xff, 0xc0, 0x3f, 0x98, 0x0, 0x40, 0x1f, 0xfc,
    0x58, 0x4a, 0x20, 0xf, 0xff, 0xf8, 0x7, 0xf1,
    0x0, 0x18, 0x3, 0xff, 0x88, 0xaf, 0x28, 0x1,
    0xff, 0xff, 0x0, 0xff, 0x70, 0x0, 0x80, 0x3f,
    0xf8, 0x67, 0x4c, 0xc0, 0xf, 0xff, 0xf8, 0x7,
    0xfc, 0x40, 0xe, 0x0, 0xff, 0xe1, 0xe, 0xa4,
    0x80, 0x7f, 0xff, 0xc0, 0x3f, 0xf8, 0xc, 0x0,
    0x20, 0xf, 0xfe, 0x16, 0x1d, 0x0, 0x7f, 0xff,
    0xc0, 0x3f, 0xf8, 0x24, 0x0, 0x60, 0xf, 0xfe,
    0xd, 0x17, 0x88, 0x7, 0xff, 0xfc, 0x3, 0xff,
    0x82, 0x22, 0x2, 0x0, 0xff, 0xe0, 0x42, 0xd9,
    0x0, 0x7f, 0xff, 0xc0, 0x3f, 0xf8, 0x64, 0x0,
    0x20, 0xf, 0xf3, 0x3c, 0x20, 0x7, 0xff, 0xfc,
    0x3, 0xff, 0x88, 0xc0, 0x6, 0x0, 0xfe, 0x49,
    0x67, 0x0, 0xff, 0xff, 0x80, 0x7f, 0xf1, 0x74,
    0x0, 0x40, 0x1f, 0x8a, 0x92, 0x40, 0x3f, 0xff,
    0xe0, 0x1f, 0xfc, 0x62, 0x0, 0x70, 0x7, 0xc3,
    0xe7, 0x40, 0x1f, 0xff, 0xf0, 0xf, 0xfe, 0x3b,
    0x80, 0xc, 0x3, 0xed, 0x3f, 0x10, 0xf, 0xff,
    0xf8, 0x7, 0xff, 0x1c, 0x80, 0xa, 0x1, 0xea,
    0x3d, 0x20, 0xf, 0xff, 0xf8, 0x7, 0xff, 0x24,
    0xc0, 0x44, 0x1, 0xa1, 0x68, 0xc0, 0x3f, 0xff,
    0xe0, 0x1f, 0xfc, 0xa6, 0x0, 0x28, 0x4, 0xaf,
    0xa, 0x1, 0xff, 0xff, 0x0, 0xff, 0xe5, 0xe8,
    0x0, 0xc0, 0x7, 0x4a, 0xe0, 0x1f, 0xff, 0xf0,
    0xf, 0xfe, 0x61, 0x80, 0x34, 0xb, 0x4e, 0x80,
    0x3f, 0xff, 0xe0, 0x1f, 0xfc, 0xd4, 0x0, 0x30,
    0xf9, 0xe8, 0x7, 0xff, 0xfc, 0x3, 0xff, 0x9e,
    0x40, 0x7a, 0x7e, 0x20, 0x1f, 0xff, 0xf0, 0xf,
    0xfe, 0x7b, 0x80, 0xe, 0x88, 0x3, 0xff, 0xfe,
    0x1, 0xff, 0xd0, 0xd0, 0x3, 0xa0, 0x7, 0xff,
    0xfc, 0x3, 0xff, 0xa8, 0x20, 0x1f, 0xff, 0xf0,
    0xf, 0xfe, 0x8a, 0xc0, 0x1, 0x0, 0x3f, 0xff,
    0xe0, 0x1f, 0xfd, 0x4, 0xa4, 0x30, 0x20, 0xf,
    0xff, 0xf8, 0x7, 0xff, 0x3c, 0xec, 0xed, 0x0,
    0x8, 0x1, 0xff, 0xff, 0x0, 0xff, 0xe6, 0x96,
    0x96, 0x86, 0x0, 0x30, 0x3, 0xff, 0xfe, 0x1,
    0xff, 0xcc, 0x1f, 0xc, 0x10, 0x40, 0x1, 0x80,
    0x7f, 0xff, 0xc0, 0x3f, 0xf9, 0x63, 0x87, 0x82,
    0x1, 0x18, 0x20, 0x7, 0xff, 0xfc, 0x3, 0xff,
    0x97, 0xa5, 0xa4, 0x1, 0xac, 0x0, 0x80, 0x1f,
    0xff, 0xf0, 0xf, 0xfe, 0x4d, 0x9d, 0x98, 0x7,
    0x20, 0x3, 0x0, 0x3f, 0xff, 0xe0, 0x1f, 0xfc,
    0x8a, 0x4b, 0x40, 0xf, 0x18, 0x82, 0x0, 0x7f,
    0xff, 0xc0, 0x3f, 0xf8, 0xf4, 0xb4, 0x80, 0x1f,
    0x90, 0xc, 0x40, 0x3f, 0xff, 0xe0, 0x1f, 0xfc,
    0x59, 0x59, 0x50, 0xf, 0xef, 0x0, 0x20, 0x7,
    0xff, 0xfc, 0x3, 0xff, 0x89, 0x2d, 0xc, 0x1,
    0xfe, 0x40, 0x7, 0x80, 0x7f, 0xff, 0xc0, 0x3f,
    0xf8, 0x72, 0xd0, 0xe0, 0x1f, 0xf0, 0xa0, 0x28,
    0x7, 0xff, 0xfc, 0x3, 0xff, 0x85, 0x2d, 0xe,
    0x1, 0xff, 0xc1, 0xd0, 0x2, 0x80, 0x7f, 0xff,
    0xc0, 0x3f, 0xf8, 0x12, 0xd0, 0xe0, 0x1f, 0xfc,
    0x27, 0x0, 0x78, 0x7, 0xff, 0xfc, 0x3, 0xfe,
    0x96, 0x87, 0x0, 0xff, 0xe1, 0x8a, 0x2, 0x0,
    0x7f, 0xff, 0xc0, 0x3f, 0xd4, 0xd0, 0xe0, 0x1f,
    0xfc, 0x5e, 0x1, 0x50, 0xf, 0xff, 0xf8, 0x7,
    0xea, 0x59, 0x70, 0xf, 0xfe, 0x32, 0x80, 0x38,
    0x3, 0xff, 0xfe, 0x1, 0xf5, 0xad, 0x30, 0x7,
    0xff, 0x21, 0x41, 0x4, 0x3, 0xff, 0xfe, 0x1,
    0x87, 0x12, 0xd4, 0x3, 0xff, 0x93, 0x20, 0x6,
    0x0, 0xff, 0xff, 0x80, 0x45, 0x87, 0x68, 0x1,
    0xff, 0xca, 0x33, 0x5, 0x0, 0x7f, 0xff, 0xc0,
    0x7, 0x87, 0xa8, 0x1, 0xff, 0xcc, 0xa0, 0x24,
    0x0, 0xff, 0xff, 0xa6, 0x1f, 0x90, 0x7, 0xff,
    0x35, 0x84, 0x3c, 0x3, 0xff, 0xfc, 0xd6, 0x9a,
    0x20, 0x1f, 0xfc, 0xf9, 0x4, 0x30, 0xf, 0xff,
    0xe4, 0xc9, 0xac, 0x3, 0xff, 0xa2, 0xe2, 0x12,
    0x1, 0xff, 0xfa, 0x1c, 0x69, 0x90, 0x7, 0xff,
    0x4e, 0x41, 0x48, 0x3, 0xff, 0xf0, 0x7e, 0x58,
    0xc0, 0x1f, 0xfd, 0x47, 0x10, 0x80, 0xf, 0xff,
    0xbb, 0xe1, 0x79, 0x80, 0x7f, 0xf5, 0xa4, 0x14,
    0xc0, 0x3f, 0xfe, 0x83, 0x70, 0xd8, 0x20, 0x1f,
    0xfd, 0x77, 0x20, 0xf0, 0xf, 0xff, 0x9a, 0xfa,
    0xd4, 0x80, 0x7f, 0xf6, 0xa4, 0xd, 0x40, 0x3f,
    0xfe, 0x3, 0x74, 0xbe, 0xa0, 0x1f, 0xfd, 0xb4,
    0x50, 0xb1, 0x0, 0xff, 0xf7, 0x3f, 0x2d, 0x58,
    0x80, 0x7f, 0xf7, 0x6c, 0x6, 0x0, 0x3f, 0xfd,
    0x89, 0xb0, 0xbe, 0xa0, 0x1f, 0xfd, 0xf1, 0x90,
    0x65, 0x0, 0xff, 0xf4, 0xa6, 0x58, 0xe5, 0x8,
    0x7, 0xff, 0x85, 0x94, 0x2c, 0x80, 0x3f, 0xfc,
    0xcd, 0xb6, 0x37, 0x86, 0x1, 0xff, 0xe4, 0xa2,
    0x1e, 0x0, 0xff, 0xf1, 0xa4, 0xfc, 0xb5, 0xea,
    0x0, 0x7f, 0xf9, 0xfc, 0x4e, 0xc0, 0x3f, 0xfb,
    0xf, 0x8, 0x66, 0x46, 0x8c, 0xfb, 0x77, 0x6d,
    0xa0, 0x7, 0xff, 0xa4, 0xb4, 0x12, 0x80, 0x3f,
    0xfa, 0xe2, 0xf7, 0x98, 0xb9, 0x67, 0x8c, 0xe8,
    0x20, 0xf, 0xff, 0x61, 0xd8, 0x2c, 0x80, 0x7f,
    0xf5, 0x9b, 0xb3, 0x2d, 0xfe, 0xb7, 0x30, 0xf,
    0xff, 0x82, 0x60, 0x35, 0x80, 0x7f, 0xf5, 0x84,
    0xce, 0x20, 0xf, 0xff, 0xb1, 0xe9, 0x26, 0x90,
    0x7, 0xff, 0xfc, 0x3, 0xff, 0xa2, 0x5a, 0xa5,
    0xae, 0x1, 0xff, 0xff, 0x0, 0xff, 0xe9, 0x55,
    0x6, 0x35, 0x40, 0x3f, 0xff, 0xe0, 0x1f, 0xfd,
    0x15, 0xe7, 0x2a, 0xd6, 0x10, 0xf, 0xfe, 0x9,
    0x31, 0x80, 0x7f, 0xff, 0xc0, 0x3f, 0xf8, 0x11,
    0xf0, 0x13, 0xd9, 0xa, 0x62, 0x38, 0x91, 0xeb,
    0xb6, 0xd8, 0x3, 0xff, 0xfe, 0x1, 0xff, 0xc2,
    0x7d, 0xd4, 0x3b, 0x56, 0x77, 0x6d, 0xab, 0x3b,
    0xed, 0x50, 0xf, 0xff, 0xf8, 0x7, 0xff, 0x10,
    0x9e, 0xfb, 0xf7, 0x59, 0xba, 0xfe, 0xc9, 0x51,
    0x0, 0xff, 0x80,

    /* U+0059 "Y" */
    0x0, 0xff, 0xff, 0x80, 0x7f, 0xfd, 0x4b, 0xc,
    0x3, 0xff, 0xf5, 0xe7, 0x20, 0x1f, 0xff, 0x99,
    0x30, 0x60, 0xf, 0xff, 0xc1, 0xb5, 0x0, 0x7f,
    0xfe, 0xbe, 0x0, 0xe, 0x1, 0xff, 0xf7, 0x52,
    0x73, 0x1, 0x0, 0xff, 0xe6, 0x2a, 0x80, 0x3f,
    0xfb, 0xb0, 0xc1, 0xa0, 0x40, 0x1f, 0xfc, 0xb9,
    0xaa, 0x18, 0x7, 0xff, 0x6d, 0x8a, 0x41, 0xc3,
    0x80, 0x3f, 0xf9, 0x4a, 0xc0, 0x5, 0x0, 0xff,
    0xed, 0xc3, 0x8, 0x88, 0x14, 0x3, 0xff, 0x92,
    0x36, 0x0, 0x17, 0x0, 0xff, 0xed, 0x38, 0xd8,
    0x28, 0x0, 0x80, 0x3f, 0xf9, 0x34, 0x20, 0xa,
    0x10, 0xf, 0xfe, 0xd4, 0xa1, 0x6, 0x0, 0x88,
    0x3, 0xff, 0x90, 0xc8, 0x0, 0x64, 0x0, 0xff,
    0xed, 0x38, 0xc0, 0x1, 0x1, 0x40, 0x3f, 0xf9,
    0x3, 0x0, 0x2, 0x90, 0xf, 0xfe, 0xdc, 0x99,
    0x80, 0x6, 0x18, 0x1, 0xff, 0xc8, 0xb1, 0x0,
    0x48, 0x7, 0xff, 0x6d, 0x86, 0x40, 0x8, 0x0,
    0x30, 0xf, 0xfe, 0x39, 0xa8, 0x1, 0x50, 0x3,
    0xff, 0xb7, 0x2, 0xa0, 0xd, 0x0, 0x20, 0x7,
    0xff, 0x1f, 0xc0, 0x2b, 0x0, 0xff, 0xed, 0xb0,
    0xc8, 0x4, 0x80, 0x40, 0x1f, 0xfc, 0x75, 0x30,
    0x4, 0x8, 0x7, 0xff, 0x6e, 0x1, 0xc0, 0x4,
    0x40, 0x40, 0xf, 0xfe, 0x3d, 0x80, 0x5, 0xc0,
    0x3f, 0xfb, 0x6c, 0x2e, 0x1, 0x20, 0x3, 0x0,
    0x3f, 0xf8, 0xce, 0x20, 0xb, 0x0, 0xff, 0xee,
    0x58, 0x48, 0x5, 0xa0, 0x4, 0x0, 0xff, 0xe2,
    0x8c, 0x80, 0x9, 0x40, 0x3f, 0xfb, 0x6a, 0x4a,
    0x20, 0x12, 0x1, 0x8, 0x7, 0xff, 0x16, 0x44,
    0x1, 0x20, 0x1f, 0xfd, 0xc8, 0x8, 0x0, 0x90,
    0x0, 0x80, 0x1f, 0xfc, 0x51, 0x70, 0x1, 0xa0,
    0x7, 0xff, 0x6d, 0x49, 0x8, 0x2, 0xd0, 0x6,
    0x80, 0x7f, 0xf1, 0x64, 0x2, 0x80, 0xf, 0xfe,
    0xe4, 0x87, 0x80, 0x67, 0x0, 0x20, 0x7, 0xff,
    0x10, 0x5c, 0x0, 0x68, 0x1, 0xff, 0xdb, 0x43,
    0x32, 0x0, 0x46, 0x20, 0x60, 0x1f, 0xfc, 0x56,
    0x0, 0xa0, 0x3, 0xff, 0xb9, 0x1, 0x20, 0x1a,
    0xc0, 0x16, 0x1, 0xff, 0xc5, 0x90, 0x1, 0x20,
    0x7, 0xff, 0x6d, 0xc, 0x94, 0x3, 0x28, 0x1,
    0x40, 0x3f, 0xf8, 0x8c, 0x20, 0x8, 0x0, 0xff,
    0xee, 0x40, 0x58, 0x6, 0x22, 0x0, 0x90, 0x7,
    0xff, 0x12, 0xc0, 0x4, 0xa0, 0x1f, 0xfd, 0xb4,
    0x31, 0x60, 0xc, 0xa0, 0x7, 0x0, 0xff, 0xe2,
    0x21, 0x0, 0x28, 0x3, 0xff, 0xb9, 0x1, 0x0,
    0x1d, 0x60, 0xc, 0x0, 0xff, 0xe2, 0x78, 0x4,
    0xe0, 0x1f, 0xfd, 0xb4, 0x31, 0x60, 0xc, 0x26,
    0x0, 0x50, 0xf, 0xfe, 0x19, 0x20, 0x1, 0xc0,
    0x3f, 0xfb, 0x90, 0x12, 0x1, 0xcc, 0x0, 0x50,
    0xf, 0xfe, 0x25, 0x0, 0x54, 0x1, 0xff, 0xdb,
    0x43, 0x17, 0x0, 0xeb, 0x0, 0x78, 0x7, 0xff,
    0x11, 0x80, 0x8, 0x40, 0x1f, 0xfd, 0xb8, 0x9,
    0x0, 0xe1, 0x30, 0x2, 0x0, 0x7f, 0xf0, 0xd0,
    0x40, 0x1c, 0x1, 0xff, 0xdb, 0x43, 0x17, 0x0,
    0xe7, 0x0, 0x20, 0x80, 0x7f, 0xf0, 0xf8, 0x0,
    0x2a, 0x1, 0xff, 0xdb, 0x90, 0x90, 0xf, 0x50,
    0x3, 0x40, 0x3f, 0xf8, 0x62, 0xa0, 0x6, 0x0,
    0xff, 0xed, 0xa9, 0xb, 0x80, 0x71, 0x18, 0x1,
    0xc0, 0x3f, 0xf8, 0x6e, 0x1, 0x50, 0x7, 0xff,
    0x6e, 0x2, 0x40, 0x3c, 0xa0, 0x3, 0x10, 0xf,
    0xfe, 0x1e, 0x80, 0x8, 0x80, 0x1f, 0xfd, 0xa6,
    0x21, 0x70, 0xf, 0x50, 0x2, 0x80, 0x3f, 0xf8,
    0x62, 0x80, 0xa, 0x0, 0xff, 0xed, 0xc0, 0x48,
    0x7, 0x88, 0x80, 0x7, 0x0, 0xff, 0xe1, 0xb8,
    0x4, 0xa0, 0x1f, 0xfd, 0xa7, 0x11, 0x38, 0x7,
    0xa8, 0x0, 0x82, 0x1, 0xff, 0xc3, 0xd0, 0x1,
    0x90, 0x7, 0xff, 0x6a, 0x42, 0x0, 0x3e, 0x50,
    0x6, 0x80, 0x7f, 0xf1, 0x10, 0x1, 0x60, 0x1f,
    0xfd, 0xa8, 0x12, 0x60, 0xf, 0x19, 0x0, 0x1c,
    0x3, 0xff, 0x86, 0x80, 0x12, 0x80, 0x7f, 0xf6,
    0x45, 0xc2, 0x0, 0x3e, 0xa0, 0x2, 0x8, 0x7,
    0xff, 0xf, 0x0, 0x2, 0x40, 0x1f, 0xfd, 0x98,
    0x2, 0x50, 0xf, 0x9c, 0x1, 0xc0, 0x1f, 0xfc,
    0x45, 0x0, 0x38, 0x7, 0xff, 0x64, 0x98, 0x24,
    0x3, 0xe5, 0x10, 0x2, 0x80, 0x7f, 0xf0, 0xc4,
    0x80, 0x1a, 0x1, 0xff, 0xd9, 0x90, 0x44, 0x0,
    0x7d, 0xc0, 0x6, 0x0, 0xff, 0xe2, 0x28, 0x4,
    0x80, 0x1f, 0xfd, 0x84, 0x40, 0x48, 0x7, 0xc2,
    0x80, 0xd, 0x0, 0xff, 0xe2, 0x60, 0x0, 0xc0,
    0x3f, 0xfb, 0x32, 0xc, 0x40, 0x1f, 0x30, 0x0,
    0x50, 0x3, 0xff, 0x88, 0x80, 0x4, 0x0, 0xff,
    0xec, 0x31, 0x4, 0x0, 0x7e, 0xa0, 0x3, 0x0,
    0x7f, 0xf1, 0x4c, 0x1, 0xa0, 0x1f, 0xfd, 0x71,
    0x80, 0x81, 0x0, 0xf8, 0xc8, 0x1, 0x40, 0x1f,
    0xfc, 0x42, 0x0, 0x90, 0x3, 0xff, 0xaf, 0x2,
    0x4e, 0x1, 0xfa, 0x80, 0x6, 0x40, 0x1f, 0xfc,
    0x46, 0x0, 0x8, 0x80, 0x3f, 0xfa, 0xc6, 0xc1,
    0x20, 0x1f, 0xce, 0x0, 0xa0, 0xf, 0xfe, 0x29,
    0x0, 0x8, 0x3, 0xff, 0xaf, 0xe0, 0x88, 0x0,
    0xfc, 0xa2, 0x0, 0x70, 0xf, 0xfe, 0x2f, 0x80,
    0x14, 0x3, 0xff, 0xac, 0xc6, 0x12, 0x1, 0xfd,
    0xc0, 0x5, 0x10, 0xf, 0xfe, 0x29, 0x0, 0x3c,
    0x3, 0xff, 0xaa, 0x32, 0x10, 0x40, 0x1f, 0x89,
    0x0, 0x1c, 0x1, 0xff, 0xc6, 0x70, 0x1, 0x80,
    0x7f, 0xf5, 0x68, 0x9, 0xc0, 0x3f, 0xa8, 0x0,
    0x48, 0x1, 0xff, 0xc4, 0x10, 0x10, 0x3, 0x0,
    0x7f, 0xf5, 0x15, 0x3, 0x80, 0x3f, 0xcc, 0x0,
    0xa0, 0xf, 0xfe, 0x12, 0xdf, 0xd8, 0x6, 0x10,
    0xf, 0xfe, 0x98, 0xd8, 0x39, 0x80, 0x7f, 0x28,
    0x80, 0x18, 0x3, 0xfe, 0x4a, 0xfa, 0x1b, 0xa0,
    0x30, 0x1, 0x0, 0x7f, 0xf4, 0xe8, 0x4a, 0x0,
    0x3f, 0xdc, 0x0, 0x51, 0x0, 0xfc, 0x51, 0xd6,
    0x15, 0xf4, 0x80, 0x1, 0x0, 0xff, 0xea, 0xb2,
    0x7, 0x0, 0x7f, 0x89, 0x0, 0x1c, 0x1, 0xf2,
    0xe6, 0xa4, 0x7d, 0x28, 0x7, 0xff, 0x68, 0xa4,
    0x20, 0xc0, 0x3f, 0xd4, 0x0, 0x24, 0x0, 0xc5,
    0x1d, 0x6b, 0xb8, 0xc0, 0x1f, 0x84, 0x3, 0xff,
    0xa9, 0xe0, 0x6e, 0x1, 0xff, 0x30, 0x2, 0xc0,
    0x24, 0xbd, 0x4b, 0xe9, 0x20, 0xf, 0xf1, 0x80,
    0x7f, 0xf4, 0xe4, 0x83, 0x80, 0x3f, 0xe6, 0x10,
    0x3, 0x3, 0x6d, 0x8e, 0x61, 0x40, 0x3f, 0xf8,
    0x22, 0x0, 0x10, 0xf, 0xfe, 0x7b, 0x30, 0x28,
    0x80, 0x3f, 0xea, 0x0, 0x2b, 0xf4, 0x57, 0x51,
    0x80, 0x7f, 0xf0, 0xd8, 0x0, 0x40, 0x1f, 0xfc,
    0xe3, 0x90, 0x75, 0x0, 0xff, 0x8c, 0xc0, 0x5,
    0x99, 0x73, 0x88, 0x7, 0xff, 0x14, 0x80, 0xc,
    0x1, 0xff, 0xcd, 0x3d, 0x4, 0x80, 0xf, 0xfe,
    0x4, 0x80, 0x6, 0x79, 0xc0, 0x3f, 0xf9, 0x18,
    0x0, 0xd0, 0xf, 0xfe, 0x61, 0x68, 0x95, 0x0,
    0x7f, 0xf0, 0x1d, 0x40, 0x14, 0xc0, 0x1f, 0xfc,
    0xa5, 0x0, 0x20, 0x7, 0xff, 0x2c, 0xb0, 0x45,
    0x82, 0x1, 0xfe, 0x5e, 0x80, 0x1, 0xa0, 0x7,
    0xff, 0x2c, 0x4c, 0xc, 0x40, 0x3f, 0xf9, 0x27,
    0x82, 0x2c, 0x10, 0xf, 0xe3, 0xca, 0x20, 0xa,
    0x40, 0x3f, 0xf9, 0xb6, 0x0, 0x70, 0xf, 0xfe,
    0x42, 0xe0, 0x8b, 0x48, 0x3, 0xf0, 0xce, 0x15,
    0x48, 0x0, 0x54, 0x3, 0xff, 0x9a, 0xc0, 0xb,
    0x0, 0xff, 0xe3, 0xcd, 0x0, 0xe1, 0x80, 0x7e,
    0x6f, 0x68, 0xe5, 0x90, 0x4, 0x0, 0x7f, 0xf3,
    0x85, 0x80, 0x98, 0x3, 0xff, 0x88, 0x5a, 0xc0,
    0x5e, 0x40, 0x1f, 0xd, 0xca, 0xeb, 0x81, 0x98,
    0x5, 0x80, 0x3f, 0xf9, 0xf0, 0x0, 0x93, 0x0,
    0xff, 0xe0, 0x8c, 0xe9, 0x2, 0xe8, 0x80, 0x7c,
    0xdc, 0xb5, 0x64, 0x0, 0x90, 0x3, 0x0, 0x7f,
    0xf4, 0x6, 0x40, 0x1a, 0x60, 0x1f, 0xe1, 0x7f,
    0x60, 0x5, 0x50, 0x3, 0xe1, 0xa9, 0x4f, 0x50,
    0x8, 0x94, 0x1, 0x20, 0x1f, 0xfd, 0x16, 0x60,
    0xe, 0x49, 0x80, 0x70, 0xad, 0x74, 0x8, 0x26,
    0xa8, 0x7, 0xc7, 0x8b, 0x36, 0x20, 0x1a, 0xc0,
    0xe, 0x20, 0x1f, 0xfd, 0x29, 0x60, 0x3, 0x67,
    0x65, 0x66, 0xf5, 0x28, 0x0, 0xae, 0xc4, 0x1,
    0xf3, 0x60, 0x6b, 0x0, 0x70, 0xb0, 0x2, 0x40,
    0x3f, 0xfa, 0x93, 0x44, 0x0, 0x13, 0x53, 0x20,
    0x9, 0x2f, 0x50, 0x3, 0xf4, 0xc9, 0xb4, 0x80,
    0x3d, 0x20, 0x7, 0x10, 0xf, 0xfe, 0xaa, 0xed,
    0xb1, 0x0, 0x4, 0x96, 0xba, 0xd0, 0x3, 0xf0,
    0xe3, 0x4c, 0x80, 0x3e, 0x17, 0x0, 0x48, 0x7,
    0xff, 0x61, 0x27, 0x7f, 0xdd, 0xb4, 0xa2, 0x1,
    0xfc, 0x38, 0x58, 0xc0, 0x1f, 0xa4, 0x0, 0xe2,
    0x1, 0xff, 0xea, 0x2f, 0xc, 0x30, 0xf, 0xc2,
    0xe0, 0x9, 0x0, 0xff, 0xf5, 0x1e, 0x1e, 0x10,
    0x7, 0xf4, 0x0, 0x1c, 0x40, 0x3f, 0xfd, 0x27,
    0xa5, 0x82, 0x1, 0xfc, 0x4c, 0x3, 0x0, 0x1f,
    0xfe, 0x92, 0xd2, 0xc1, 0x0, 0xff, 0x40, 0x2,
    0x40, 0x3f, 0xfd, 0x23, 0x87, 0xa0, 0x1f, 0xf1,
    0xa8, 0x13, 0x80, 0x7f, 0xfa, 0x74, 0x30, 0x40,
    0x3f, 0xef, 0x0, 0x40, 0x7, 0xff, 0xa6, 0x8f,
    0x44, 0x3, 0xfe, 0x53, 0x4, 0x50, 0xf, 0xff,
    0x43, 0x2d, 0x18, 0x7, 0xff, 0x2, 0xc0, 0x12,
    0x1, 0xff, 0xe8, 0x29, 0x55, 0x0, 0x7f, 0xf0,
    0x20, 0x41, 0xc8, 0x3, 0xff, 0xd1, 0x23, 0x60,
    0x1f, 0xfc, 0x2, 0x70, 0x18, 0x0, 0xff, 0xf4,
    0x2a, 0x58, 0x80, 0x7f, 0xf0, 0x38, 0x1, 0x40,
    0x1f, 0xfe, 0x98, 0x35, 0x0, 0xff, 0xe0, 0x31,
    0x82, 0xa0, 0x7, 0xff, 0xa1, 0xa, 0x0, 0x3f,
    0xf8, 0x5, 0x20, 0x36, 0x1, 0xff, 0xe9, 0xf2,
    0x40, 0xf, 0xfe, 0x7, 0x80, 0x28, 0x40, 0x3f,
    0xfd, 0x29, 0x40, 0x1f, 0xfc, 0x9, 0x20, 0x74,
    0x0, 0xff, 0xf4, 0xa8, 0x28, 0x7, 0xfc, 0xac,
    0x7, 0x0, 0x1f, 0xfe, 0xad, 0x12, 0x0, 0xff,
    0x1d, 0x0, 0xe8, 0x7, 0xff, 0xac, 0x88, 0x1,
    0xfe, 0x2d, 0x0, 0x68, 0x80, 0x7f, 0xfb, 0x4,
    0x3, 0xf8, 0xb0, 0x42, 0xcc, 0x3, 0xff, 0xd8,
    0x64, 0x1, 0xf8, 0xf0, 0x42, 0x90, 0x3, 0xff,
    0xdb, 0x80, 0xe0, 0x1e, 0x7c, 0x10, 0xa5, 0x0,
    0xff, 0xf7, 0x28, 0xc3, 0x88, 0x13, 0x6c, 0x0,
    0xe2, 0x80, 0x7f, 0xfc, 0x34, 0x23, 0xbf, 0x64,
    0x81, 0x7c, 0xc0, 0x3f, 0xfe, 0x27, 0xaa, 0x1,
    0xa, 0xe5, 0x8, 0x7, 0xff, 0xcc, 0xab, 0xfb,
    0xfa, 0x8c, 0x3, 0xff, 0xc4,

    /* U+005A "Z" */
    0x0, 0xff, 0xf3, 0x89, 0xb4, 0x55, 0xef, 0x7f,
    0xee, 0xe6, 0xdc, 0xb2, 0x0, 0x7f, 0xfe, 0x49,
    0xab, 0xb9, 0x92, 0xea, 0xa0, 0x23, 0x31, 0x10,
    0x4, 0x91, 0xa6, 0xff, 0x20, 0x80, 0x3f, 0xfe,
    0x22, 0xd5, 0xdb, 0x2e, 0x8f, 0x59, 0xdf, 0xdb,
    0x99, 0x6e, 0xbb, 0xf6, 0xe5, 0x44, 0xd, 0xf7,
    0x14, 0x3, 0xff, 0xda, 0xb7, 0xd2, 0xee, 0xae,
    0xda, 0x85, 0x31, 0x0, 0xff, 0x12, 0x35, 0x76,
    0xc0, 0x81, 0xd6, 0x18, 0x7, 0xff, 0xa0, 0xeb,
    0xe8, 0x27, 0xb6, 0x54, 0x40, 0x3f, 0xf9, 0x24,
    0xfd, 0x64, 0x7, 0x90, 0x1, 0xff, 0xe5, 0x5c,
    0xc3, 0x4f, 0x5b, 0x8, 0x7, 0xff, 0x41, 0x36,
    0x0, 0xf, 0x40, 0x1f, 0xfe, 0x25, 0xda, 0x6c,
    0xc3, 0x8, 0x7, 0xff, 0x55, 0xf0, 0x41, 0x68,
    0x3, 0xff, 0xbe, 0x57, 0x4f, 0xb4, 0x60, 0x1f,
    0xfd, 0x93, 0xc1, 0x5, 0x60, 0xf, 0xfe, 0xeb,
    0xeb, 0xe5, 0x10, 0x7, 0xff, 0x70, 0xa8, 0x1,
    0x0, 0x1f, 0xfd, 0xb2, 0xc8, 0x9c, 0x30, 0xf,
    0xfe, 0xfa, 0x30, 0xb, 0x0, 0x7f, 0xf6, 0x53,
    0x7, 0x58, 0x3, 0xff, 0xc5, 0x60, 0xd, 0x0,
    0xff, 0xec, 0x2d, 0xae, 0x90, 0x7, 0xff, 0x8c,
    0x88, 0x8, 0x1, 0xff, 0xd7, 0x5a, 0x5b, 0x0,
    0xff, 0xf3, 0x38, 0x0, 0x80, 0x3f, 0xfa, 0xa7,
    0x4b, 0x40, 0x1f, 0xfe, 0x72, 0x0, 0x30, 0x7,
    0xff, 0x50, 0x74, 0xa8, 0x3, 0xff, 0xd1, 0xe0,
    0x1, 0x0, 0xff, 0xea, 0x58, 0xf8, 0x7, 0xff,
    0xa7, 0xc0, 0x3f, 0xfa, 0xc6, 0xac, 0x40, 0x1f,
    0xfe, 0x91, 0x0, 0xff, 0xeb, 0x58, 0x40, 0x7,
    0xff, 0xa8, 0x80, 0xc, 0x1, 0xff, 0xd3, 0x11,
    0x80, 0x3f, 0xfd, 0x4a, 0x0, 0x20, 0xf, 0xfe,
    0x9f, 0x0, 0x7f, 0xfa, 0xc4, 0x40, 0x22, 0x0,
    0xff, 0xe9, 0xa0, 0x98, 0x7, 0xff, 0xa5, 0xc0,
    0xa, 0x1, 0xff, 0xd4, 0x34, 0x80, 0xf, 0xff,
    0x4e, 0x80, 0x30, 0x3, 0xff, 0xab, 0x29, 0x0,
    0x1f, 0xfe, 0x84, 0x0, 0x20, 0x7, 0xff, 0x54,
    0xb1, 0xe8, 0x40, 0x3f, 0xfc, 0xac, 0x0, 0x13,
    0x0, 0xff, 0xeb, 0x1e, 0x8f, 0x18, 0x7, 0xff,
    0x92, 0x80, 0xe, 0x1, 0xff, 0xd8, 0x2b, 0xe3,
    0x0, 0xff, 0xf1, 0x99, 0x80, 0x14, 0x1, 0xff,
    0xda, 0x10, 0xf, 0xff, 0x24, 0x80, 0x8, 0xc0,
    0x3f, 0xff, 0xe0, 0x1f, 0xf1, 0x28, 0x2, 0xc0,
    0x3f, 0xff, 0xe0, 0x1f, 0xfc, 0x8, 0x0, 0xb,
    0x0, 0x7f, 0xff, 0xc0, 0x3f, 0xe3, 0x50, 0x3,
    0x0, 0x7f, 0xff, 0xc0, 0x3f, 0xf8, 0x10, 0x1,
    0x48, 0x7, 0xff, 0xfc, 0x3, 0xfe, 0x54, 0x0,
    0x40, 0x80, 0x7f, 0xff, 0xc0, 0x3f, 0xeb, 0x0,
    0xb, 0x80, 0x7f, 0xff, 0xc0, 0x3f, 0xe8, 0x10,
    0x5, 0x80, 0x7f, 0xff, 0xc0, 0x3f, 0xe3, 0x70,
    0x2, 0x28, 0x7, 0xff, 0xfc, 0x3, 0xfe, 0xe0,
    0xa, 0x40, 0x3f, 0xff, 0xe0, 0x1f, 0xf4, 0x10,
    0x2, 0x8, 0x3, 0xff, 0xfe, 0x1, 0xfe, 0x37,
    0x0, 0x1b, 0x80, 0x7f, 0xff, 0xc0, 0x3f, 0xc3,
    0xa0, 0x17, 0x0, 0x7f, 0xff, 0xc0, 0x3f, 0xeb,
    0x10, 0x4, 0x90, 0x7, 0xff, 0xfc, 0x3, 0xfc,
    0xea, 0x0, 0x56, 0x0, 0xff, 0xff, 0x80, 0x7f,
    0x8e, 0x0, 0x5, 0x40, 0x1f, 0xff, 0xf0, 0xf,
    0xf0, 0xe8, 0x5, 0xe0, 0x1f, 0xff, 0xf0, 0xf,
    0xfb, 0x44, 0x1, 0x24, 0x1, 0xff, 0xff, 0x0,
    0xff, 0x51, 0x80, 0x19, 0x80, 0x1f, 0xff, 0xf0,
    0xf, 0xf4, 0x28, 0x1, 0x24, 0x3, 0xff, 0xfe,
    0x1, 0xfe, 0x67, 0x0, 0x15, 0x80, 0x7f, 0xff,
    0xc0, 0x3f, 0xc9, 0x20, 0x1, 0xc0, 0xf, 0xff,
    0xf8, 0x7, 0xf8, 0xec, 0x2, 0xd1, 0x0, 0xff,
    0xff, 0x80, 0x7f, 0x16, 0x80, 0x58, 0x60, 0x1f,
    0xff, 0xf0, 0xf, 0xe2, 0xc1, 0x0, 0x59, 0x80,
    0x7f, 0xff, 0xc0, 0x3f, 0x8b, 0x4, 0x1, 0x48,
    0x1, 0xff, 0xf7, 0x1b, 0xea, 0x40, 0xf, 0xfe,
    0x1, 0x78, 0x80, 0x29, 0x40, 0x3f, 0xff, 0x10,
    0x82, 0xb7, 0x61, 0x0, 0xfe, 0x2c, 0x20, 0x5,
    0x28, 0x7, 0xff, 0xe6, 0xdc, 0x80, 0x9, 0xe8,
    0x1, 0xf1, 0x60, 0x80, 0x29, 0x40, 0x3f, 0xff,
    0x45, 0x1b, 0x42, 0x3, 0x6e, 0x1, 0xc5, 0x82,
    0x0, 0xa5, 0x0, 0xff, 0xff, 0x2f, 0x98, 0x2,
    0x24, 0x2, 0x3c, 0x10, 0x5, 0xa8, 0x7, 0xff,
    0xfc, 0x7, 0x18, 0x0, 0xd4, 0x9, 0x82, 0x0,
    0xc4, 0x0, 0xff, 0xff, 0x80, 0x69, 0x90, 0x1,
    0x72, 0xc0, 0x3, 0xa6, 0x1, 0xff, 0xff, 0x0,
    0xf3, 0x58, 0x81, 0x80, 0xb, 0x8, 0x3, 0xff,
    0xfe, 0x1, 0xf9, 0x10, 0x1, 0xbc, 0x80, 0x3f,
    0xff, 0xe0, 0x1f, 0x86, 0xd4, 0x3, 0x48, 0x7,
    0xff, 0xfc, 0x3, 0xf1, 0x62, 0x0, 0x19, 0x1,
    0x2c, 0x3, 0xff, 0xfe, 0x1, 0xe4, 0xc2, 0x0,
    0x4c, 0xad, 0x81, 0x2c, 0x3, 0xff, 0xfe, 0x1,
    0xa2, 0xc4, 0x7, 0x18, 0x1, 0x2e, 0x9, 0x40,
    0x1f, 0xff, 0xf0, 0x1b, 0x70, 0x1, 0xe1, 0x80,
    0x68, 0x90, 0x5b, 0x0, 0xff, 0xff, 0x1f, 0xa0,
    0x1, 0x70, 0x80, 0x3c, 0xd6, 0x9, 0x60, 0x1f,
    0xff, 0xc7, 0xc1, 0x0, 0x4d, 0x0, 0x7f, 0x26,
    0xa, 0x60, 0x80, 0x7f, 0xfe, 0x7, 0x20, 0x0,
    0x58, 0xc0, 0x1f, 0xf1, 0xf9, 0x9b, 0x8, 0x3,
    0xff, 0xec, 0xbc, 0x60, 0x5, 0xd3, 0x0, 0xff,
    0xe0, 0x8e, 0x29, 0x62, 0x0, 0x7f, 0xfc, 0xc6,
    0xe8, 0x2, 0x9a, 0x0, 0xff, 0xe2, 0xd4, 0x8d,
    0xc0, 0x7, 0xff, 0xc5, 0x7d, 0x0, 0x7, 0xac,
    0x1, 0xff, 0xc7, 0x6d, 0x37, 0xd4, 0x0, 0xff,
    0xf6, 0x95, 0xd0, 0x80, 0x1f, 0x8, 0x3, 0xff,
    0x92, 0x59, 0x27, 0x78, 0xe6, 0x1, 0xff, 0xe9,
    0x8d, 0x40, 0x1, 0x64, 0x0, 0x7f, 0xf3, 0x5b,
    0xa0, 0x27, 0xd4, 0x3, 0xff, 0xcc, 0x9a, 0xe0,
    0x14, 0x69, 0x80, 0x7f, 0xf4, 0x1f, 0x3b, 0x14,
    0x3, 0xff, 0xc8, 0x77, 0x62, 0x0, 0x1e, 0xb8,
    0x7, 0xff, 0xfc, 0x3, 0xc3, 0x58, 0x80, 0x1,
    0xac, 0x20, 0xf, 0xff, 0xf8, 0x7, 0xc, 0xf2,
    0x80, 0x4d, 0xca, 0x1, 0xff, 0xff, 0x0, 0xe2,
    0x9e, 0x60, 0x9, 0x76, 0x40, 0x3f, 0xff, 0xe0,
    0x1c, 0x75, 0xac, 0x1, 0x1e, 0x51, 0x0, 0x7f,
    0xfe, 0x84, 0x44, 0x5f, 0x2e, 0x61, 0x40, 0x23,
    0xbc, 0x30, 0xf, 0xff, 0xb3, 0x56, 0xf7, 0xfb,
    0xb9, 0xbb, 0xf5, 0x18, 0x7, 0xc, 0xee, 0x5d,
    0x4c, 0x32, 0x18, 0x80, 0x7f, 0xfb, 0x72, 0x54,
    0x84, 0x3, 0xff, 0x8c, 0x45, 0x1a, 0x2b, 0x3c,
    0xde, 0x77, 0x32, 0x58, 0xc0, 0x3f, 0xfc, 0xe4,
    0x60, 0x1f, 0xfc, 0x21, 0x55, 0x91, 0x23, 0x21,
    0x0, 0xff, 0x9, 0xb4, 0xe7, 0xe4, 0xb1, 0x80,
    0x7f, 0xf8, 0x89, 0x80, 0x3f, 0xe2, 0x6c, 0xea,
    0xaa, 0xee, 0xcd, 0xef, 0xf6, 0xe5, 0x43, 0xa9,
    0x88, 0x7, 0x8d, 0xa7, 0x3e, 0xdc, 0xc0, 0x3f,
    0xfb, 0xf3, 0x6a, 0x40, 0x10, 0x9b, 0x4e, 0xea,
    0x4c, 0x3, 0xff, 0x80, 0x46, 0xaf, 0x15, 0x9d,
    0xf9, 0x50, 0xa4, 0x1, 0xc9, 0x19, 0xd6, 0xc2,
    0x1, 0xff, 0xdc, 0x4a, 0xdf, 0xfb, 0xb2, 0x58,
    0x80, 0x3f, 0xf9, 0x86, 0xaf, 0x5b, 0xf9, 0x2c,
    0x60, 0x10, 0xa4, 0xf6, 0x39, 0x80, 0x7f, 0xff,
    0xc0, 0x23, 0x69, 0xcf, 0xb7, 0x30, 0x8, 0xe3,
    0x3a, 0x4c, 0x3, 0xff, 0xfe, 0x1, 0xc9, 0x19,
    0xf8, 0xe6, 0x0, 0x16, 0xcd, 0x72, 0x0, 0xff,
    0xff, 0x80, 0x78, 0xe3, 0x3a, 0x50, 0x0, 0x51,
    0xb8, 0xc0, 0x1f, 0xff, 0xf0, 0xf, 0x85, 0xaf,
    0xed, 0x40, 0x7, 0x3d, 0x4, 0x1, 0xff, 0xff,
    0x0, 0xfc, 0x95, 0xf4, 0x80, 0x2f, 0xb6, 0x80,
    0x1f, 0xff, 0xf0, 0xf, 0xe5, 0xbe, 0x82, 0x4,
    0xbd, 0x60, 0xf, 0xff, 0xf8, 0x7, 0xf0, 0xbe,
    0xda, 0x1, 0x4f, 0x38, 0x7, 0xff, 0xfc, 0x3,
    0xfc, 0x97, 0xac, 0x3, 0x1c, 0xe0, 0x1f, 0xff,
    0xf0, 0xf, 0xf1, 0x4f, 0xc0, 0x8a, 0x39, 0x80,
    0x3f, 0xff, 0xe0, 0x1f, 0xf3, 0xf4, 0x8, 0xa7,
    0x54, 0x3, 0xff, 0xfe, 0x1, 0xff, 0x3f, 0x38,
    0x15, 0x61, 0x0, 0x7f, 0xff, 0xc0, 0x3f, 0xe8,
    0xe7, 0x3, 0xd9, 0x0, 0xff, 0xff, 0x80, 0x7f,
    0xc3, 0x1a, 0x60, 0xdc, 0x80, 0x1f, 0xff, 0xf0,
    0xf, 0xf8, 0xb2, 0x84, 0x57, 0x20, 0x1f, 0xff,
    0xf0, 0xf, 0xfe, 0x2, 0xfb, 0x3, 0x69, 0x0,
    0x7f, 0xff, 0xc0, 0x3f, 0xe1, 0x9c, 0x12, 0xd5,
    0x0, 0xff, 0xff, 0x80, 0x7f, 0xf0, 0xf, 0xd4,
    0x2a, 0x0, 0x3f, 0xff, 0xe0, 0x1f, 0xfc, 0x1,
    0xa9, 0x7, 0xa0, 0xf, 0xff, 0xf8, 0x7, 0xff,
    0x5, 0xb4, 0xd5, 0x40, 0x1f, 0xff, 0xf0, 0xf,
    0xfe, 0x9, 0x64, 0xa0,

    /* U+0061 "a" */
    0x0, 0xf8, 0xe7, 0x7f, 0x10, 0x4, 0x3, 0xff,
    0x89, 0x38, 0xc4, 0x5, 0x73, 0xd8, 0x1, 0xff,
    0xc1, 0x1d, 0x60, 0x3, 0xff, 0x1b, 0x1, 0x90,
    0x7, 0xfc, 0x38, 0x40, 0x39, 0x0, 0x3, 0x0,
    0x11, 0x0, 0x3d, 0xa6, 0x1, 0x69, 0x0, 0x34,
    0xc0, 0xa, 0x1, 0x70, 0x7, 0xa4, 0x4c, 0x0,
    0xc6, 0x0, 0xb3, 0x0, 0xa4, 0x0, 0xe6, 0x1,
    0xca, 0xdc, 0x1, 0x48, 0x2, 0x50, 0x2, 0x53,
    0x2, 0x80, 0xe, 0x2a, 0x92, 0x0, 0x30, 0x0,
    0xd8, 0x2, 0x1b, 0x0, 0x40, 0x7, 0xbd, 0x98,
    0x1, 0x50, 0x3, 0x80, 0x35, 0x8, 0x12, 0x80,
    0x75, 0x8c, 0x80, 0x63, 0x5, 0x20, 0xa, 0x10,
    0x0, 0xa0, 0x1d, 0x4d, 0xa0, 0x18, 0x80, 0x1e,
    0x1, 0x43, 0x92, 0x87, 0x80, 0x6b, 0x7c, 0x10,
    0xf, 0x98, 0x6, 0xdc, 0xb3, 0x82, 0x88, 0x8d,
    0xc1, 0x82, 0x1, 0xc4, 0x61, 0xf7, 0xc8, 0xba,
    0x29, 0x5, 0xba, 0x88, 0x58, 0x80, 0x7d, 0xac,
    0x48, 0x8b, 0xa0, 0x9, 0xfb, 0x37, 0x98, 0x3,
    0xf0,

    /* U+0062 "b" */
    0x0, 0xff, 0xec, 0xad, 0x77, 0xfb, 0x1c, 0x3,
    0xff, 0xb4, 0xbd, 0x4a, 0x20, 0x3, 0x8c, 0x0,
    0xff, 0xeb, 0x8d, 0xd0, 0x82, 0x4d, 0xd2, 0x81,
    0xc0, 0x7, 0xff, 0x54, 0xfd, 0x0, 0xf2, 0xd9,
    0x16, 0xa0, 0x18, 0x3, 0xff, 0xa8, 0xb8, 0x20,
    0xf8, 0x60, 0x1c, 0xe0, 0x24, 0x1, 0xff, 0xd2,
    0x6a, 0x0, 0x54, 0x0, 0x7e, 0x30, 0x10, 0xf,
    0xfe, 0x8b, 0x48, 0x2, 0xd4, 0x3, 0xfe, 0x10,
    0xf, 0xfe, 0x82, 0xc8, 0x2, 0x90, 0x3, 0xfc,
    0x40, 0x60, 0x1f, 0xfc, 0xf3, 0xa0, 0x4, 0xa8,
    0x7, 0xf8, 0x47, 0x0, 0x7f, 0xf3, 0x87, 0x40,
    0xc, 0xc0, 0xf, 0xf9, 0x1, 0x0, 0x3f, 0xf9,
    0xfa, 0x20, 0x92, 0x1, 0xff, 0xc0, 0xf0, 0xf0,
    0xf, 0xfe, 0x74, 0x98, 0xd, 0x0, 0x7f, 0xf0,
    0x54, 0x54, 0x3, 0xff, 0x9a, 0xac, 0x0, 0xa1,
    0x0, 0xff, 0xe0, 0x38, 0x38, 0x7, 0xff, 0x34,
    0xa8, 0x0, 0xe8, 0x1, 0xff, 0xc1, 0x90, 0xb0,
    0xf, 0xfe, 0x6f, 0x0, 0xe, 0x0, 0x3f, 0xf8,
    0x2c, 0x2a, 0x40, 0x1f, 0xfc, 0xc7, 0x30, 0x7,
    0x0, 0x7f, 0xf0, 0xa0, 0x20, 0x3, 0xff, 0x98,
    0x50, 0x0, 0x82, 0x0, 0xff, 0xe0, 0xc0, 0xb1,
    0x0, 0x7f, 0xf3, 0x24, 0x0, 0x4e, 0x1, 0xff,
    0xc1, 0x27, 0x18, 0x0, 0xff, 0xe6, 0x32, 0x0,
    0x38, 0x3, 0xff, 0x85, 0xc1, 0x62, 0x1, 0xff,
    0xcb, 0x18, 0x0, 0x31, 0x80, 0x7f, 0xf0, 0x5c,
    0xd5, 0x40, 0x1f, 0xfc, 0xcb, 0x10, 0x18, 0x0,
    0xff, 0xe0, 0x9c, 0xd, 0x80, 0x7f, 0xf3, 0xd,
    0x40, 0x10, 0x20, 0x1f, 0xfc, 0x1, 0xd0, 0xa1,
    0x0, 0xff, 0xe6, 0x70, 0x0, 0x98, 0x3, 0xff,
    0x83, 0x43, 0x8, 0x1, 0xff, 0xcc, 0x62, 0x0,
    0x48, 0x7, 0xff, 0x6, 0x11, 0xe, 0x1, 0xff,
    0xcc, 0x18, 0x0, 0x22, 0x0, 0x3f, 0xf8, 0xa,
    0xe5, 0x60, 0x1f, 0xfc, 0xd8, 0x10, 0x4, 0x80,
    0x7f, 0xf0, 0x12, 0x87, 0x0, 0x3f, 0xf9, 0xa4,
    0xc0, 0x7, 0x20, 0xf, 0xf8, 0xec, 0x34, 0x40,
    0x3f, 0xf9, 0xb0, 0x0, 0x19, 0x0, 0xff, 0x8b,
    0x42, 0xcc, 0x3, 0xff, 0x9a, 0x6a, 0x0, 0x91,
    0x0, 0xff, 0xe, 0xd, 0x20, 0x7, 0xff, 0x3b,
    0xc0, 0x2, 0xe0, 0x1f, 0xe1, 0xc1, 0xa5, 0x0,
    0xff, 0xe7, 0x21, 0x80, 0x20, 0x3, 0xfc, 0x38,
    0x54, 0xa0, 0x1f, 0xfc, 0xf8, 0x0, 0x13, 0x0,
    0x7f, 0x16, 0x15, 0x28, 0x7, 0xff, 0x3d, 0x4c,
    0x1, 0x0, 0x1f, 0xc5, 0x85, 0x4a, 0x1, 0xff,
    0xd0, 0x80, 0x1, 0xa8, 0x7, 0xe3, 0xc1, 0xb5,
    0x0, 0xff, 0xe8, 0x29, 0x0, 0x20, 0x3, 0xf2,
    0x60, 0x62, 0x0, 0x7f, 0xf4, 0x60, 0x0, 0x68,
    0x1, 0xf2, 0xd9, 0x61, 0x80, 0x7f, 0xf4, 0x54,
    0x80, 0x10, 0x1, 0xf4, 0x51, 0xe1, 0x0, 0x7f,
    0xf4, 0xa0, 0x0, 0x68, 0x1, 0xea, 0x75, 0xc1,
    0x0, 0xff, 0xe9, 0x29, 0x0, 0x20, 0x3, 0x87,
    0x15, 0xe8, 0x3, 0xff, 0xa9, 0x20, 0x3, 0x40,
    0xc, 0x7e, 0x75, 0x0, 0x1f, 0xfd, 0x44, 0x30,
    0x4, 0x0, 0x66, 0xc3, 0xd5, 0x0, 0xff, 0xea,
    0xf8, 0x0, 0x90, 0x2, 0x99, 0x26, 0x90, 0x7,
    0xff, 0x54, 0xd0, 0x1, 0x0, 0x2, 0xd6, 0x8b,
    0x0, 0xff, 0xeb, 0xc8, 0x0, 0x94, 0x17, 0x4f,
    0x1c, 0x3, 0xff, 0xae, 0x4a, 0x0, 0xb0, 0x9a,
    0x14, 0xef, 0xf6, 0x20, 0x7, 0xff, 0x52, 0xc0,
    0x2, 0xba, 0xc0, 0x2a, 0xd0, 0xc7, 0x68, 0x1,
    0xff, 0xd2, 0x16, 0x0, 0x1e, 0x10, 0x0, 0xf2,
    0xde, 0x54, 0x20, 0x3, 0xe1, 0xd5, 0x0, 0xff,
    0xe4, 0x30, 0x4, 0x40, 0x13, 0xe1, 0x80, 0x46,
    0x6, 0x1, 0xf6, 0x8a, 0x80, 0x7f, 0xf2, 0x24,
    0x3, 0xd3, 0x0, 0x1c, 0x60, 0x1f, 0x16, 0xe,
    0x80, 0x7f, 0xf2, 0x14, 0x40, 0x3a, 0x98, 0x3,
    0xc8, 0x2, 0x1, 0x9b, 0x3, 0x4, 0x3, 0xff,
    0x91, 0x20, 0x1d, 0x4a, 0x1, 0xe4, 0x10, 0x40,
    0x2, 0xec, 0xbe, 0x8, 0x7, 0xff, 0x20, 0x8c,
    0x3, 0x42, 0x80, 0x7d, 0xe0, 0x2, 0x8e, 0xa7,
    0xc9, 0x0, 0xff, 0xe5, 0x58, 0x6, 0x67, 0x0,
    0xf9, 0x10, 0x0, 0x75, 0x6d, 0xa3, 0x0, 0xff,
    0xe5, 0xb0, 0x4, 0x92, 0x1, 0x85, 0x67, 0x2c,
    0x0, 0xdb, 0xa8, 0x20, 0xf, 0xfe, 0x63, 0x0,
    0x45, 0x40, 0x1, 0x7d, 0xeb, 0x53, 0x0, 0x14,
    0x90, 0x7, 0xff, 0x3e, 0xc0, 0x2e, 0x10, 0x8e,
    0x94, 0xcc, 0x8, 0x5, 0xc0, 0x1f, 0xfd, 0x3,
    0x20, 0x4, 0x98, 0x3b, 0xa3, 0xa1, 0x34, 0x80,
    0x12, 0x60, 0x1f, 0xfd, 0x9, 0x0, 0x23, 0x0,
    0x30, 0x2f, 0x7a, 0x0, 0x28, 0x60, 0xf, 0xfe,
    0x8a, 0x80, 0x28, 0x2, 0xd0, 0x32, 0x0, 0x86,
    0x9c, 0x3, 0xff, 0xa4, 0x83, 0x62, 0x1, 0x34,
    0x98, 0x0, 0xe3, 0x94, 0x3, 0xff, 0xa4,

    /* U+0063 "c" */
    0x0, 0xfc, 0xb5, 0xdf, 0xd2, 0x20, 0x1f, 0xfc,
    0x45, 0xea, 0x51, 0x1, 0x6a, 0x0, 0xff, 0xe1,
    0xcd, 0x8, 0x14, 0xe4, 0x2, 0x0, 0x7f, 0xf0,
    0xa9, 0x80, 0x11, 0xac, 0x6e, 0x42, 0x1, 0xff,
    0xc1, 0x95, 0x0, 0x5b, 0x80, 0x6f, 0xc0, 0xf,
    0xca, 0x40, 0x5, 0x60, 0x5, 0xa0, 0x7, 0x11,
    0x0, 0x3e, 0x3a, 0x60, 0x5, 0x80, 0x1d, 0x0,
    0x3f, 0xf8, 0x43, 0xae, 0x80, 0xa2, 0x3, 0x0,
    0x1f, 0xfc, 0x3a, 0x28, 0x0, 0x70, 0x1, 0x80,
    0x3f, 0xf8, 0x70, 0xba, 0x1, 0x28, 0x2, 0xc0,
    0x3f, 0xf8, 0x4a, 0xfa, 0x20, 0x10, 0x80, 0xc,
    0x3, 0xff, 0x82, 0xb5, 0x66, 0x1, 0xff, 0xc8,
    0x5a, 0xa2, 0x0, 0x7e, 0x10, 0xf, 0xf9, 0xea,
    0x8a, 0x1, 0xe3, 0x0, 0x20, 0x7, 0xf0, 0xdc,
    0xda, 0x80, 0x7d, 0x40, 0x8, 0x10, 0xf, 0x9f,
    0x9f, 0xd0, 0x3, 0xf3, 0x18, 0x16, 0x20, 0x4,
    0x4f, 0xd0, 0xf8, 0x20, 0x1f, 0xed, 0x30, 0x2b,
    0xfe, 0xfd, 0x84, 0xd8, 0x0, 0xff, 0xe0, 0xe,
    0x49, 0x88, 0x0, 0xdf, 0x68, 0x80, 0x3f, 0xe0,

    /* U+0064 "d" */
    0x0, 0xff, 0xf2, 0xac, 0xc0, 0x7, 0xff, 0x91,
    0x36, 0x99, 0xd8, 0x3, 0xff, 0xc5, 0x36, 0x40,
    0x17, 0x0, 0x7f, 0xf8, 0x7, 0x18, 0x2, 0x30,
    0xf0, 0xf, 0xfe, 0xf9, 0x79, 0x80, 0x6, 0xf0,
    0x4c, 0x3, 0xff, 0xbc, 0x78, 0x20, 0x4, 0xf4,
    0x31, 0x40, 0xf, 0xfe, 0xe9, 0xe8, 0x80, 0x16,
    0xc4, 0x25, 0x40, 0x3f, 0xfb, 0xa5, 0xa2, 0x0,
    0x6a, 0x0, 0xa, 0xc8, 0x7, 0xff, 0x70, 0x70,
    0x40, 0xf, 0x20, 0x14, 0x99, 0x80, 0x3f, 0xfb,
    0x63, 0x82, 0x0, 0x68, 0x0, 0x85, 0xe0, 0x3,
    0xff, 0xb9, 0xa4, 0x0, 0x69, 0x0, 0xd2, 0x88,
    0x0, 0xff, 0xed, 0xd1, 0x80, 0x12, 0x40, 0x31,
    0x3c, 0x80, 0x7f, 0xf6, 0xe1, 0x40, 0x7, 0x60,
    0x1d, 0xc, 0x40, 0x1f, 0xfd, 0xa5, 0x70, 0x0,
    0xe8, 0x7, 0x22, 0x20, 0x3, 0xff, 0xb4, 0x74,
    0x1, 0x68, 0x80, 0x74, 0xd8, 0x80, 0x7f, 0xf6,
    0x47, 0x40, 0x2a, 0x30, 0xe, 0x86, 0x50, 0xf,
    0xfe, 0xd5, 0x8, 0x2, 0x14, 0x3, 0x89, 0xa8,
    0x3, 0xff, 0xb5, 0x8, 0x0, 0x47, 0x0, 0xf7,
    0x40, 0x80, 0x7f, 0xf6, 0x51, 0xc0, 0x5, 0x40,
    0x1e, 0x87, 0x60, 0xf, 0xfe, 0xc8, 0xd0, 0x5,
    0xe2, 0x1, 0xc6, 0xd4, 0x1, 0xff, 0xda, 0xd1,
    0x0, 0x51, 0x0, 0x70, 0xed, 0x8, 0x7, 0xff,
    0x66, 0xc, 0x0, 0xca, 0x1, 0xea, 0x64, 0x0,
    0xff, 0xec, 0x9b, 0x80, 0xa, 0x40, 0x3d, 0xf,
    0x0, 0x1f, 0xfd, 0xae, 0x0, 0xbc, 0x3, 0xc8,
    0xda, 0x1, 0xff, 0xda, 0x92, 0x0, 0x49, 0x0,
    0x71, 0x55, 0x4, 0x3, 0xff, 0xb2, 0x8c, 0x0,
    0x56, 0x0, 0xf7, 0x4a, 0x0, 0x7f, 0xf6, 0x46,
    0x80, 0x3, 0x60, 0x1e, 0xa6, 0x70, 0xf, 0xfe,
    0xd5, 0x88, 0x2, 0x84, 0x3, 0xa1, 0xe8, 0x3,
    0xff, 0xb4, 0xca, 0x0, 0x74, 0x0, 0xe6, 0x67,
    0x80, 0x7f, 0xf6, 0x86, 0x40, 0x5, 0x0, 0x1c,
    0x73, 0xa4, 0x1, 0xff, 0xda, 0xb0, 0xb, 0x80,
    0x38, 0xb6, 0x8c, 0x3, 0xff, 0xb4, 0x8a, 0x0,
    0x73, 0x0, 0xc3, 0x92, 0xa0, 0x1f, 0xfd, 0xba,
    0x0, 0x14, 0x0, 0x61, 0xc7, 0x70, 0x7, 0xff,
    0x6e, 0x4, 0x1, 0xc0, 0x1d, 0xaf, 0x20, 0x1f,
    0xfd, 0xb2, 0x70, 0x3, 0x18, 0x6, 0xb7, 0xa0,
    0xf, 0xfe, 0xe4, 0x80, 0x6, 0x40, 0x35, 0x3d,
    0x80, 0x7f, 0xf7, 0x11, 0x0, 0xb, 0x0, 0xd2,
    0xfa, 0x1, 0xff, 0xdd, 0x90, 0x2, 0x28, 0x5,
    0x29, 0x82, 0x1, 0xff, 0xdc, 0x72, 0x0, 0x50,
    0x5, 0x9, 0x82, 0x1, 0xff, 0xdd, 0x90, 0x4,
    0x8, 0x2, 0x1b, 0xc4, 0x3, 0xff, 0xbb, 0x2,
    0x4, 0xe0, 0x8, 0x6c, 0x20, 0xf, 0xfe, 0xe8,
    0xb8, 0x2, 0x0, 0x12, 0xd8, 0x40, 0x1f, 0xfd,
    0xe8, 0x0, 0x22, 0x84, 0xa6, 0x10, 0x7, 0xff,
    0x5d, 0x2f, 0xb9, 0x44, 0x2, 0xc0, 0x9, 0xa,
    0x4c, 0x20, 0xf, 0xfe, 0xb1, 0xed, 0xa0, 0x89,
    0x70, 0xa4, 0x0, 0xc5, 0x6f, 0x82, 0x1, 0xff,
    0xd6, 0x6c, 0x20, 0x1, 0x2a, 0x86, 0x5c, 0x1,
    0x78, 0xf8, 0x20, 0x1f, 0xfd, 0x67, 0x90, 0x0,
    0xd6, 0xd5, 0x21, 0x0, 0xb, 0xcf, 0x82, 0x1,
    0xff, 0xc1, 0x32, 0x0, 0xff, 0xe3, 0xac, 0x0,
    0xf, 0xd4, 0x2, 0x20, 0x9, 0x1a, 0xc0, 0x3f,
    0xf8, 0x47, 0x8e, 0x1, 0xff, 0xc6, 0x2a, 0x0,
    0x1e, 0x8, 0x6, 0x20, 0x9, 0xe8, 0x3, 0xff,
    0x84, 0x5a, 0xea, 0x1, 0xff, 0xc6, 0x90, 0x0,
    0xe8, 0x7, 0xa8, 0x1, 0x12, 0x1, 0xff, 0xc2,
    0x1f, 0x48, 0x0, 0xff, 0xe3, 0x22, 0x0, 0x1a,
    0x20, 0x1c, 0x84, 0x10, 0xe0, 0x1f, 0xfc, 0x21,
    0xc7, 0xa0, 0xf, 0xfe, 0x3f, 0x80, 0x18, 0xc0,
    0x38, 0xa8, 0x5, 0xc0, 0x3f, 0xf8, 0x43, 0x8f,
    0x40, 0x1f, 0xfc, 0x71, 0x40, 0x4, 0x0, 0x72,
    0x68, 0x83, 0x0, 0x7f, 0xf0, 0x8b, 0xde, 0x80,
    0x3f, 0xf9, 0x8, 0x0, 0x71, 0x0, 0xd1, 0x68,
    0x0, 0xa0, 0xf, 0xfe, 0x9, 0x63, 0xd0, 0x7,
    0xff, 0x24, 0x80, 0x12, 0x1, 0xe, 0x3d, 0x70,
    0x19, 0x0, 0x7f, 0xf0, 0x13, 0x5a, 0x40, 0x3f,
    0xf9, 0x5e, 0x2, 0x20, 0x3, 0x70, 0x6a, 0xe0,
    0x58, 0x7, 0xff, 0x1, 0xae, 0x60, 0x3, 0xff,
    0x97, 0xc0, 0x12, 0x64, 0xbe, 0x10, 0x10, 0x20,
    0x7, 0xfd, 0x10, 0xb6, 0x0, 0xff, 0xe6, 0x38,
    0xf, 0xdb, 0x74, 0x0, 0x4c, 0x6, 0x1, 0xfc,
    0x36, 0xb8, 0x80, 0x1f, 0xfc, 0xd1, 0xc7, 0x8d,
    0xa1, 0x0, 0xc6, 0x40, 0x1f, 0xc9, 0xe5, 0xa4,
    0x1, 0xff, 0xcf, 0x38, 0x72, 0x0, 0xf1, 0x18,
    0x7, 0xc3, 0x57, 0x69, 0x0, 0xff, 0xed, 0xa8,
    0x90, 0x7, 0x3f, 0x87, 0x28, 0x7, 0xff, 0x72,
    0x83, 0xd0, 0x92, 0x7a, 0xaa, 0x10, 0xf, 0xfe,
    0xe9, 0xc1, 0x5e, 0xd9, 0x5e, 0xa0, 0x7, 0xff,
    0x81, 0xfa, 0xf3, 0xed, 0x40, 0x3f, 0xfa, 0xc0,

    /* U+0065 "e" */
    0x0, 0xf9, 0xb3, 0xfa, 0x84, 0x3, 0xff, 0x8c,
    0x9d, 0x26, 0x2, 0xb4, 0x1, 0xff, 0xc5, 0x7b,
    0x10, 0x27, 0x50, 0x41, 0x0, 0xff, 0x48, 0x80,
    0x51, 0x0, 0x4, 0x6c, 0x51, 0x80, 0x7f, 0xd2,
    0x82, 0x0, 0x47, 0x0, 0x4b, 0x80, 0x62, 0x10,
    0xf, 0xce, 0xef, 0x0, 0xd, 0x0, 0x19, 0x80,
    0x12, 0x1d, 0x80, 0x7e, 0x58, 0xa2, 0x0, 0x48,
    0x81, 0x48, 0x4, 0x74, 0x6c, 0x1, 0xf2, 0x54,
    0x20, 0x4, 0xc0, 0x9, 0x0, 0x9f, 0xf, 0x40,
    0x3e, 0x3b, 0x67, 0x0, 0x88, 0x40, 0x4, 0xd3,
    0xd0, 0xb8, 0x20, 0x1e, 0x3d, 0x59, 0x0, 0xce,
    0x1, 0x4c, 0x91, 0xf2, 0x84, 0x3, 0xc7, 0xa9,
    0x40, 0x1c, 0x60, 0xb, 0xff, 0x6c, 0x98, 0x7,
    0xcb, 0x89, 0x40, 0x1e, 0x20, 0x0, 0x80, 0x7f,
    0xd1, 0x4b, 0x40, 0x1f, 0x28, 0x3, 0x0, 0x3f,
    0x86, 0xdd, 0xd4, 0x1, 0xf8, 0x54, 0x18, 0x80,
    0x3e, 0x6f, 0x4a, 0x80, 0xf, 0xf5, 0x88, 0x6b,
    0x80, 0x42, 0xdb, 0x2b, 0xaa, 0x1, 0xff, 0xe,
    0x10, 0x47, 0xef, 0x72, 0x42, 0xac, 0x80, 0x3f,
    0xf8, 0x25, 0xb4, 0x82, 0x46, 0xb7, 0xaa, 0x1,
    0xff, 0xc1,

    /* U+0066 "f" */
    0x0, 0xff, 0xf0, 0x13, 0x0, 0x7f, 0xf8, 0x4f,
    0x64, 0xc0, 0x3f, 0xfb, 0xe5, 0xa0, 0x46, 0x1,
    0xff, 0xdf, 0xf1, 0xf, 0x0, 0xff, 0xef, 0xd1,
    0x5, 0x10, 0x7, 0xff, 0x79, 0x94, 0x1d, 0x40,
    0x3f, 0xfb, 0xc7, 0x20, 0x70, 0x1, 0xff, 0xdf,
    0xe0, 0x7, 0x0, 0x7f, 0xf7, 0xe4, 0x82, 0x48,
    0x3, 0xff, 0xbc, 0xac, 0xa, 0xc0, 0x1f, 0xfd,
    0xe1, 0xb0, 0x1b, 0x0, 0xff, 0xef, 0xd0, 0x85,
    0x8, 0x7, 0xff, 0x79, 0x50, 0x15, 0x0, 0x3f,
    0xfb, 0xc3, 0x60, 0x36, 0x1, 0xff, 0xdf, 0xb1,
    0xb, 0x10, 0xf, 0xfe, 0xf2, 0xa8, 0x15, 0x40,
    0x1f, 0xfd, 0xe1, 0xb0, 0x1b, 0x0, 0xff, 0xef,
    0xd8, 0x84, 0x8, 0x7, 0xff, 0x79, 0x14, 0x11,
    0x80, 0x3f, 0xfb, 0xf2, 0x0, 0x90, 0xf, 0xfe,
    0xfc, 0x10, 0x39, 0x0, 0x7f, 0xf7, 0x89, 0xc0,
    0xa0, 0x3, 0xff, 0xbf, 0xc0, 0x9, 0x0, 0xff,
    0xef, 0xa9, 0x82, 0xa0, 0x7, 0xff, 0x7e, 0xc0,
    0x16, 0x1, 0xff, 0xdf, 0x91, 0x9, 0x10, 0xf,
    0xfe, 0x8, 0xd0, 0x80, 0x7f, 0xf3, 0x89, 0x80,
    0xd8, 0x3, 0xff, 0x82, 0x38, 0x22, 0x0, 0xff,
    0xe7, 0x70, 0x3, 0xc0, 0x3f, 0xf8, 0x23, 0x8d,
    0x60, 0x1f, 0xfc, 0xe5, 0x30, 0x53, 0x0, 0xff,
    0xe0, 0xe, 0x35, 0x80, 0x7f, 0xf3, 0xec, 0x1,
    0x60, 0x1f, 0xfc, 0x2, 0xc7, 0xb0, 0xf, 0xfe,
    0x7c, 0x8, 0x40, 0x80, 0x7f, 0xc5, 0x89, 0x40,
    0x1f, 0xfc, 0xf1, 0x70, 0x27, 0x0, 0xff, 0x8f,
    0x1a, 0x40, 0x3f, 0xfa, 0x16, 0x0, 0x90, 0xf,
    0xf9, 0x32, 0x60, 0x3, 0xff, 0xa0, 0x6a, 0x6,
    0x80, 0x1f, 0xe6, 0xba, 0x70, 0xf, 0xfe, 0x8f,
    0x80, 0x3c, 0x3, 0xfd, 0x13, 0x6a, 0x1, 0xff,
    0xd1, 0x53, 0x5, 0x30, 0xf, 0xea, 0x6c, 0x40,
    0xf, 0xfe, 0x94, 0x0, 0x2c, 0x3, 0xf0, 0xe2,
    0x61, 0x80, 0x7f, 0xf4, 0x9c, 0x81, 0xc4, 0x3,
    0xe2, 0xc1, 0xf2, 0x0, 0xff, 0xe9, 0xc, 0x0,
    0xc0, 0x7, 0xc7, 0x83, 0x82, 0x1, 0xff, 0xd3,
    0x80, 0x4, 0x0, 0x7c, 0xb8, 0x98, 0x20, 0x1f,
    0xfd, 0x32, 0x60, 0x26, 0x0, 0xf4, 0x53, 0x50,
    0x7, 0xff, 0x56, 0x0, 0x12, 0x1, 0xea, 0x78,
    0x90, 0xf, 0xfe, 0xa9, 0xa8, 0x1a, 0x0, 0x61,
    0xc5, 0xa7, 0x0, 0xff, 0xeb, 0x40, 0x3, 0xc0,
    0x31, 0xf9, 0x62, 0x80, 0x7f, 0xf5, 0x91, 0x0,
    0x86, 0x1, 0x2e, 0x17, 0x98, 0x7, 0xff, 0x5e,
    0x0, 0x12, 0x1, 0x45, 0x2e, 0x8, 0x7, 0xff,
    0x5d, 0xc, 0x14, 0x80, 0x16, 0xee, 0xa0, 0xf,
    0xfe, 0xcc, 0x0, 0x20, 0xb, 0x52, 0xa0, 0x0,
    0x28, 0xce, 0x80, 0x1f, 0xfd, 0x25, 0x30, 0x52,
    0x3c, 0x3c, 0x50, 0x6c, 0xeb, 0xb4, 0xdc, 0x80,
    0x7f, 0xf4, 0x60, 0x1, 0xd, 0x85, 0xe5, 0x1f,
    0x2b, 0x9f, 0xbc, 0xcc, 0x0, 0xff, 0xe8, 0x29,
    0x2, 0xdc, 0xb6, 0xcf, 0x34, 0xfc, 0x98, 0x5,
    0x80, 0x1f, 0xfd, 0x18, 0x0, 0x3b, 0x4f, 0xf9,
    0xa7, 0x98, 0x3, 0xc4, 0x40, 0xf, 0xfe, 0x7a,
    0x90, 0x0, 0xe2, 0xe5, 0xb9, 0x80, 0x3f, 0x63,
    0x80, 0x7f, 0xf3, 0xe4, 0x0, 0x69, 0x3, 0xb0,
    0x1, 0xfe, 0x4f, 0x0, 0xff, 0xe7, 0x21, 0x80,
    0x9, 0x27, 0x8, 0x3, 0xfc, 0xc0, 0x80, 0x1f,
    0xfc, 0xe8, 0x0, 0x97, 0xd8, 0x3, 0xff, 0x81,
    0x6a, 0x20, 0x1f, 0xfc, 0xc2, 0xd3, 0x1, 0xab,
    0x10, 0xf, 0xfe, 0x2, 0x17, 0x0, 0x7f, 0xf3,
    0xf, 0x8, 0x1, 0xaa, 0x1, 0xff, 0xc2, 0x92,
    0x40, 0xf, 0xfe, 0x64, 0x88, 0x0, 0xcc, 0x1,
    0xff, 0xc2, 0x52, 0xb0, 0xf, 0xfe, 0x6c, 0x90,
    0x2, 0x40, 0x3f, 0xf8, 0x70, 0x2c, 0x1, 0xff,
    0xcd, 0x22, 0x1, 0x28, 0x7, 0xff, 0x9, 0xca,
    0x0, 0x3f, 0xf9, 0xd2, 0x0, 0xb0, 0xf, 0xfe,
    0x10, 0xc1, 0x30, 0x7, 0xff, 0x39, 0x80, 0xc,
    0x1, 0xff, 0xc2, 0x80, 0x80, 0xf, 0xfe, 0x73,
    0x8, 0x38, 0x7, 0xff, 0x8, 0xd8, 0xd4, 0x3,
    0xff, 0x9d, 0x40, 0xa, 0x0, 0xff, 0xe1, 0x70,
    0x78, 0x7, 0xff, 0x38, 0xcc, 0x8, 0x40, 0x1f,
    0xfc, 0x17, 0x25, 0x30, 0xf, 0xfe, 0x75, 0x0,
    0x3c, 0x3, 0xff, 0x82, 0x50, 0x16, 0x1, 0xff,
    0xcf, 0x60, 0x14, 0x0, 0xff, 0xe0, 0xf0, 0x40,
    0x80, 0x7f, 0xf3, 0x98, 0x0, 0xc0, 0x1f, 0xfc,
    0x17, 0x32, 0x70, 0xf, 0xfe, 0x7d, 0x0, 0x28,
    0x3, 0xff, 0x80, 0x50, 0x1c, 0x1, 0xff, 0xcf,
    0x23, 0x4, 0x20, 0xf, 0xfe, 0x7, 0x3, 0x98,
    0x7, 0xff, 0x3e, 0x80, 0x1a, 0x1, 0xff, 0xc0,
    0x83, 0x28, 0x0, 0xff, 0xe8, 0x28, 0x1, 0xc0,
    0x3f, 0xe3, 0x70, 0xe0, 0xf, 0xfe, 0x81, 0x90,
    0x20, 0x80, 0x7f, 0x87, 0x41, 0xcc, 0x3, 0xff,
    0xa1, 0x60, 0xe, 0x0, 0xff, 0xac, 0x4a, 0x0,
    0x3f, 0xfa, 0x2a, 0x0, 0x50, 0xf, 0xf3, 0x28,
    0x78, 0x7, 0xff, 0x44, 0x88, 0x8, 0x1, 0xfe,
    0x29, 0x8, 0x20, 0xf, 0xfe, 0x8a, 0x0, 0x30,
    0x3, 0xfd, 0xe0, 0x8e, 0x1, 0xff, 0xd2, 0xd0,
    0x2, 0x80, 0x7f, 0x49, 0xd, 0x0, 0x7f, 0xf4,
    0xd0, 0x4, 0x80, 0x3f, 0x2b, 0x5, 0x8, 0x7,
    0xff, 0x48, 0x80, 0x8, 0x1, 0xf8, 0xa8, 0x21,
    0x0, 0x3f, 0xfa, 0x68, 0x0, 0xd0, 0xf, 0xde,
    0x8, 0xe0, 0x1f, 0xfd, 0x4f, 0x0, 0x20, 0x7,
    0xd6, 0x44, 0xa0, 0xf, 0xfe, 0xa9, 0x0, 0x8,
    0x3, 0xd0, 0x81, 0xe2, 0x1, 0xff, 0xd5, 0x60,
    0x0, 0x80, 0x73, 0x38, 0x51, 0x0, 0x7f, 0xf5,
    0x88, 0x8, 0x3, 0x8e, 0x42, 0x14, 0x3, 0xff,
    0xb2, 0xc0, 0x18, 0xb0, 0x19, 0xc0, 0x3f, 0xfb,
    0xc5, 0x80, 0xb2, 0x1, 0xff, 0xd9, 0x10, 0xc,
    0x58, 0x29, 0x40, 0x1f, 0xfd, 0xa5, 0x5, 0x37,
    0xd1, 0x4b, 0x0, 0xff, 0xed, 0xf8, 0xe, 0x40,
    0x35, 0x80, 0x7f, 0xf7, 0x12, 0x44, 0x12, 0xe4,
    0x3, 0xff, 0xb8,

    /* U+0067 "g" */
    0x0, 0xff, 0xfa, 0x9b, 0x98, 0x7, 0xff, 0xfc,
    0x3, 0x16, 0x62, 0x30, 0x80, 0x3f, 0xff, 0xe0,
    0x5, 0xd3, 0x0, 0x90, 0x3, 0xff, 0xfe, 0x11,
    0x40, 0x1d, 0x9d, 0x40, 0x1f, 0xff, 0xd8, 0x70,
    0x0, 0xc3, 0x2, 0x8a, 0x88, 0x7, 0xf4, 0x70,
    0x7, 0xff, 0xc1, 0xdc, 0x0, 0x4f, 0x7c, 0x0,
    0x84, 0x40, 0x1f, 0xd, 0xb5, 0x0, 0x7f, 0xfb,
    0xd2, 0x0, 0xb, 0x62, 0x4, 0x1, 0x58, 0x7,
    0xc7, 0xe1, 0xe8, 0x1, 0xff, 0xee, 0x2a, 0x0,
    0x25, 0x0, 0x54, 0x0, 0x45, 0x0, 0xf3, 0xed,
    0xd8, 0x40, 0x3f, 0xfd, 0xfc, 0x20, 0x56, 0x1,
    0x29, 0x0, 0x24, 0x3, 0x86, 0xf3, 0xd4, 0x3,
    0xff, 0xe0, 0xe6, 0x0, 0xf0, 0xd, 0x0, 0x7,
    0x20, 0xc, 0x99, 0xb6, 0x20, 0x1f, 0xff, 0x1,
    0x80, 0x4, 0x10, 0x4, 0xe4, 0x3, 0x0, 0x1a,
    0x3f, 0x18, 0x3, 0xff, 0xe5, 0x60, 0x2, 0x70,
    0x8, 0xe0, 0x1, 0x60, 0x10, 0xdf, 0x58, 0x80,
    0x7f, 0xfc, 0x85, 0x40, 0x10, 0x1, 0xe, 0x80,
    0xd, 0x40, 0x9, 0x52, 0xc0, 0x1f, 0xff, 0x46,
    0x0, 0xa, 0x80, 0x5a, 0x20, 0x8, 0x0, 0x41,
    0xd9, 0x0, 0x7f, 0xfd, 0x6c, 0x0, 0xe0, 0x16,
    0x18, 0x1, 0x10, 0x33, 0x4e, 0x1, 0xff, 0xf7,
    0x30, 0x6, 0x1, 0x69, 0x80, 0x50, 0x8d, 0x24,
    0x1, 0xff, 0xfb, 0xc8, 0xd2, 0x0, 0x95, 0x9d,
    0xc0, 0x1f, 0xff, 0xa2, 0x0, 0x33, 0x81, 0x80,
    0x5a, 0xa6, 0x1, 0xff, 0xfb, 0xf4, 0x1, 0x5d,
    0x70, 0x1a, 0x70, 0xf, 0xff, 0xe9, 0x5f, 0xf5,
    0x32, 0x5, 0x28, 0x7, 0xff, 0xfc, 0x3, 0x40,
    0x1a, 0x0, 0x7f, 0xff, 0xc0, 0x34, 0x18, 0x78,
    0x7, 0xff, 0xfc, 0x2, 0x2b, 0x70, 0x43, 0x0,
    0xff, 0xff, 0x80, 0x11, 0x90, 0x1, 0x20, 0x1f,
    0xff, 0xf0, 0x16, 0x5c, 0x0, 0x29, 0x0, 0x7f,
    0xff, 0xd1, 0xc, 0xe, 0x0, 0x80, 0xf, 0xff,
    0xfb, 0x31, 0x42, 0x0, 0xc, 0x40, 0x1f, 0xff,
    0xd3, 0x76, 0x20, 0x16, 0x0, 0x40, 0x7, 0xff,
    0xf5, 0x98, 0xe0, 0x14, 0x0, 0x18, 0x40, 0x3f,
    0xff, 0x63, 0x8, 0xa0, 0x10, 0xb0, 0x2, 0x0,
    0x3f, 0xff, 0x67, 0x30, 0x40, 0x1a, 0x0, 0xc,
    0x20, 0x1f, 0xff, 0xa7, 0x58, 0x0, 0xe2, 0x60,
    0x4, 0x0, 0x7f, 0xfe, 0x46, 0x51, 0x80, 0x3d,
    0x60, 0x6, 0x10, 0xf, 0xff, 0xc2, 0x44, 0xc,
    0x3, 0xc4, 0xc0, 0x8, 0x0, 0xff, 0xfc, 0x39,
    0xc8, 0x80, 0x7d, 0x0, 0x7, 0x10, 0xf, 0xff,
    0xb0, 0xca, 0x38, 0x7, 0xe2, 0x50, 0x4, 0x80,
    0x7f, 0xfd, 0x8e, 0xe0, 0xc0, 0x3f, 0xa0, 0x0,
    0xe2, 0x1, 0xff, 0xf5, 0x5b, 0xa1, 0x0, 0xfe,
    0x35, 0x0, 0x48, 0x7, 0xff, 0xd6, 0xe, 0x0,
    0x3f, 0xe8, 0x0, 0x38, 0x80, 0x7f, 0xfc, 0xc6,
    0xb1, 0x80, 0x3f, 0xe3, 0x40, 0x19, 0x0, 0xff,
    0xf9, 0x9d, 0x42, 0x0, 0x7f, 0xf0, 0x20, 0x1,
    0x22, 0x1, 0xff, 0xf2, 0x59, 0xb2, 0x0, 0xff,
    0xe0, 0x22, 0x0, 0x5c, 0x3, 0xff, 0xe5, 0x3b,
    0x40, 0x1f, 0xfc, 0x28, 0x0, 0x40, 0x7, 0xff,
    0xc4, 0x6f, 0x20, 0x3, 0xff, 0x84, 0xa6, 0x4,
    0xc0, 0x1f, 0xff, 0x2, 0xd8, 0x50, 0xf, 0xfe,
    0x1c, 0x0, 0x20, 0x3, 0xff, 0xe0, 0x9d, 0xa6,
    0x1, 0xff, 0xc3, 0x62, 0x2, 0x50, 0xf, 0xff,
    0x7b, 0x7e, 0x8, 0x7, 0xff, 0x12, 0x0, 0x12,
    0x1, 0xff, 0xef, 0x8c, 0xb0, 0xf, 0xfe, 0x2c,
    0x8, 0x22, 0x0, 0x3f, 0xfd, 0xd4, 0x14, 0x1,
    0xff, 0xc5, 0x27, 0x0, 0x48, 0x7, 0xff, 0xba,
    0xf2, 0x0, 0x3f, 0xf8, 0xd0, 0x0, 0x62, 0x0,
    0xff, 0xf6, 0xe, 0x73, 0x0, 0x7f, 0xf1, 0x8d,
    0x40, 0x10, 0x1, 0xff, 0xec, 0x2c, 0x85, 0x0,
    0xff, 0xe3, 0xf8, 0x2, 0x4, 0x3, 0xff, 0xd6,
    0x5f, 0x28, 0x1, 0xff, 0xc7, 0x53, 0x2, 0x70,
    0xf, 0xff, 0x59, 0x7f, 0x20, 0x7, 0xff, 0x22,
    0xc0, 0x10, 0x1, 0xff, 0xeb, 0x2f, 0xe3, 0x0,
    0xff, 0xe4, 0x40, 0x82, 0x28, 0x7, 0xff, 0xa8,
    0xf3, 0x8c, 0x3, 0xff, 0x90, 0x4e, 0x0, 0x90,
    0xf, 0xff, 0x51, 0x6e, 0x8c, 0x3, 0xff, 0x93,
    0xc0, 0x7, 0x20, 0xf, 0xff, 0x49, 0x65, 0x18,
    0x7, 0xff, 0x25, 0x4c, 0x6, 0x0, 0x3f, 0xfd,
    0x23, 0xf6, 0x80, 0x1f, 0xfc, 0xab, 0x0, 0x58,
    0x7, 0xff, 0xa4, 0x72, 0xd4, 0x3, 0xff, 0x95,
    0x22, 0x8, 0xa0, 0x1f, 0xfe, 0x9d, 0x56, 0x0,
    0xff, 0xe5, 0x23, 0x0, 0x28, 0x3, 0xff, 0xd3,
    0x6f, 0x0, 0x1f, 0xfc, 0xba, 0x0, 0x48, 0x80,
    0x7f, 0xfa, 0x21, 0xac, 0x3, 0xff, 0x97, 0x22,
    0x6, 0xc0, 0x1f, 0xfe, 0x85, 0x7f, 0x0, 0xff,
    0xe5, 0x9b, 0x0, 0x38, 0x3, 0xff, 0xd0, 0x55,
    0x42, 0x0, 0xff, 0xe5, 0xf0, 0x2, 0x8, 0x3,
    0xff, 0xd1, 0xea, 0xa0, 0xf, 0xfe, 0x5d, 0x10,
    0x1b, 0x80, 0x7f, 0xfa, 0x20, 0xec, 0x3, 0xff,
    0x96, 0xca, 0x3, 0xa0, 0x1f, 0xfe, 0x83, 0x7b,
    0x10, 0xf, 0xfe, 0x51, 0x48, 0x2, 0x84, 0x3,
    0xff, 0xd1, 0xe6, 0xa0, 0x1f, 0xfc, 0xbf, 0x0,
    0x32, 0x0, 0x7f, 0xfa, 0x18, 0xf8, 0x3, 0xff,
    0x97, 0x44, 0x5, 0x20, 0x1f, 0xfe, 0x81, 0x86,
    0x20, 0xf, 0xfe, 0x53, 0xa8, 0x3, 0xc0, 0x3f,
    0xfd, 0x32, 0x30, 0x1, 0xff, 0xca, 0x58, 0x0,
    0x51, 0x0, 0x7f, 0xfa, 0x5, 0xd8, 0x40, 0x3f,
    0xf9, 0x27, 0x40, 0x6, 0x50, 0xf, 0xff, 0x4b,
    0x5, 0x80, 0x7f, 0xf2, 0x4b, 0x40, 0x9, 0x20,
    0x1f, 0xfe, 0xa9, 0x42, 0x0, 0xff, 0xe4, 0x16,
    0x8, 0x15, 0x80, 0x7f, 0xfa, 0x90, 0x78, 0x3,
    0xff, 0x90, 0x38, 0x20, 0x38, 0x1, 0xff, 0xeb,
    0xd0, 0x50, 0xf, 0xfe, 0x39, 0x60, 0x80, 0xe0,
    0x80, 0x7f, 0xfa, 0xd1, 0x0, 0x1f, 0xfc, 0x73,
    0xc2, 0x1, 0xc2, 0x0, 0xff, 0xf6, 0x11, 0x80,
    0x7f, 0xf1, 0x97, 0x4, 0x7, 0x8, 0x3, 0xff,
    0xd8, 0x61, 0xa0, 0x1f, 0xfc, 0x57, 0xa0, 0x1,
    0x79, 0x0, 0x7f, 0xfb, 0x5c, 0x3, 0xff, 0x8a,
    0x37, 0x0, 0x4, 0xc1, 0x0, 0xff, 0xf8, 0x18,
    0x7, 0xff, 0x9, 0x7d, 0x0, 0xd, 0x62, 0x1,
    0xff, 0xef, 0x70, 0xf0, 0xf, 0xfe, 0x1, 0x5d,
    0x8, 0x2, 0xa4, 0x3, 0xff, 0xe2, 0x60, 0xc2,
    0x1, 0xfc, 0x31, 0xa8, 0x0, 0x3d, 0x50, 0xf,
    0xff, 0x9b, 0x6, 0x90, 0x7, 0x92, 0xb9, 0xc0,
    0x3, 0x38, 0x40, 0x1f, 0xff, 0x48, 0x13, 0xdb,
    0x77, 0x45, 0xf5, 0xa8, 0x4, 0xfe, 0xc0, 0x1f,
    0xff, 0x61, 0xc3, 0x4, 0x88, 0x3a, 0x8, 0x0,
    0x63, 0xa0, 0x40, 0x3f, 0xff, 0x5, 0x94, 0x82,
    0x0, 0x24, 0x8c, 0xe7, 0x10, 0xf, 0xff, 0xc0,

    /* U+0068 "h" */
    0x0, 0xff, 0xeb, 0xb5, 0xf7, 0xec, 0x8, 0x7,
    0xff, 0x61, 0xba, 0x50, 0x40, 0x9f, 0xd0, 0x3,
    0xff, 0xaa, 0x39, 0x22, 0xd, 0x57, 0x2, 0x2b,
    0x20, 0xf, 0xfe, 0x9a, 0x79, 0x82, 0xf4, 0xaa,
    0x3f, 0x90, 0x58, 0x7, 0xff, 0x49, 0x6c, 0x42,
    0x68, 0x40, 0x30, 0xf0, 0x30, 0x7, 0xff, 0x45,
    0xa8, 0x7, 0x18, 0x3, 0xe3, 0x20, 0x20, 0xf,
    0xfe, 0x7a, 0xc8, 0xe, 0x98, 0x7, 0xf3, 0x80,
    0x80, 0x7f, 0xf3, 0x92, 0x80, 0x1a, 0x60, 0x1f,
    0xe3, 0x0, 0xff, 0xe7, 0x9d, 0x80, 0x2c, 0xc0,
    0x3f, 0xe3, 0x1, 0x0, 0xff, 0xe6, 0xe, 0x80,
    0x25, 0x0, 0x3f, 0xf8, 0xc, 0x4, 0x1, 0xff,
    0xcc, 0xd1, 0x6, 0x60, 0x7, 0xff, 0x4, 0xd0,
    0x3, 0xff, 0x99, 0x26, 0x7, 0x20, 0x1f, 0xfc,
    0x15, 0xd, 0x0, 0xff, 0xe5, 0xab, 0x0, 0xe8,
    0x7, 0xff, 0xb, 0xc1, 0xc0, 0x3f, 0xf9, 0x45,
    0x40, 0xb, 0x10, 0xf, 0xfe, 0x8, 0xaa, 0x84,
    0x3, 0xff, 0x95, 0xe0, 0x6, 0x50, 0xf, 0xfe,
    0x14, 0x4, 0x0, 0x7f, 0xf2, 0xa0, 0x80, 0xa4,
    0x3, 0xff, 0x84, 0x4c, 0xa4, 0x1, 0xff, 0xc9,
    0x37, 0x0, 0x70, 0x7, 0xff, 0xe, 0x42, 0xc0,
    0x3f, 0xf9, 0x5c, 0x0, 0x73, 0x0, 0xff, 0xe1,
    0x22, 0x20, 0x40, 0x3f, 0xf9, 0x30, 0x40, 0x50,
    0x1, 0xff, 0xc2, 0x1a, 0x37, 0x0, 0xff, 0xe4,
    0x9b, 0x80, 0x24, 0x3, 0xff, 0x87, 0x43, 0xc0,
    0x1f, 0xfc, 0xae, 0x0, 0x32, 0x0, 0x7f, 0xf0,
    0xa1, 0x28, 0x80, 0x3f, 0xf9, 0x2e, 0x40, 0x30,
    0x1, 0xff, 0xc2, 0x67, 0x72, 0x80, 0x7f, 0xf2,
    0x46, 0x0, 0x16, 0x20, 0x1f, 0xfc, 0x15, 0x95,
    0x80, 0xf, 0xfe, 0x55, 0x80, 0xd, 0x40, 0x3f,
    0xf8, 0x2b, 0x49, 0x40, 0x1f, 0xfc, 0xa4, 0x50,
    0x7, 0x80, 0x7f, 0xf0, 0x56, 0x92, 0xc0, 0x3f,
    0xf9, 0x72, 0x0, 0x63, 0x0, 0xff, 0xe0, 0x3d,
    0x2d, 0x80, 0x7f, 0xf2, 0xd8, 0x80, 0x60, 0x3,
    0xff, 0x81, 0x30, 0xd4, 0x1, 0xff, 0xcb, 0x18,
    0x0, 0x40, 0x80, 0x7f, 0x87, 0x1a, 0x64, 0x1,
    0xff, 0xcc, 0x81, 0x2, 0x60, 0xf, 0xf2, 0xf9,
    0x63, 0x0, 0x7f, 0xf3, 0x9, 0x80, 0x1c, 0x1,
    0xfe, 0x9a, 0x5f, 0x30, 0xf, 0xfe, 0x6c, 0x0,
    0x10, 0xc0, 0x3f, 0x2f, 0x34, 0xd8, 0x80, 0x7f,
    0xf3, 0x4d, 0x40, 0x12, 0x1, 0xf1, 0x5d, 0x2e,
    0xb0, 0x7, 0xff, 0x3e, 0x0, 0xc, 0x40, 0x1c,
    0x33, 0xab, 0x56, 0x40, 0x1f, 0xfc, 0xf3, 0x40,
    0x4, 0x0, 0x62, 0x9e, 0x78, 0xe5, 0x0, 0xff,
    0xe8, 0xf8, 0x1, 0xc4, 0x0, 0x95, 0xae, 0xef,
    0x70, 0xf, 0xfe, 0x92, 0x18, 0x2, 0x45, 0xf6,
    0xde, 0x7a, 0x4, 0x3, 0xff, 0xa7, 0x0, 0x3,
    0xde, 0x87, 0xbd, 0x60, 0xf, 0xfe, 0xaa, 0x18,
    0x0, 0xde, 0x7a, 0x90, 0x3, 0xff, 0xaf, 0x0,
    0x7, 0xfb, 0x61, 0x0, 0x1d, 0x77, 0xc0, 0x7,
    0xff, 0x44, 0xcc, 0x3, 0x0, 0x18, 0x6f, 0x14,
    0x41, 0xcc, 0x3, 0xff, 0xa1, 0x0, 0x9, 0x0,
    0xcd, 0xc8, 0x24, 0x1, 0x30, 0x7, 0xff, 0x3c,
    0x90, 0x5, 0xc0, 0x2a, 0x91, 0xae, 0xd2, 0x0,
    0x38, 0x7, 0xff, 0x3e, 0xc0, 0x12, 0x0, 0x1c,
    0x53, 0xf5, 0x1, 0x20, 0x1, 0x0, 0x7f, 0xf3,
    0x85, 0x80, 0xe, 0x5, 0xe6, 0xf8, 0x20, 0x6,
    0x0, 0x28, 0x7, 0xff, 0x3e, 0x40, 0xe, 0x7,
    0x83, 0x50, 0x1, 0xa4, 0x1, 0xe0, 0x1f, 0xfc,
    0x1d, 0x30, 0xf, 0xfe, 0x3, 0x0, 0x24, 0xf0,
    0x71, 0x40, 0x33, 0x8, 0xa, 0x80, 0x7f, 0xf0,
    0x20, 0xc, 0x3, 0xfe, 0x51, 0x5, 0x2c, 0xc,
    0x30, 0xe, 0xb0, 0x3, 0x0, 0x7f, 0xf0, 0x9,
    0xe4, 0x3, 0xff, 0x81, 0x20, 0xd, 0xc0, 0xc3,
    0x0, 0xe5, 0x20, 0x4, 0x80, 0x7f, 0xf0, 0x39,
    0x10, 0x1, 0xff, 0x11, 0x80, 0x20, 0x28, 0xc0,
    0x3d, 0x20, 0x6, 0x10, 0xf, 0xfa, 0xe, 0x80,
    0x3f, 0xf8, 0x14, 0x1, 0x9d, 0x40, 0x3c, 0x66,
    0x0, 0x58, 0x7, 0xfc, 0x8f, 0x42, 0x1, 0xff,
    0xc0, 0x60, 0x8, 0xe0, 0x3, 0xea, 0x0, 0x21,
    0x0, 0x7f, 0x8a, 0x95, 0x40, 0x1f, 0xfc, 0x4,
    0x10, 0xb, 0x80, 0x3f, 0x30, 0x3, 0xc0, 0x3f,
    0xc3, 0xe7, 0x40, 0x1f, 0xfc, 0x1e, 0x0, 0xa0,
    0x80, 0x3e, 0x40, 0x0, 0xa0, 0x7, 0xfb, 0x4f,
    0xc0, 0x3f, 0xf8, 0x4a, 0x0, 0x27, 0x0, 0xfd,
    0x80, 0x7, 0x0, 0xff, 0x59, 0xd1, 0x0, 0x7f,
    0xf0, 0x50, 0x2, 0x90, 0xf, 0xe4, 0x0, 0x68,
    0x7, 0xf5, 0xa5, 0x20, 0x7, 0xff, 0xb, 0x0,
    0x6, 0x80, 0x1f, 0xc4, 0x0, 0x40, 0xf, 0xd6,
    0x94, 0xa0, 0x1f, 0xfc, 0x34, 0x0, 0x40, 0x7,
    0xf8, 0x40, 0x40, 0x3e, 0x1d, 0x4a, 0x50, 0xf,
    0xfe, 0x20, 0x81, 0xa0, 0x7, 0xf8, 0x40, 0xc0,
    0x3c, 0x9e, 0x78, 0xa0, 0x1f, 0xfc, 0x5e, 0x6f,
    0x0, 0xff, 0x90, 0x8, 0x40, 0x34, 0xd9, 0x79,
    0x80, 0x7f, 0xf1, 0x8e, 0x4c, 0x3, 0xfe, 0x80,
    0x6, 0x99, 0x9f, 0x9a, 0x70, 0x40, 0x3f, 0xfa,
    0xa5, 0x84, 0x79, 0x89, 0x6e, 0x60, 0xf, 0xfe,
    0xc1, 0xee, 0x5e, 0x74, 0x8, 0x7, 0xff, 0x28,

    /* U+0069 "i" */
    0x0, 0xff, 0xe1, 0x25, 0x20, 0x7, 0xff, 0x2d,
    0x2d, 0x6c, 0x80, 0x3f, 0xf9, 0x23, 0x40, 0x1f,
    0xfc, 0xd8, 0x10, 0x4, 0x10, 0x7, 0xff, 0x20,
    0x58, 0x0, 0xce, 0x1, 0xff, 0xc9, 0x12, 0x7,
    0x90, 0xf, 0xfe, 0x5e, 0xea, 0x0, 0x3f, 0xf9,
    0xa4, 0x1, 0xff, 0xfe, 0x27, 0x20, 0xf, 0xfe,
    0x5a, 0x6c, 0x78, 0x7, 0xff, 0x28, 0xac, 0x0,
    0xc0, 0x1f, 0xfc, 0xaf, 0x0, 0xd, 0x0, 0x7f,
    0xf0, 0xcc, 0xc0, 0x1a, 0x8, 0x1, 0x82, 0x1,
    0xff, 0xc2, 0x5c, 0x50, 0x8, 0x9c, 0x1, 0x24,
    0x1, 0xff, 0xc2, 0x6a, 0x96, 0x0, 0xa4, 0x0,
    0xac, 0x1, 0xff, 0xc2, 0x89, 0xa6, 0x0, 0x91,
    0x0, 0xb, 0x0, 0xff, 0xe1, 0x5b, 0xda, 0x80,
    0x68, 0x0, 0x40, 0x80, 0x7f, 0xf0, 0xb, 0x57,
    0x10, 0x3, 0x19, 0x80, 0xc, 0x1, 0xff, 0xc0,
    0x5d, 0xc, 0x30, 0xe, 0xa0, 0x3, 0x8, 0x7,
    0xfd, 0x14, 0x78, 0x40, 0x1e, 0x70, 0x5, 0x0,
    0x7f, 0x87, 0x1d, 0x70, 0x40, 0x3c, 0x22, 0x0,
    0x18, 0x7, 0xf2, 0xf1, 0xc5, 0x0, 0x7e, 0x20,
    0x1, 0x0, 0x7e, 0x1a, 0xa0, 0xdb, 0x80, 0x7f,
    0xf0, 0x4, 0x3, 0xe5, 0xf5, 0x4f, 0x40, 0xf,
    0xf1, 0x80, 0xc, 0x40, 0x32, 0x65, 0xc, 0x58,
    0x80, 0x7f, 0xf0, 0x10, 0x1, 0xa6, 0x66, 0xcb,
    0x34, 0xd7, 0x0, 0xff, 0xe1, 0x48, 0x81, 0xe6,
    0x24, 0xcd, 0x76, 0x20, 0xf, 0xfe, 0x19, 0x7b,
    0x90, 0x13, 0x66, 0x10, 0x3, 0xff, 0x88,

    /* U+006A "j" */
    0x0, 0xff, 0xff, 0x80, 0x7f, 0xfd, 0x4f, 0xa8,
    0x3, 0xff, 0xfb, 0xc2, 0xae, 0x1, 0xff, 0xfb,
    0x52, 0x0, 0x18, 0x7, 0xff, 0xee, 0x0, 0x8,
    0x80, 0xf, 0xff, 0xd1, 0x10, 0x6, 0x40, 0x3f,
    0xff, 0x64, 0x85, 0xa4, 0x1, 0xff, 0xfc, 0xbd,
    0x30, 0xf, 0xff, 0xf8, 0x7, 0xff, 0xed, 0x7a,
    0xc0, 0x3f, 0xff, 0x83, 0x42, 0x82, 0x1, 0xff,
    0xfb, 0x60, 0x1, 0x88, 0x7, 0xff, 0xee, 0x40,
    0x10, 0x1, 0xff, 0xfb, 0x61, 0x4, 0x40, 0x7,
    0xff, 0xee, 0x0, 0x12, 0x1, 0xff, 0x2e, 0x0,
    0x7f, 0xfb, 0x94, 0x41, 0x48, 0x3, 0xfc, 0x75,
    0x20, 0x1f, 0xfe, 0xe8, 0x0, 0x40, 0x7, 0xf8,
    0xb5, 0x94, 0x3, 0xff, 0xda, 0x84, 0xc, 0x40,
    0x1f, 0xc7, 0x89, 0x20, 0x1f, 0xfe, 0xe8, 0x0,
    0x40, 0x7, 0xf2, 0x62, 0x50, 0x7, 0xff, 0xb9,
    0xc, 0x1c, 0x40, 0x3f, 0x35, 0xbd, 0x0, 0x7f,
    0xfb, 0xfc, 0x1, 0x20, 0x1f, 0xaa, 0x6a, 0x0,
    0x3f, 0xfd, 0xe6, 0x80, 0xe2, 0x1, 0xe3, 0xd7,
    0xd5, 0x0, 0xff, 0xf8, 0x48, 0x2, 0x40, 0x3d,
    0x18, 0x9a, 0x40, 0x1f, 0xff, 0x2, 0x50, 0x71,
    0x0, 0xc7, 0xad, 0x72, 0x1, 0xff, 0xf2, 0x80,
    0x4, 0x80, 0x68, 0xc4, 0xf4, 0x0, 0xff, 0xf9,
    0xa, 0x84, 0x8, 0x1, 0x35, 0x6e, 0x44, 0x3,
    0xff, 0xe7, 0x0, 0x2e, 0x3, 0x57, 0x5a, 0x80,
    0x1f, 0xff, 0x41, 0x60, 0x90, 0x7e, 0x1d, 0x70,
    0xf, 0xff, 0xb4, 0x80, 0x9e, 0xd5, 0xd8, 0x80,
    0x3f, 0xfe, 0xc2, 0xe0, 0x36, 0xba, 0x80, 0x1f,
    0xff, 0x86, 0x0, 0x26, 0xc0, 0x7, 0xff, 0xe4,
    0xe4, 0x22, 0xc8, 0x3, 0xff, 0xf3, 0x38, 0x22,
    0x70, 0xf, 0xff, 0xca, 0xe8, 0x5, 0x0, 0x1f,
    0xff, 0x81, 0xbe, 0xc3, 0x1, 0x60, 0xf, 0xff,
    0xbb, 0x7f, 0x59, 0xa8, 0x40, 0x7, 0xff, 0xd8,
    0xb3, 0x1e, 0xa1, 0x0, 0x4c, 0x1, 0xff, 0xf5,
    0x7c, 0x9a, 0x10, 0x25, 0xb, 0x0, 0xff, 0xfa,
    0x16, 0x63, 0xd4, 0x2, 0xb0, 0x26, 0x0, 0xff,
    0xf9, 0xb6, 0x55, 0x88, 0x4, 0x2c, 0x10, 0x1,
    0xff, 0xf2, 0x1a, 0xbc, 0x60, 0xe, 0x80, 0x25,
    0x0, 0xff, 0xf8, 0xa7, 0x86, 0x90, 0x7, 0xb,
    0x4, 0x0, 0x7f, 0xfc, 0x5e, 0xed, 0x40, 0x1f,
    0x40, 0x12, 0x80, 0x7f, 0xfc, 0x2e, 0xb5, 0x40,
    0x3e, 0x16, 0x8, 0x0, 0xff, 0xf7, 0x96, 0x86,
    0x10, 0x7, 0xe8, 0x2, 0x50, 0xf, 0xff, 0x72,
    0xea, 0x58, 0x80, 0x7e, 0x16, 0x8, 0x0, 0xff,
    0xf7, 0x45, 0x4c, 0x80, 0x3f, 0xd0, 0x6, 0xa0,
    0x1f, 0xfe, 0xda, 0x6c, 0x60, 0xf, 0xf1, 0x30,
    0x40, 0x7, 0xff, 0xb7, 0x13, 0xc, 0x3, 0xfe,
    0xb0, 0x34, 0x0, 0xff, 0xf5, 0x8e, 0xe, 0x10,
    0x7, 0xfc, 0x4c, 0x1e, 0x1, 0xff, 0xeb, 0x2c,
    0x1c, 0x20, 0xf, 0xfe, 0x4, 0x2, 0x18, 0x7,
    0xff, 0xa8, 0xb0, 0x70, 0x40, 0x3f, 0xf8, 0x4,
    0xa1, 0x0, 0x1f, 0xfe, 0xa2, 0xc2, 0xc1, 0x0,
    0xff, 0xe0, 0xc0, 0x29, 0x80, 0x7f, 0xfa, 0x4b,
    0xb, 0x0, 0x3f, 0xf8, 0x46, 0xa1, 0x0, 0x1f,
    0xfe, 0x91, 0xc3, 0xd0, 0xf, 0xfe, 0x1c, 0x3,
    0x10, 0x7, 0xff, 0xa0, 0x70, 0xf0, 0x40, 0x3f,
    0xf8, 0x48, 0x80, 0x80, 0xf, 0xff, 0x40, 0xe0,
    0x60, 0x80, 0x7f, 0xf0, 0xe0, 0x1c, 0x40, 0x3f,
    0xfd, 0x14, 0x7e, 0x20, 0x1f, 0xfc, 0x35, 0x31,
    0x80, 0xf, 0xff, 0x45, 0x26, 0x90, 0x7, 0xff,
    0x12, 0x2, 0x40, 0x3f, 0xfd, 0x10, 0xb6, 0x60,
    0x1f, 0xfc, 0x46, 0x22, 0x38, 0x7, 0xff, 0x9d,
    0x5e, 0x10, 0x3, 0xff, 0x8b, 0x1, 0x0, 0x1f,
    0xfe, 0x72, 0xa5, 0x70, 0xf, 0xfe, 0x2c, 0x9,
    0xa8, 0x7, 0xff, 0x9f, 0xca, 0x80, 0x3f, 0xf8,
    0xa2, 0xe1, 0xe0, 0x1f, 0xfe, 0x7a, 0x2f, 0x0,
    0xff, 0xe3, 0x58, 0x29, 0x80, 0x7f, 0xf9, 0x95,
    0x54, 0x40, 0x1f, 0xfc, 0x53, 0x50, 0xb0, 0xf,
    0xff, 0x31, 0x53, 0x28, 0x7, 0xff, 0x1b, 0xc1,
    0xc4, 0x3, 0xff, 0xcd, 0x25, 0x20, 0x1f, 0xfc,
    0x65, 0x31, 0x80, 0xf, 0xff, 0x33, 0x27, 0x0,
    0x7f, 0xf1, 0xe0, 0x2c, 0x3, 0xff, 0xcc, 0x52,
    0xe6, 0x1, 0xff, 0xc6, 0x72, 0x35, 0x0, 0xff,
    0xf3, 0x49, 0x40, 0x7, 0xff, 0x18, 0x60, 0x38,
    0x3, 0xff, 0xcc, 0xa9, 0x20, 0x1f, 0xfc, 0x7b,
    0x6, 0x20, 0xf, 0xff, 0x35, 0xaa, 0x0, 0x7f,
    0xf1, 0x91, 0x46, 0x40, 0x3f, 0xfc, 0xd0, 0x36,
    0x1, 0xff, 0xc7, 0x90, 0xb0, 0xf, 0xff, 0x31,
    0x3b, 0x84, 0x3, 0xff, 0x8d, 0x4, 0x6a, 0x1,
    0xff, 0xe6, 0x81, 0x90, 0xf, 0xfe, 0x31, 0x38,
    0x70, 0x7, 0xff, 0x98, 0x96, 0x44, 0x3, 0xff,
    0x8d, 0xc1, 0x4, 0x1, 0xff, 0xe6, 0x80, 0x60,
    0xf, 0xfe, 0x33, 0x99, 0x38, 0x7, 0xff, 0x98,
    0x55, 0x84, 0x3, 0xff, 0x8a, 0x50, 0x1c, 0x1,
    0xff, 0xe7, 0x90, 0xb0, 0xf, 0xfe, 0x37, 0x3,
    0x98, 0x7, 0xff, 0x9d, 0x90, 0x80, 0x3f, 0xf8,
    0xae, 0x66, 0x80, 0xf, 0xff, 0x3a, 0x8f, 0x0,
    0x7f, 0xf1, 0x4e, 0x3, 0x80, 0x3f, 0xfd, 0x1c,
    0x2a, 0x1, 0xff, 0xc4, 0x1d, 0x9, 0x20, 0xf,
    0xff, 0x42, 0x20, 0x3, 0xff, 0x8b, 0x42, 0xac,
    0x1, 0xff, 0xe8, 0x50, 0xf0, 0xf, 0xfe, 0x24,
    0x21, 0x50, 0x7, 0xff, 0xa7, 0xc1, 0x40, 0x3f,
    0xf8, 0x6a, 0xe1, 0xe0, 0x1f, 0xfe, 0xa7, 0x30,
    0xf, 0xfe, 0x19, 0xd0, 0x51, 0x0, 0x7f, 0xfa,
    0x44, 0x94, 0x3, 0xff, 0x84, 0x5a, 0xe, 0xa0,
    0x1f, 0xfe, 0xa5, 0xf, 0x0, 0xff, 0xe0, 0x96,
    0xa, 0xc0, 0x7, 0xff, 0xac, 0x80, 0x80, 0x3f,
    0xf8, 0x5, 0x82, 0x94, 0x1, 0xff, 0xec, 0x10,
    0x70, 0xf, 0xf8, 0xb0, 0x4e, 0xc0, 0x3f, 0xff,
    0x47, 0x82, 0x78, 0x1, 0xff, 0xee, 0x10, 0xf,
    0xf9, 0x70, 0x4f, 0x0, 0x3f, 0xfd, 0xe4, 0xa,
    0x1, 0xfa, 0x68, 0x17, 0x0, 0x3f, 0xfe, 0xa,
    0x14, 0x1, 0xe3, 0xd6, 0x8, 0xa0, 0xf, 0xff,
    0x88, 0xa9, 0xb0, 0x4, 0x55, 0x84, 0x4c, 0x70,
    0xf, 0xff, 0x9d, 0x8c, 0xe5, 0xee, 0x94, 0x63,
    0x4c, 0x3, 0xff, 0xe8, 0x3e, 0xc4, 0x80, 0xb5,
    0xce, 0x1, 0xff, 0xf5,

    /* U+006B "k" */
    0x0, 0xff, 0xec, 0x8c, 0x6f, 0xf4, 0x80, 0x7f,
    0xf6, 0x6, 0x79, 0xc9, 0xd, 0x9c, 0x3, 0xff,
    0xac, 0x9e, 0xc1, 0x1f, 0x7a, 0x38, 0x1, 0xff,
    0xd5, 0x6b, 0x13, 0xd7, 0x0, 0x88, 0x3, 0xff,
    0xaa, 0xf2, 0xb, 0x84, 0x1, 0x8c, 0x80, 0x3f,
    0xfa, 0x6d, 0x0, 0x94, 0x1, 0xc8, 0x1a, 0x1,
    0xff, 0xd2, 0x59, 0x3, 0xb0, 0xf, 0x78, 0xa0,
    0x7, 0xff, 0x44, 0xa8, 0xb, 0x40, 0x3c, 0x68,
    0xc0, 0x1f, 0xfd, 0x11, 0xc0, 0x7, 0x8, 0x7,
    0xa0, 0x24, 0x3, 0xff, 0xa3, 0x42, 0x12, 0x60,
    0x1e, 0x44, 0x38, 0x80, 0x7f, 0xf4, 0x1d, 0x1,
    0x18, 0x3, 0xe9, 0x18, 0x0, 0xff, 0xe8, 0x14,
    0x0, 0xd0, 0x7, 0xce, 0x56, 0x1, 0xff, 0xd1,
    0xf0, 0x5, 0x8, 0x7, 0x8a, 0x11, 0x40, 0x3f,
    0xfa, 0x10, 0x40, 0xa8, 0x1, 0xf7, 0x4, 0x80,
    0x7f, 0xf4, 0x9, 0xc0, 0x6c, 0x3, 0xe8, 0x39,
    0x20, 0xf, 0xfe, 0x87, 0x0, 0x2c, 0x40, 0x3c,
    0x6e, 0x8c, 0x1, 0xff, 0xd0, 0x73, 0x4, 0x50,
    0xf, 0xe, 0x8d, 0x0, 0x7f, 0xf4, 0x6, 0x0,
    0x12, 0x1, 0xf5, 0x8d, 0x8, 0x7, 0xff, 0x42,
    0xc0, 0x10, 0x40, 0x1e, 0x65, 0x84, 0x0, 0xff,
    0xe8, 0x22, 0x81, 0x38, 0x7, 0x8e, 0x51, 0xc0,
    0x3f, 0xfa, 0x32, 0x0, 0x80, 0xf, 0xf, 0xd,
    0x0, 0x7f, 0xf4, 0x5c, 0x81, 0x14, 0x3, 0xd4,
    0x5a, 0x20, 0x1f, 0xfd, 0x1, 0x80, 0x4, 0x80,
    0x79, 0xd2, 0x4c, 0x3, 0xff, 0xa3, 0x0, 0x6,
    0x20, 0xe, 0x48, 0x56, 0x0, 0xff, 0xe8, 0x93,
    0x0, 0x20, 0x3, 0x8a, 0x8e, 0x80, 0x3f, 0xfa,
    0x52, 0x0, 0x81, 0x0, 0xef, 0xd, 0x0, 0xff,
    0xe9, 0x22, 0x0, 0x5c, 0x3, 0xa8, 0xb4, 0x40,
    0x3f, 0xfa, 0x52, 0x0, 0x80, 0xe, 0x75, 0x93,
    0x0, 0xff, 0xe9, 0x31, 0x1, 0x30, 0x6, 0x48,
    0x76, 0x0, 0xff, 0xe9, 0xc0, 0x2, 0x0, 0x31,
    0x52, 0x40, 0x7, 0xff, 0x4d, 0xc4, 0xd, 0x40,
    0x21, 0xf3, 0xb0, 0xf, 0xfe, 0xa4, 0x80, 0x3c,
    0x3, 0x51, 0xf8, 0x7, 0xff, 0x51, 0xc4, 0x10,
    0xc0, 0x29, 0x4d, 0x20, 0xf, 0xfe, 0x98, 0xc0,
    0x2, 0x0, 0x26, 0x65, 0x18, 0x7, 0xff, 0x52,
    0x40, 0xa, 0x60, 0x4, 0x97, 0x50, 0xf, 0xfe,
    0xa0, 0xb8, 0x2, 0x0, 0x5, 0x4b, 0x0, 0x1f,
    0xfd, 0x59, 0x0, 0x29, 0x0, 0xf9, 0x50, 0x7,
    0xff, 0x54, 0x5c, 0x1, 0x0, 0xd, 0xd, 0x0,
    0xff, 0xeb, 0x48, 0x1, 0x48, 0x28, 0xfc, 0x40,
    0x3f, 0xfa, 0xce, 0x0, 0x80, 0x75, 0xb2, 0x0,
    0xff, 0xeb, 0x38, 0x1, 0x49, 0x62, 0x50, 0x3,
    0xff, 0xaf, 0x20, 0x8, 0x3a, 0x76, 0x0, 0xff,
    0xeb, 0xb0, 0x82, 0x86, 0xac, 0x0, 0x7f, 0xf6,
    0x20, 0x1, 0x3e, 0x54, 0x1, 0xff, 0xd8, 0x61,
    0x4, 0xf0, 0xd0, 0xf, 0xfe, 0xcd, 0x80, 0x18,
    0xbc, 0x40, 0x3f, 0xfb, 0x8, 0x40, 0x2, 0xd2,
    0x3, 0x9d, 0xfe, 0x70, 0xf, 0xfe, 0x94, 0x0,
    0x54, 0x69, 0x98, 0x62, 0x1, 0x83, 0x0, 0xff,
    0xe8, 0x19, 0x80, 0x10, 0xf7, 0x63, 0x18, 0xe9,
    0x0, 0xff, 0xe9, 0xc8, 0x1, 0x8b, 0x50, 0x1b,
    0x9c, 0xe0, 0x10, 0xc0, 0x3f, 0xf8, 0x64, 0x60,
    0x1f, 0xe2, 0x50, 0x20, 0xa0, 0x1b, 0x90, 0x3c,
    0x12, 0xa0, 0xf, 0xfe, 0x19, 0xe2, 0x0, 0x7f,
    0xac, 0x0, 0x6c, 0x5, 0x88, 0xd, 0x82, 0x78,
    0x20, 0x1f, 0xfc, 0x23, 0xd6, 0x70, 0xf, 0xe1,
    0x60, 0x0, 0x81, 0x61, 0xd, 0xc8, 0x3e, 0x8,
    0x7, 0xff, 0x9, 0xb2, 0x20, 0x1, 0xfe, 0x60,
    0xc, 0x38, 0x2d, 0xe8, 0x59, 0x0, 0x1f, 0xfc,
    0x39, 0x8c, 0x60, 0xf, 0xfa, 0x40, 0x35, 0x16,
    0x48, 0xbe, 0x98, 0x7, 0xff, 0x8, 0xf5, 0x7c,
    0xc0, 0x3f, 0xe5, 0x10, 0x8, 0x7f, 0xd, 0x36,
    0x0, 0x3f, 0xf8, 0x43, 0x38, 0xb8, 0x20, 0x1f,
    0xfc, 0x9, 0x0, 0xc2, 0x83, 0x76, 0x20, 0xf,
    0xfe, 0x13, 0x7a, 0x5c, 0x0, 0x7f, 0xf0, 0x4c,
    0xc0, 0x1c, 0xfc, 0x80, 0x1f, 0xfc, 0x24, 0xc9,
    0x6d, 0x40, 0xf, 0xfe, 0x15, 0x0, 0x7a, 0x80,
    0x3f, 0xf8, 0x49, 0x76, 0xc, 0x80, 0xf, 0xfe,
    0x18, 0xb0, 0x4, 0xea, 0x1e, 0x20, 0x1f, 0xe1,
    0x7d, 0xb6, 0xac, 0x30, 0xf, 0xfe, 0x23, 0x0,
    0x55, 0x14, 0x65, 0xee, 0x20, 0x1c, 0x6f, 0x7d,
    0x3, 0x5a, 0xa0, 0x1f, 0xfc, 0x6a, 0x0, 0x5a,
    0x80, 0x31, 0xc6, 0x3b, 0x99, 0x8d, 0xfc, 0x84,
    0x5c, 0xc2, 0x80, 0x7f, 0xf2, 0x18, 0x6d, 0x0,
    0x34, 0x74, 0xa1, 0x9f, 0x35, 0x7d, 0x18, 0x7,
    0xff, 0x24,

    /* U+006C "l" */
    0x0, 0xff, 0xee, 0xa4, 0x4b, 0x0, 0x7f, 0xf7,
    0x97, 0x6d, 0xda, 0x64, 0x1, 0xff, 0xdb, 0x1b,
    0xa2, 0x0, 0xcc, 0x40, 0x1f, 0xfd, 0x93, 0xf4,
    0x0, 0x2e, 0xfb, 0x2, 0x80, 0x7f, 0xf6, 0x13,
    0x4, 0x6, 0xe8, 0x82, 0x3, 0x80, 0x3f, 0xfa,
    0xeb, 0x60, 0x3, 0xf4, 0x0, 0x84, 0x46, 0x1,
    0xff, 0xd6, 0x4a, 0x0, 0x26, 0x8, 0x7, 0x8c,
    0x3, 0xff, 0xaa, 0x56, 0x0, 0x5b, 0x0, 0xf8,
    0x44, 0x1, 0xff, 0xd4, 0x1c, 0x0, 0x25, 0x0,
    0x7c, 0x21, 0xa0, 0x1f, 0xfd, 0x4d, 0x10, 0x3b,
    0x0, 0xfc, 0xa0, 0xe0, 0x1f, 0xfd, 0x3a, 0x30,
    0x2c, 0x0, 0xfe, 0xc1, 0x20, 0xf, 0xfe, 0x93,
    0xa8, 0xe, 0x0, 0x7f, 0x91, 0x0, 0x1f, 0xfd,
    0x24, 0x80, 0x6, 0x88, 0x7, 0xf8, 0xf0, 0x3,
    0xff, 0xa2, 0x54, 0x0, 0xa3, 0x0, 0xff, 0x28,
    0x20, 0x7, 0xff, 0x47, 0x84, 0x1d, 0x40, 0x3f,
    0xef, 0x32, 0x0, 0xff, 0xe8, 0x49, 0x82, 0x40,
    0x7, 0xff, 0x1, 0x68, 0x3, 0xff, 0xa0, 0xac,
    0x5, 0x40, 0x1f, 0xfc, 0x6, 0x7, 0x0, 0xff,
    0xe7, 0x95, 0x0, 0x38, 0x40, 0x3f, 0xf8, 0x16,
    0xc2, 0x1, 0xff, 0xcf, 0xf0, 0x4, 0x98, 0x7,
    0xff, 0x1, 0xa, 0xc0, 0x3f, 0xf9, 0xf2, 0x40,
    0xac, 0x1, 0xff, 0xc1, 0x85, 0x20, 0xf, 0xfe,
    0x72, 0xb0, 0x15, 0x80, 0x7f, 0xf0, 0x50, 0xe4,
    0x3, 0xff, 0x9c, 0x36, 0x0, 0xe1, 0x0, 0xff,
    0xe0, 0xca, 0x98, 0x7, 0xff, 0x3a, 0x84, 0x1c,
    0xc0, 0x3f, 0xf8, 0x2a, 0x50, 0x1, 0xff, 0xce,
    0x74, 0x3, 0x80, 0xf, 0xfe, 0x15, 0xb1, 0x0,
    0x7f, 0xf3, 0x4e, 0x0, 0x1c, 0x1, 0xff, 0xc2,
    0x80, 0x80, 0xf, 0xfe, 0x77, 0x0, 0x24, 0x80,
    0x3f, 0xf8, 0x24, 0xf6, 0x20, 0x1f, 0xfc, 0xd8,
    0x20, 0x46, 0x0, 0xff, 0xe1, 0x72, 0x28, 0x7,
    0xff, 0x34, 0xdc, 0x6, 0x80, 0x3f, 0xf8, 0x4e,
    0x72, 0x1, 0xff, 0xce, 0xe0, 0x5, 0x88, 0x7,
    0xff, 0x4, 0xa2, 0x48, 0x3, 0xff, 0x9b, 0x24,
    0x8, 0xa0, 0x1f, 0xfc, 0x2e, 0x46, 0x0, 0xff,
    0xe6, 0x9b, 0x0, 0x28, 0x3, 0xff, 0x85, 0x5,
    0x40, 0x1f, 0xfc, 0xee, 0x0, 0x48, 0x80, 0x7f,
    0xf0, 0x51, 0xe8, 0x40, 0x3f, 0xf9, 0xae, 0x40,
    0x6c, 0x1, 0xff, 0xc1, 0x1a, 0x64, 0x0, 0xff,
    0xe6, 0x94, 0x0, 0x38, 0x3, 0xff, 0x85, 0xa5,
    0x20, 0x1f, 0xfc, 0xe9, 0x0, 0x39, 0x0, 0x7f,
    0xf0, 0x64, 0xb4, 0x3, 0xff, 0x9c, 0xc8, 0x3,
    0x0, 0x1f, 0xfc, 0x16, 0x66, 0x88, 0x7, 0xff,
    0x34, 0x60, 0x1, 0x60, 0x1f, 0xfc, 0x14, 0x99,
    0x18, 0x7, 0xff, 0x3a, 0xc4, 0x11, 0x40, 0x3f,
    0xf8, 0x5, 0x6e, 0xc0, 0x1f, 0xfc, 0xe3, 0x50,
    0x4, 0x80, 0x7f, 0xf0, 0x7, 0x16, 0x0, 0x3f,
    0xf9, 0xfe, 0x0, 0x62, 0x0, 0xff, 0x87, 0x16,
    0x80, 0x3f, 0xf9, 0xea, 0x60, 0x8, 0x0, 0xff,
    0x87, 0x46, 0xc0, 0x3f, 0xfa, 0x16, 0x0, 0x81,
    0x0, 0xff, 0xb4, 0x34, 0x3, 0xff, 0xa0, 0xe2,
    0x2, 0xe0, 0x1f, 0xf6, 0x6, 0x88, 0x7, 0xff,
    0x3c, 0x64, 0x1, 0x0, 0x1f, 0xe1, 0xc0, 0xd1,
    0x0, 0xff, 0xe8, 0x48, 0x81, 0x30, 0x7, 0xf0,
    0xe0, 0x68, 0x80, 0x7f, 0xf4, 0x5, 0xc0, 0x10,
    0x1, 0xfc, 0x5e, 0xd8, 0x20, 0x1f, 0xfd, 0x19,
    0x0, 0x12, 0x80, 0x7e, 0x3c, 0x7b, 0x0, 0xff,
    0xe9, 0xb, 0x80, 0x20, 0x3, 0xf3, 0x64, 0xc8,
    0x3, 0xff, 0xa7, 0x20, 0x2, 0x50, 0xf, 0xa6,
    0x54, 0xe0, 0x1f, 0xfd, 0x46, 0x0, 0x58, 0x7,
    0x87, 0x13, 0x54, 0x3, 0xe4, 0x70, 0xf, 0xfe,
    0x5b, 0x8, 0xb, 0x0, 0x72, 0x7b, 0xe9, 0x0,
    0x7c, 0x34, 0x1, 0xff, 0xcc, 0xb0, 0x4, 0x80,
    0x74, 0xdc, 0xd8, 0x7, 0xf5, 0x9b, 0x80, 0x7f,
    0xf2, 0x8c, 0x80, 0xe, 0x1, 0x1e, 0xa6, 0x38,
    0x7, 0xf2, 0x2f, 0x0, 0x7f, 0xf2, 0xe4, 0x0,
    0xc0, 0x14, 0x62, 0xe9, 0x80, 0x7f, 0xd, 0x39,
    0x80, 0x7f, 0xf2, 0xd4, 0x1, 0x40, 0xdc, 0xb9,
    0x0, 0x1f, 0xf5, 0x9c, 0x0, 0x7f, 0xf2, 0xd4,
    0x0, 0x4f, 0xb3, 0x2d, 0x30, 0xf, 0xf9, 0x97,
    0x80, 0x3f, 0xf9, 0x9e, 0x0, 0x2b, 0x4e, 0x70,
    0xf, 0xfe, 0x1, 0x4c, 0x18, 0x7, 0xff, 0x31,
    0x0, 0x9, 0xb2, 0x20, 0x1f, 0xfc, 0x1f, 0x47,
    0x0, 0xff, 0xe6, 0x10, 0x81, 0x59, 0x0, 0x7f,
    0xf0, 0xa8, 0xe8, 0x3, 0xff, 0x9a, 0x80, 0x5,
    0x0, 0xff, 0xe1, 0xba, 0xe8, 0x80, 0x7f, 0xf3,
    0x7c, 0x1, 0x80, 0x1f, 0xfc, 0x25, 0x89, 0x30,
    0xf, 0xfe, 0x72, 0x80, 0x14, 0x3, 0xff, 0x82,
    0x74, 0xcc, 0x0, 0xff, 0xe7, 0x88, 0x8, 0x80,
    0x3f, 0xf8, 0x5, 0xa9, 0x20, 0x1f, 0xfd, 0x23,
    0x0, 0xff, 0xe0, 0x16, 0x15, 0x80, 0x7f, 0xf4,
    0xc4, 0x3, 0xfe, 0x3c, 0x2d, 0x0, 0xff, 0xe9,
    0x30, 0x7, 0xff, 0x1, 0x30, 0xb4, 0x40, 0x3f,
    0xfa, 0x46, 0x6, 0x1, 0xfc, 0xf6, 0x98, 0x20,
    0x1f, 0xfd, 0x3a, 0x0, 0x30, 0x7, 0x8a, 0xe1,
    0xac, 0x3, 0xff, 0xaa, 0x4c, 0x12, 0x80, 0x12,
    0x56, 0xa4, 0xc8, 0x3, 0xff, 0xaf, 0x28, 0x17,
    0xdb, 0xf6, 0xaa, 0xe6, 0x0, 0xff, 0xec, 0xdd,
    0x18, 0x91, 0xbe, 0xd0, 0x80, 0x7f, 0xf5, 0xc0,

    /* U+006D "m" */
    0x0, 0xf9, 0x10, 0x1, 0xff, 0xd0, 0x2b, 0xb3,
    0x93, 0x28, 0x7, 0xff, 0x32, 0x0, 0x13, 0xb3,
    0x50, 0x1, 0xff, 0xca, 0x25, 0x0, 0x8, 0x4,
    0xc0, 0x1f, 0xfc, 0xa8, 0x0, 0x9a, 0x80, 0x6,
    0x1, 0xff, 0xc3, 0xc4, 0x0, 0xc4, 0xa0, 0x3,
    0x9d, 0x0, 0x28, 0x7, 0xff, 0x9, 0xc5, 0x0,
    0x35, 0x80, 0x5c, 0xa, 0x0, 0xa0, 0x2, 0x30,
    0x7, 0xf1, 0x47, 0x0, 0x61, 0x60, 0x3, 0x91,
    0x90, 0x21, 0x4, 0x5c, 0xc8, 0x3, 0xf7, 0xb9,
    0x80, 0x69, 0x0, 0xc, 0x5, 0x80, 0x3c, 0x19,
    0xc0, 0x3f, 0xd2, 0x30, 0x1, 0xcc, 0x0, 0x80,
    0x2, 0x81, 0x21, 0xc8, 0x80, 0x28, 0x3, 0xcc,
    0xfa, 0x1, 0xcc, 0x20, 0x2c, 0x4, 0x40, 0xa1,
    0xd1, 0x40, 0x33, 0x0, 0x71, 0xcd, 0x8, 0x7,
    0x58, 0x2, 0x0, 0xe, 0x0, 0x6a, 0x18, 0x40,
    0xa0, 0xe, 0x1d, 0x94, 0x0, 0xe3, 0x20, 0x16,
    0x0, 0x68, 0x2, 0xd1, 0x54, 0x20, 0xe0, 0x18,
    0x71, 0x98, 0x1, 0xea, 0x0, 0x48, 0x7, 0x94,
    0x6d, 0x80, 0xc4, 0x2, 0x1c, 0x48, 0x0, 0xf9,
    0x0, 0xe, 0x1, 0x60, 0x0, 0x70, 0x40, 0xe,
    0x1, 0x1f, 0xa4, 0x80, 0x7e, 0xb0, 0x80, 0xc,
    0x97, 0x3e, 0x40, 0xe0, 0xa6, 0x69, 0xc8, 0x90,
    0xf, 0xe6, 0xf7, 0x0, 0xe4, 0x61, 0x0, 0x13,
    0x8e, 0x60, 0xb5, 0x80, 0x3f, 0xf9, 0x91, 0xd7,
    0xb6, 0x40, 0x1f, 0xe0,

    /* U+006E "n" */
    0x0, 0xfe, 0x36, 0x0, 0xff, 0xe5, 0xa6, 0x4c,
    0x0, 0x7f, 0xf2, 0x46, 0x80, 0x1a, 0x1, 0xff,
    0xc9, 0xa1, 0x6, 0x50, 0xf, 0xfe, 0x42, 0xa0,
    0x14, 0x95, 0xfd, 0x80, 0x7f, 0x30, 0x7, 0x86,
    0xc0, 0x1c, 0x7a, 0x80, 0x86, 0x1, 0xf4, 0x40,
    0x40, 0x3a, 0x4, 0x18, 0x74, 0x3, 0xfe, 0x67,
    0xc1, 0x0, 0xc6, 0xc0, 0x31, 0xe2, 0x20, 0x0,
    0x98, 0x7, 0x2c, 0xd9, 0x0, 0x77, 0x80, 0x22,
    0xc9, 0xd4, 0x0, 0xe0, 0x1c, 0x75, 0x44, 0x0,
    0xe5, 0x30, 0x31, 0x57, 0xa4, 0x0, 0x58, 0x6,
    0x2d, 0x85, 0x0, 0xf4, 0x0, 0x2e, 0x16, 0x28,
    0x0, 0x64, 0x1, 0x16, 0x3b, 0x80, 0x3c, 0xe4,
    0x7, 0x27, 0x40, 0x80, 0xa, 0x0, 0x87, 0xd2,
    0x40, 0x3e, 0x90, 0x1, 0x1e, 0x80, 0xc, 0x0,
    0xe0, 0x2, 0xf7, 0xa0, 0xf, 0x9c, 0x40, 0x3,
    0xc2, 0x6, 0x0, 0x21, 0x3, 0xc4, 0xa0, 0xf,
    0xd2, 0x1, 0x49, 0x80, 0x4, 0x0, 0x62, 0xd8,
    0xd4, 0x1, 0xf9, 0x44, 0x0, 0xcc, 0x0, 0x88,
    0x80, 0x3d, 0x35, 0x0, 0x1f, 0xda, 0x0, 0x39,
    0x0, 0xec, 0x75, 0x7e, 0x50, 0xf, 0xf5, 0x8a,
    0x68, 0x7, 0x86, 0x2a, 0x4, 0x3, 0xfe,

    /* U+006F "o" */
    0x0, 0xff, 0xe0, 0x1a, 0x98, 0x7, 0xff, 0x20,
    0x6b, 0xef, 0x72, 0xb2, 0xc0, 0x3f, 0xf8, 0xc5,
    0xea, 0x8, 0x71, 0x90, 0x8e, 0x1, 0xff, 0xc4,
    0x4d, 0x10, 0x9, 0x1c, 0xdd, 0x30, 0x3, 0xff,
    0x86, 0x76, 0x1, 0xc4, 0x1, 0x13, 0x80, 0x7f,
    0xf0, 0x8b, 0x40, 0x32, 0x44, 0x0, 0x22, 0x50,
    0xf, 0xfe, 0x17, 0x88, 0x0, 0x43, 0x9c, 0x2,
    0x14, 0xf0, 0xf, 0xec, 0x70, 0x4, 0x10, 0x1,
    0xd4, 0x4, 0x3, 0x30, 0x38, 0x7, 0xc3, 0x82,
    0xc0, 0x4e, 0x0, 0x48, 0x10, 0x20, 0x8, 0x65,
    0x44, 0x3, 0xcd, 0xef, 0x82, 0x10, 0x1, 0x50,
    0x78, 0x58, 0x5, 0x3, 0x0, 0x1c, 0xbb, 0x32,
    0xb1, 0x1, 0x50, 0x4, 0x8, 0x2a, 0x16, 0x11,
    0xb3, 0x8, 0x0, 0x6f, 0xb4, 0xfa, 0xe0, 0x13,
    0x80, 0x4c, 0x1, 0x5a, 0x9e, 0xe0, 0x1c, 0xe7,
    0x64, 0xae, 0xd1, 0x0, 0x6f, 0x0, 0x20, 0x80,
    0x6a, 0xb0, 0x9, 0x5c, 0x1a, 0xfa, 0x8, 0x3,
    0xc6, 0x0, 0xc0, 0xf, 0x68, 0x4f, 0xfb, 0xb2,
    0x10, 0x3, 0xf8, 0xc0, 0x2, 0x1, 0xd0, 0xce,
    0xc0, 0x1f, 0xfc, 0x3f, 0x0, 0x78, 0x6, 0x97,
    0x74, 0x0, 0x7f, 0xf1, 0x18, 0x81, 0x8c, 0x13,
    0x5a, 0xa0, 0x3, 0xff, 0x8d, 0xe4, 0x19, 0xf6,
    0xda, 0xa0, 0x1f, 0xfc, 0x72, 0xda, 0x78, 0xdb,
    0x20, 0xf, 0xfe, 0x38,

    /* U+0070 "p" */
    0x0, 0xff, 0xed, 0xab, 0x98, 0x7, 0xff, 0x8d,
    0x36, 0xa3, 0xc, 0x3, 0xff, 0xb6, 0x4e, 0x20,
    0x13, 0x59, 0xa0, 0x2, 0xc0, 0x3f, 0xfb, 0x79,
    0x16, 0x0, 0x79, 0x4f, 0xf0, 0x0, 0x40, 0x3f,
    0xfb, 0x4c, 0x20, 0x20, 0xd0, 0xb6, 0x26, 0x0,
    0xe0, 0xf, 0xfe, 0xd5, 0x80, 0x38, 0xe5, 0x28,
    0x1, 0x60, 0x3, 0x0, 0xfa, 0x9c, 0x3, 0xff,
    0xa0, 0x84, 0x4, 0x9a, 0x56, 0x0, 0x33, 0x0,
    0x10, 0x3, 0xd4, 0xec, 0x1, 0xff, 0xd0, 0xf0,
    0x5, 0xd0, 0xf8, 0x5, 0x20, 0x6, 0x0, 0xf4,
    0xa7, 0x88, 0x7, 0xff, 0x3c, 0x90, 0x7, 0x92,
    0x88, 0x0, 0x4a, 0x0, 0xa0, 0xe, 0xa7, 0xc2,
    0x0, 0xff, 0xe8, 0x58, 0x1, 0x1d, 0x94, 0x2,
    0x90, 0x2, 0x18, 0x4, 0x5a, 0xfe, 0x40, 0x1f,
    0xfd, 0x1, 0x60, 0x2, 0x14, 0x80, 0x48, 0x80,
    0x7, 0x80, 0x6, 0x75, 0x34, 0x40, 0x3f, 0xfa,
    0x2c, 0x1, 0xf, 0x0, 0x6a, 0x0, 0x22, 0xa,
    0x79, 0x32, 0x40, 0x3f, 0xfa, 0x72, 0x1, 0x31,
    0x80, 0x50, 0x20, 0x1, 0xdd, 0x2d, 0x69, 0x80,
    0x7f, 0xf4, 0xd4, 0x40, 0x3, 0x20, 0x2, 0x67,
    0x0, 0x86, 0xb7, 0x14, 0x3, 0xff, 0xab, 0x20,
    0x15, 0x2, 0xe6, 0xc8, 0x0, 0xfe, 0xdc, 0x80,
    0x3f, 0xfa, 0xc6, 0x60, 0x2, 0xb6, 0xd0, 0x88,
    0x0, 0x3c, 0x1, 0xff, 0xda, 0x90, 0xb, 0xb0,
    0xea, 0x82, 0x0, 0xa2, 0x0, 0xff, 0xec, 0x8a,
    0x80, 0x22, 0x3, 0xb9, 0x0, 0x9, 0x40, 0xf,
    0xfe, 0xd4, 0x80, 0x9, 0x8c, 0x31, 0x80, 0x10,
    0xc0, 0x1f, 0xfd, 0xb6, 0x0, 0x48, 0x7, 0xa9,
    0xc0, 0x3f, 0xfb, 0x6c, 0x20, 0xa8, 0x34, 0x20,
    0xba, 0xa0, 0x1f, 0xfd, 0xcb, 0x0, 0x58, 0x1,
    0x7b, 0xe8, 0x80, 0x3f, 0xfb, 0x88, 0x40, 0xe2,
    0x1, 0xff, 0xe3, 0xf0, 0x18, 0x0, 0xff, 0xf1,
    0xa2, 0x2, 0x0, 0x3f, 0xfc, 0x90, 0x4, 0xc0,
    0x1f, 0xfe, 0x36, 0x30, 0x90, 0xf, 0xff, 0x24,
    0x1, 0xa0, 0x7, 0xff, 0x8e, 0x4, 0x24, 0x3,
    0xff, 0xc6, 0x2e, 0x4, 0xa0, 0x1f, 0xfe, 0x3b,
    0x0, 0x58, 0x7, 0xff, 0x8c, 0xd4, 0x5, 0x80,
    0x3f, 0xfc, 0x70, 0x0, 0x90, 0xf, 0xff, 0x1a,
    0x20, 0x0, 0xe0, 0x1f, 0xfe, 0x39, 0x0, 0x38,
    0x7, 0xff, 0x8d, 0x48, 0x1, 0x20, 0x1f, 0xfe,
    0x38, 0x0, 0x30, 0x80, 0x7f, 0xf8, 0x98, 0x80,
    0x16, 0x1, 0xff, 0xe3, 0x80, 0x2, 0x90, 0x7,
    0xff, 0x89, 0xc4, 0x1, 0x20, 0x1f, 0xfe, 0x39,
    0x0, 0x21, 0x80, 0x7f, 0xf8, 0x9c, 0x40, 0x1e,
    0x1, 0xff, 0xe3, 0x90, 0x1, 0x20, 0x7, 0xff,
    0x89, 0xc4, 0x1, 0x0, 0x1f, 0xfe, 0x39, 0x0,
    0xa, 0x80, 0x7f, 0xf8, 0x9c, 0x40, 0x12, 0x1,
    0xff, 0xe3, 0x90, 0x9, 0xc0, 0x3f, 0xfc, 0x4c,
    0x20, 0x7, 0x0, 0xff, 0xf1, 0xd8, 0x5, 0x20,
    0x1f, 0xfe, 0x25, 0x20, 0x2, 0x88, 0x7, 0xff,
    0x8a, 0x40, 0x29, 0x0, 0xff, 0xf1, 0x21, 0x80,
    0x10, 0xc0, 0x3f, 0xfc, 0x5e, 0x1, 0x78, 0x7,
    0xff, 0x88, 0x90, 0x0, 0x48, 0x1, 0xff, 0xe2,
    0xb0, 0xa, 0xc0, 0x3f, 0xfc, 0x6c, 0x0, 0x16,
    0x0, 0xff, 0xf1, 0x38, 0x4, 0xc0, 0x1f, 0xfe,
    0x3a, 0x0, 0xa4, 0x3, 0xff, 0xc4, 0x84, 0x0,
    0x51, 0x0, 0xff, 0xf1, 0x70, 0x5, 0x20, 0x1f,
    0xfe, 0x21, 0x50, 0x1, 0x18, 0x7, 0xff, 0x89,
    0xc0, 0x2b, 0x0, 0xff, 0xf1, 0xd0, 0x4, 0xc0,
    0x1f, 0xfe, 0x22, 0x30, 0x3, 0x0, 0x7f, 0xf8,
    0xd4, 0x2, 0xb0, 0xf, 0xff, 0x1d, 0x80, 0xc,
    0x80, 0x3f, 0xfc, 0x64, 0x0, 0xa0, 0xf, 0xff,
    0x21, 0x0, 0x1c, 0x3, 0xff, 0xc9, 0xe2, 0xa2,
    0x1, 0xff, 0xe3,

    /* U+0071 "q" */
    0x0, 0xff, 0xff, 0x80, 0x7c, 0xb5, 0x96, 0x80,
    0x1f, 0xfd, 0xf7, 0xea, 0x53, 0x4b, 0x80, 0xf,
    0xfe, 0xe1, 0x6c, 0x8, 0x3e, 0xfa, 0x3c, 0x88,
    0x7, 0xff, 0x65, 0x34, 0x81, 0x7a, 0x8, 0x4,
    0x19, 0xc0, 0x3f, 0xfb, 0x9, 0x60, 0x9, 0xa1,
    0x0, 0x1a, 0x80, 0xb0, 0x7, 0xc8, 0xa0, 0x1f,
    0xfc, 0xe3, 0xb0, 0x5, 0xb0, 0x6, 0xf0, 0x5,
    0x80, 0x78, 0x6a, 0xf0, 0x3, 0xff, 0x9a, 0x3a,
    0x0, 0xc4, 0x0, 0xce, 0x60, 0x8a, 0x1, 0xcb,
    0xef, 0x92, 0x1, 0xff, 0xcd, 0xd1, 0xb, 0x30,
    0xc, 0x70, 0x0, 0x90, 0xc, 0x37, 0x53, 0xa6,
    0x1, 0xff, 0xcd, 0x63, 0x6, 0x40, 0xc, 0x3c,
    0x0, 0x72, 0x0, 0x9b, 0x9f, 0x5c, 0x3, 0xff,
    0x9f, 0x0, 0x8, 0x0, 0xed, 0x20, 0x18, 0x0,
    0x15, 0xcc, 0x61, 0x0, 0x7f, 0xf3, 0xd4, 0x41,
    0x84, 0x3, 0x51, 0x80, 0x24, 0x0, 0xda, 0xfa,
    0xe0, 0x1f, 0xfd, 0x1f, 0x0, 0x68, 0x6, 0xa5,
    0x0, 0xb, 0x96, 0x4c, 0x61, 0x0, 0x7f, 0xf4,
    0x90, 0x0, 0xc0, 0x15, 0xa8, 0x5, 0xd, 0xa1,
    0xae, 0x1, 0xff, 0xd4, 0x10, 0x3, 0x1, 0xea,
    0x0, 0x6a, 0x97, 0xc2, 0x0, 0xff, 0xea, 0x90,
    0x2, 0x6f, 0x8, 0xd4, 0x2, 0x1c, 0x80, 0xf,
    0xfe, 0xbd, 0x80, 0x9, 0x1, 0xf5, 0x40, 0xd,
    0xa6, 0x1, 0xff, 0xd8, 0x68, 0x11, 0x2e, 0x43,
    0x0, 0x1a, 0x40, 0x3f, 0xfb, 0x6f, 0xdc, 0xa3,
    0x88, 0x0, 0x2c, 0x3, 0xff, 0x80, 0x2a, 0x40,
    0x1f, 0xfd, 0x2, 0xc7, 0x0, 0x21, 0x0, 0x7f,
    0x92, 0xfa, 0xb4, 0x40, 0x3f, 0xf9, 0xcd, 0xa4,
    0x60, 0xf, 0x0, 0xfe, 0x5d, 0xb5, 0x53, 0x1,
    0x0, 0x7f, 0xf3, 0x6, 0xa5, 0x3c, 0x40, 0x50,
    0x3, 0xe4, 0xda, 0x1a, 0xea, 0xa0, 0x18, 0x7,
    0xff, 0x2d, 0x3d, 0x62, 0xcc, 0x81, 0x80, 0x3c,
    0x77, 0x66, 0xcc, 0x28, 0x2, 0xcc, 0x3, 0xff,
    0x97, 0x16, 0x78, 0xe1, 0x40, 0xa, 0x0, 0xc3,
    0x38, 0xf9, 0x66, 0x1, 0x9a, 0x80, 0x3f, 0xf9,
    0x23, 0x8e, 0xba, 0x60, 0x5, 0x3, 0x20, 0x9,
    0xbd, 0x2b, 0xc, 0x3, 0x94, 0x5c, 0x3, 0xff,
    0x90, 0xbe, 0x75, 0x40, 0x8, 0xc8, 0x28, 0x0,
    0x79, 0x32, 0xd5, 0x0, 0xfa, 0x18, 0x40, 0x3f,
    0xf8, 0xf3, 0x45, 0xaa, 0x1, 0x90, 0x0, 0xe3,
    0x38, 0xdc, 0xe0, 0x1f, 0x94, 0xa0, 0x3, 0xff,
    0x8c, 0x38, 0xcf, 0x84, 0x1, 0xd6, 0x6, 0xfe,
    0x99, 0x42, 0x1, 0xfd, 0x6e, 0x20, 0x1f, 0xfc,
    0x54, 0xf2, 0xb8, 0x0, 0xf0, 0x98, 0x1c, 0xcb,
    0x4c, 0x3, 0xfc, 0xe1, 0x0, 0x1f, 0xfc, 0x57,
    0xb2, 0xf4, 0x0, 0xf9, 0xc0, 0xb, 0xce, 0x1,
    0xff, 0xc, 0x40, 0x3, 0xff, 0x8b, 0x50, 0xf8,
    0x20, 0x1f, 0x3c, 0x80, 0xd0, 0x80, 0x7f, 0xf0,
    0x28, 0xd8, 0x3, 0xff, 0x86, 0x5a, 0xb5, 0x0,
    0x1f, 0x26, 0xc8, 0x1, 0x0, 0x3f, 0xf8, 0x2a,
    0x9c, 0x1, 0xff, 0xc3, 0x4c, 0xd, 0x50, 0xf,
    0xd, 0x5a, 0xe8, 0x3, 0x0, 0x3f, 0xf8, 0x3,
    0x6e, 0x40, 0x1f, 0xfc, 0x26, 0xb4, 0xd2, 0x0,
    0xf3, 0xf3, 0x6c, 0x28, 0x1, 0x0, 0x3f, 0xf8,
    0x14, 0x50, 0x1, 0xff, 0xc2, 0x89, 0x8a, 0x0,
    0xf2, 0x6c, 0xcb, 0x8, 0x30, 0x4, 0x80, 0x3f,
    0xe6, 0x4e, 0x0, 0xff, 0xe1, 0x53, 0xd3, 0x80,
    0x71, 0x5d, 0x9f, 0xd8, 0x2, 0x70, 0x40, 0xf,
    0xf8, 0xa6, 0x8, 0x3, 0xff, 0x83, 0x69, 0x8a,
    0x1, 0x86, 0x75, 0xae, 0x84, 0x2, 0x12, 0xd,
    0x0, 0xff, 0xbd, 0x1c, 0x3, 0xff, 0x83, 0x8d,
    0xe6, 0x1, 0x9f, 0xde, 0x75, 0x0, 0x39, 0x40,
    0x6, 0x1, 0xfe, 0xa0, 0xa0, 0xf, 0xfe, 0xd,
    0x86, 0x8, 0x4, 0xdd, 0xf, 0xec, 0x1, 0xf1,
    0x0, 0x14, 0x3, 0xf9, 0x97, 0x84, 0x3, 0xff,
    0x81, 0x4f, 0x82, 0x0, 0x6d, 0x94, 0xd9, 0x10,
    0xf, 0xde, 0x0, 0x10, 0xf, 0xc9, 0x32, 0x30,
    0xf, 0xfe, 0x2, 0xa6, 0x80, 0xbf, 0x4b, 0xed,
    0x10, 0x7, 0xf8, 0xc0, 0x80, 0x3f, 0x15, 0x2b,
    0x0, 0x7f, 0xf0, 0x60, 0xe6, 0xfa, 0x1f, 0x68,
    0x80, 0x3f, 0xf8, 0xc, 0xc, 0x1, 0xf0, 0xf9,
    0x50, 0x7, 0xff, 0x9, 0xc9, 0x82, 0x7e, 0x48,
    0x3, 0xff, 0x84, 0x20, 0x20, 0x1e, 0x1c, 0x3d,
    0x0, 0xff, 0xe1, 0xd7, 0xf5, 0xb0, 0x7, 0xff,
    0x1c, 0xc0, 0x38, 0x74, 0xb0, 0x40, 0x3f, 0xfb,
    0x22, 0x1, 0xe1, 0xc3, 0xc2, 0x0, 0xff, 0xed,
    0x38, 0x18, 0x4, 0x58, 0x56, 0x60, 0x1f, 0xfd,
    0xb2, 0x4, 0x0, 0x2e, 0x16, 0x20, 0x7, 0xff,
    0x73, 0x0, 0x7b, 0x68, 0x30, 0xc0, 0x3f, 0xfb,
    0xaa, 0x20, 0x24, 0x7e, 0x60, 0x1f, 0xfd, 0xfa,
    0x11, 0x46, 0x8, 0x7, 0xff, 0x20,

    /* U+0072 "r" */
    0x0, 0xf9, 0x7b, 0x0, 0xb3, 0x90, 0x3, 0xff,
    0x89, 0x62, 0x6b, 0xa6, 0x3e, 0x1, 0xff, 0xc3,
    0x61, 0x6, 0xb0, 0x40, 0x60, 0xf, 0xfe, 0x1d,
    0x80, 0xa8, 0xad, 0x99, 0x80, 0x3f, 0xf8, 0x48,
    0x40, 0x66, 0x1a, 0x6, 0x10, 0xf, 0xfe, 0x17,
    0x80, 0x8, 0x28, 0x0, 0x40, 0x40, 0x1e, 0x40,
    0xe, 0x24, 0x0, 0x95, 0x0, 0x18, 0x14, 0x1,
    0xc7, 0x62, 0x1, 0xac, 0x3, 0x58, 0x4, 0x84,
    0xe2, 0x1, 0xf, 0x38, 0x80, 0x66, 0x0, 0xa0,
    0x40, 0x34, 0x86, 0x18, 0x1e, 0x34, 0x0, 0x66,
    0x0, 0x89, 0xc0, 0x39, 0x30, 0x33, 0xf6, 0xac,
    0x3, 0xac, 0x2, 0x90, 0xf, 0x8f, 0x7b, 0x79,
    0xc0, 0x39, 0x8, 0x0, 0x88, 0x0, 0xfe, 0x12,
    0x0, 0xfb, 0xc0, 0x29, 0x0, 0xff, 0xe3, 0x12,
    0x0, 0x18, 0x80, 0x3f, 0xf8, 0xd4, 0x1, 0x40,
    0x7, 0xff, 0x1d, 0x80, 0x10, 0x20, 0x1f, 0xfc,
    0x66, 0x10, 0x17, 0x0, 0xff, 0xe3, 0xf8, 0x2,
    0x0, 0x3f, 0xf9, 0x1a, 0x2a, 0xc0, 0x1f, 0xfc,
    0x80,

    /* U+0073 "s" */
    0x0, 0xfe, 0x47, 0x97, 0x30, 0xf, 0xfe, 0x32,
    0xed, 0xc3, 0x46, 0x58, 0x7, 0xff, 0x11, 0xe8,
    0x80, 0x39, 0x1c, 0x3, 0xff, 0x84, 0x50, 0x1,
    0x46, 0xfe, 0xe, 0x0, 0x7f, 0xf0, 0xac, 0x0,
    0x5a, 0xe4, 0x6, 0x5a, 0x1, 0xf8, 0xc0, 0x39,
    0x0, 0x1c, 0x40, 0x13, 0xab, 0x0, 0x7d, 0x70,
    0x1, 0xf1, 0x18, 0x6, 0x79, 0x0, 0xf1, 0x63,
    0x50, 0x7, 0x30, 0x8, 0x7, 0xff, 0x2, 0x35,
    0x74, 0x40, 0x3b, 0x0, 0xc0, 0x3f, 0x86, 0x39,
    0x32, 0x40, 0x3e, 0x50, 0x2, 0x0, 0x79, 0x2b,
    0x92, 0xf0, 0xc0, 0x3f, 0x12, 0x6, 0x80, 0x45,
    0x1d, 0x67, 0x98, 0x50, 0xf, 0xfb, 0x41, 0x9,
    0xf7, 0x49, 0x1f, 0x26, 0x1, 0xff, 0xc1, 0x70,
    0x2d, 0xaa, 0x6e, 0x30, 0x7, 0xff, 0x8, 0x63,
    0xc0, 0xf, 0xae, 0x40, 0x1f, 0xfc, 0x37, 0xe5,
    0x86, 0x0, 0xff, 0xe3, 0xe, 0x4c, 0xb5, 0xb8,
    0x4, 0x3, 0xff, 0x89, 0x43, 0xec, 0x0, 0xd0,
    0xe0, 0xf, 0xfe, 0x1a, 0x22, 0xc4, 0x0, 0x6a,
    0x8, 0x1, 0xff, 0xc3, 0x20, 0x20, 0x1, 0xe8,
    0x21, 0x80, 0x7f, 0xf0, 0xd0, 0x2a, 0x6f, 0x4,
    0xa8, 0x3, 0xff, 0x88, 0x58, 0xac, 0x87, 0x1a,
    0x20, 0x1f, 0xfc, 0x40,

    /* U+0074 "t" */
    0x0, 0xff, 0xee, 0xb0, 0x7, 0xff, 0xf7, 0x24,
    0xc0, 0x3f, 0xff, 0x74, 0x60, 0x20, 0x1f, 0xff,
    0xa7, 0x50, 0x42, 0x0, 0xff, 0xfc, 0x9c, 0x3,
    0xd0, 0x7, 0xff, 0xe4, 0x74, 0x16, 0x4, 0x3,
    0xff, 0xf3, 0x42, 0x56, 0x1, 0xff, 0xfa, 0x64,
    0xe, 0x10, 0xf, 0xff, 0xc9, 0xc8, 0x41, 0x80,
    0x7f, 0xf1, 0x49, 0x19, 0xe6, 0xb3, 0x7b, 0xff,
    0xdd, 0x90, 0x20, 0x1f, 0xfd, 0x6e, 0x4, 0x70,
    0xf, 0xf0, 0xa3, 0x45, 0x67, 0x7e, 0xdc, 0x59,
    0x1a, 0x55, 0xd5, 0xdb, 0x32, 0xa9, 0xf2, 0x0,
    0xff, 0xea, 0xc9, 0xd, 0x0, 0x71, 0x2c, 0x56,
    0x7f, 0x5c, 0xa8, 0xa4, 0x5e, 0xff, 0x65, 0xcc,
    0x3a, 0xa9, 0x10, 0x67, 0x22, 0xb9, 0x80, 0x7f,
    0xf5, 0x11, 0x82, 0xc1, 0x1e, 0x73, 0xf6, 0x9d,
    0xf5, 0x67, 0xed, 0xc3, 0x21, 0x0, 0x7f, 0xf9,
    0x46, 0x80, 0x17, 0xd7, 0xc, 0xd, 0x39, 0xfb,
    0x70, 0xa6, 0x1, 0xff, 0xe8, 0x15, 0x8b, 0xf1,
    0x0, 0x13, 0x56, 0xfe, 0x4b, 0x18, 0x7, 0xff,
    0xa4, 0x52, 0x2f, 0xb9, 0x4e, 0x82, 0x13, 0xf9,
    0x2a, 0x40, 0x1f, 0xfe, 0xa3, 0x6a, 0xee, 0x5b,
    0xa1, 0x3d, 0x60, 0x1, 0x18, 0x3, 0xff, 0xd6,
    0x91, 0x9f, 0x92, 0xa0, 0xb1, 0x9f, 0x90, 0xb0,
    0x0, 0x90, 0xf, 0xfe, 0xf9, 0x20, 0x7, 0x85,
    0x63, 0x3e, 0xdc, 0xc9, 0xa7, 0x7a, 0x9c, 0xc0,
    0x26, 0x40, 0x72, 0x0, 0xff, 0xef, 0x36, 0xdd,
    0x89, 0x1e, 0xb7, 0xa9, 0xcc, 0xcd, 0x5d, 0xb2,
    0xc4, 0x1, 0xe1, 0x80, 0x28, 0x0, 0xff, 0xef,
    0xd0, 0x1, 0x36, 0xe1, 0x49, 0x1e, 0xff, 0x25,
    0x44, 0x3, 0xfd, 0x62, 0x12, 0x1, 0xff, 0xe0,
    0x82, 0x0, 0x1a, 0xce, 0x7d, 0xc2, 0x0, 0x7f,
    0xf0, 0x91, 0x41, 0x50, 0x3, 0xff, 0xc0, 0x9b,
    0xfe, 0xca, 0x63, 0x0, 0xff, 0xe3, 0x48, 0x2,
    0xc0, 0x3f, 0xff, 0x50, 0x41, 0x2, 0x1, 0xff,
    0xf9, 0x27, 0x2, 0x70, 0xf, 0xff, 0xd4, 0x80,
    0x38, 0x3, 0xff, 0xf4, 0xa8, 0xa, 0x60, 0x1f,
    0xff, 0xa8, 0x0, 0x40, 0x7, 0xff, 0xe9, 0xc8,
    0x1c, 0x80, 0x3f, 0xff, 0x23, 0x0, 0x30, 0x1,
    0xff, 0xfa, 0xb0, 0x4, 0x0, 0x7f, 0xfe, 0x8d,
    0x40, 0x98, 0x3, 0xff, 0xf5, 0xe0, 0x8, 0x0,
    0xff, 0xfd, 0x29, 0x81, 0xa8, 0x7, 0xff, 0xea,
    0xc0, 0x10, 0x1, 0xff, 0xfa, 0x71, 0x4, 0x40,
    0x7, 0xff, 0xea, 0x40, 0x10, 0x1, 0xff, 0xfa,
    0x81, 0x4, 0x30, 0xf, 0xff, 0xc8, 0xb8, 0x2,
    0x0, 0x3f, 0xff, 0x50, 0x0, 0x43, 0x0, 0xff,
    0xe3, 0x18, 0x7, 0xff, 0x98, 0x58, 0x1, 0x0,
    0x1f, 0xfc, 0x63, 0xc1, 0x0, 0xff, 0xf2, 0xc8,
    0x1, 0xc, 0x3, 0xff, 0x8d, 0xd0, 0x20, 0x1f,
    0xfe, 0x41, 0x70, 0x7, 0x80, 0x7f, 0xf1, 0xa4,
    0x5c, 0x3, 0xff, 0xcb, 0x20, 0x3, 0x40, 0xf,
    0xfe, 0x2a, 0xb7, 0x0, 0x7f, 0xf9, 0x98, 0x1,
    0x20, 0x1f, 0xfc, 0x51, 0xb9, 0x20, 0xf, 0xff,
    0x2b, 0x8, 0x12, 0x80, 0x7f, 0xf1, 0x69, 0x18,
    0x3, 0xff, 0xcd, 0x60, 0xa, 0x0, 0xff, 0xe2,
    0xc3, 0x50, 0x7, 0xff, 0x99, 0x8, 0x0, 0xc0,
    0x1f, 0xfc, 0x45, 0x7e, 0x0, 0xff, 0xf3, 0xf8,
    0x1, 0x84, 0x3, 0xff, 0x86, 0x55, 0x26, 0x1,
    0xff, 0xe6, 0x14, 0x0, 0x58, 0x7, 0xff, 0x13,
    0xd5, 0x80, 0x3f, 0xfc, 0xec, 0x0, 0x32, 0x0,
    0xff, 0xe1, 0xd8, 0xd0, 0x7, 0xff, 0xa2, 0x80,
    0x14, 0x1, 0xff, 0xc3, 0x95, 0xd0, 0xf, 0xff,
    0x41, 0x90, 0x1, 0xc0, 0x3f, 0xf8, 0x4e, 0xda,
    0x20, 0x1f, 0xfe, 0x8b, 0x0, 0x20, 0x80, 0x7f,
    0xf0, 0x5a, 0x2c, 0xc0, 0x3f, 0xfd, 0x2a, 0x0,
    0xe0, 0xf, 0xfe, 0xa, 0x4c, 0x90, 0x3, 0xff,
    0xd2, 0x24, 0x0, 0x40, 0xf, 0xfe, 0x2, 0x5b,
    0xb0, 0x7, 0xff, 0xa9, 0xc0, 0x8, 0x20, 0x1f,
    0xf2, 0x5a, 0x40, 0x7, 0xff, 0xaf, 0xc0, 0x6,
    0x1, 0xff, 0x25, 0xa5, 0x80, 0x7f, 0xfb, 0x14,
    0x1, 0x80, 0x1f, 0xe5, 0xb3, 0xb0, 0xf, 0xff,
    0x69, 0x0, 0x10, 0x3, 0xf9, 0xa8, 0xf0, 0x3,
    0xff, 0xdc, 0x20, 0x20, 0x1f, 0xd1, 0x29, 0x80,
    0x1f, 0xff, 0x12, 0x0, 0xf8, 0x6d, 0xd2, 0xc0,
    0x3f, 0xff, 0x27, 0x88, 0xd6, 0x1, 0xff, 0xf1,
    0x30, 0x20, 0xe, 0x8c, 0x29, 0x90, 0x7, 0xff,
    0xca, 0x80, 0x54, 0x5, 0xf9, 0xcf, 0x58, 0x3,
    0xff, 0xe6, 0xc6, 0x15, 0xfd, 0x3, 0x18, 0x40,
    0x1f, 0xff, 0x5c, 0x61, 0x3, 0x8e, 0x70, 0xf,
    0xff, 0x68,

    /* U+0075 "u" */
    0x0, 0xe1, 0x74, 0x0, 0xff, 0xe6, 0xec, 0x5b,
    0x80, 0x7f, 0xf2, 0xd4, 0xc0, 0xa, 0x1, 0xff,
    0xcb, 0xb0, 0x4, 0x90, 0x7, 0xff, 0x29, 0x84,
    0xd, 0x80, 0x30, 0xdf, 0xc8, 0x7, 0xff, 0xe,
    0x0, 0x1e, 0x1, 0x87, 0x10, 0x19, 0x0, 0x3f,
    0xf8, 0x2c, 0x20, 0xc6, 0x1, 0xe, 0x19, 0x80,
    0xe, 0x1, 0xff, 0xc1, 0xa0, 0x4, 0x0, 0x43,
    0x87, 0x80, 0x2, 0x30, 0xf, 0xed, 0x50, 0x23,
    0x7, 0x10, 0x0, 0xe9, 0xe0, 0x98, 0x50, 0x7,
    0xf4, 0x8a, 0x85, 0x0, 0x24, 0x2, 0xd3, 0xc2,
    0x90, 0x3, 0x0, 0x7e, 0x57, 0xe0, 0x2, 0x2,
    0x8, 0x3, 0xf, 0x8, 0x54, 0x14, 0x40, 0x3e,
    0x4a, 0xa1, 0x0, 0xc, 0x30, 0x7, 0xe, 0xcc,
    0x18, 0x1, 0x20, 0x1f, 0x25, 0xd2, 0x0, 0xc,
    0x1, 0xe7, 0x87, 0x68, 0x0, 0xb0, 0x23, 0x0,
    0xf3, 0x5d, 0x28, 0x4, 0xe0, 0x7, 0xc3, 0xc4,
    0x0, 0x8c, 0x28, 0x3, 0xd3, 0x2a, 0x50, 0xc,
    0xc0, 0x12, 0x79, 0x80, 0x46, 0x0, 0x30, 0xc,
    0x7a, 0xfa, 0xa0, 0x1c, 0x59, 0x19, 0x62, 0x1,
    0xf1, 0x0, 0xe, 0xb1, 0xfc, 0x80, 0x3e, 0x37,
    0x30, 0xf, 0x18, 0x84, 0xe6, 0xe3, 0x5d, 0x8,
    0x7, 0xff, 0x1b, 0xc, 0x9, 0xef, 0x10, 0x3,
    0xf8,

    /* U+0076 "v" */
    0x0, 0xc3, 0x9c, 0x60, 0x1f, 0xeb, 0x31, 0x90,
    0xf, 0xe2, 0x50, 0x6, 0x80, 0x7f, 0x58, 0x0,
    0x5c, 0x3, 0xf9, 0x80, 0x10, 0x1, 0x89, 0xc0,
    0x25, 0x0, 0xb, 0x0, 0x45, 0xb0, 0x40, 0xe,
    0x0, 0x40, 0x6, 0xf0, 0xc2, 0x0, 0x20, 0xb,
    0x0, 0x52, 0x58, 0x60, 0x4, 0x0, 0x30, 0x4,
    0x8d, 0x46, 0x1, 0x60, 0x2, 0x80, 0x2a, 0x65,
    0x0, 0xc6, 0x6, 0x40, 0x8, 0x39, 0x0, 0xe6,
    0xb, 0x0, 0x13, 0xc8, 0x7, 0x8c, 0x10, 0x1,
    0x8, 0x80, 0xf, 0xc6, 0x6, 0xb2, 0x1, 0xf1,
    0x88, 0x3, 0xdc, 0x80, 0x3e, 0x70, 0x2, 0x8c,
    0x0, 0x7e, 0xe1, 0x5b, 0x90, 0xf, 0xe4, 0x7a,
    0x94, 0x0, 0xfc,

    /* U+0077 "w" */
    0x0, 0xfc, 0x59, 0xea, 0x1, 0xff, 0xd4, 0x1c,
    0x30, 0xc0, 0xf, 0xfe, 0xa6, 0x88, 0x3, 0x40,
    0x3f, 0xfa, 0x70, 0x60, 0x6, 0x40, 0xf, 0xfe,
    0x91, 0x38, 0x1, 0x24, 0x3, 0xff, 0xa7, 0xc0,
    0x1, 0xa0, 0xf, 0xf3, 0x6f, 0x10, 0x7, 0xfc,
    0xc0, 0x1c, 0xa6, 0x0, 0xd1, 0x4, 0xcf, 0x60,
    0xd, 0x5d, 0xe1, 0x40, 0x1f, 0xe7, 0x80, 0xe,
    0x80, 0x3, 0x98, 0x4d, 0x98, 0x68, 0x5, 0x21,
    0x4, 0x60, 0x1f, 0xe2, 0x8b, 0x0, 0xcc, 0x40,
    0x50, 0x16, 0xc0, 0x17, 0x80, 0xd, 0xec, 0x4,
    0xb8, 0x3, 0xf0, 0xfa, 0xa8, 0x3, 0x58, 0x3,
    0x83, 0x10, 0x2, 0x74, 0x0, 0x4b, 0x8, 0x38,
    0x38, 0x7, 0xc3, 0x8d, 0x40, 0x19, 0x48, 0x1c,
    0xf0, 0xc0, 0x23, 0x80, 0x9, 0x68, 0x1, 0x66,
    0x20, 0x1e, 0x3f, 0x6b, 0x0, 0xee, 0x1, 0x9b,
    0x30, 0xd, 0xe0, 0x10, 0x81, 0x82, 0x94, 0x80,
    0x7a, 0x31, 0xac, 0x3, 0x85, 0x2, 0x6d, 0x0,
    0x33, 0x98, 0x4, 0x21, 0x1, 0x2, 0xa0, 0x10,
    0xc7, 0x2e, 0x40, 0x7, 0x98, 0x1, 0xea, 0x1,
    0x86, 0x0, 0x3a, 0x1b, 0x8a, 0x45, 0x1e, 0xf9,
    0x63, 0x4c, 0x3, 0xec, 0x0, 0x38, 0x7, 0x58,
    0x7, 0x9e, 0x44, 0x23, 0xae, 0x8a, 0xf5, 0x80,
    0x3f, 0x90, 0x3, 0x20, 0x0, 0x94, 0x3, 0xfa,
    0x73, 0x7f, 0x65, 0x0, 0x3f, 0xc2, 0x1, 0x8c,
    0x80, 0x10, 0x1, 0xf1, 0x4a, 0x31, 0x90, 0x7,
    0xff, 0x18, 0xb5, 0xc0, 0x94, 0x3, 0xe9, 0x9,
    0x0, 0xff, 0xe2, 0x8b, 0x82, 0x61, 0x8, 0x58,
    0x7, 0xce, 0x94, 0x40, 0x1f, 0xfc, 0x68, 0xfb,
    0x15, 0x0, 0x38, 0x7, 0x8e, 0x15, 0x40, 0x1f,
    0xfc, 0xbf, 0x4, 0x10, 0xe, 0x1d, 0x2a, 0x0,
    0xff, 0xe6, 0x18, 0x18, 0x7, 0xe, 0x6, 0x0,
    0x7f, 0xf3, 0x4c, 0x38, 0x3, 0xe, 0x1e, 0x8,
    0x7, 0xff, 0x37, 0x80, 0x40, 0x23, 0xf3, 0xc2,
    0x0, 0xff, 0xe7, 0x28, 0x4a, 0x9c, 0xe1, 0x61,
    0x0, 0x7f, 0xf3, 0xca, 0x6, 0xb1, 0x9f, 0x8,
    0x3, 0xff, 0xa2, 0xf9, 0x15, 0xd0, 0x1, 0xff,
    0xcd,

    /* U+0078 "x" */
    0x0, 0xfe, 0x1d, 0xd0, 0x80, 0x7f, 0xf4, 0x8,
    0xa8, 0x0, 0xff, 0xe8, 0x10, 0x1, 0x0, 0x3f,
    0xc2, 0xc2, 0x1, 0xff, 0xc3, 0x11, 0x1, 0x0,
    0x7f, 0x37, 0x60, 0x7, 0xff, 0x14, 0x80, 0x3f,
    0xd3, 0x2a, 0xa0, 0x80, 0x7f, 0xf1, 0x18, 0x3,
    0xf0, 0xe3, 0xea, 0x80, 0x70, 0xd8, 0x7, 0xfc,
    0x40, 0x1, 0x0, 0xc5, 0x83, 0xe4, 0x1, 0xea,
    0x10, 0xf, 0xfb, 0xc0, 0x3c, 0x58, 0x3a, 0x20,
    0x1e, 0x65, 0xb0, 0xf, 0xf8, 0x40, 0x38, 0xf5,
    0x70, 0x3, 0xe2, 0x9a, 0x10, 0xf, 0xf8, 0xc0,
    0x32, 0x62, 0xd8, 0x7, 0xef, 0x74, 0x0, 0xff,
    0xe0, 0x8, 0x0, 0xda, 0xd6, 0x80, 0x3f, 0x58,
    0xc0, 0x7, 0xff, 0x5, 0xc0, 0x17, 0x2d, 0x40,
    0x1f, 0xa1, 0xb4, 0x3, 0xff, 0x84, 0x40, 0x6,
    0x64, 0x80, 0x7e, 0x66, 0x78, 0x80, 0x7f, 0xf0,
    0x84, 0x0, 0xb2, 0x1, 0xf9, 0xa7, 0x48, 0x3,
    0xff, 0x87, 0x20, 0x1f, 0xf3, 0xce, 0x18, 0x7,
    0xff, 0xe, 0xd8, 0x81, 0x44, 0x3, 0xd5, 0x3a,
    0x60, 0x1f, 0xfc, 0x21, 0xc4, 0x9c, 0x0, 0x68,
    0x80, 0x4d, 0xcd, 0xe4, 0x1, 0xff, 0xc2, 0x4f,
    0x3b, 0x61, 0xa0, 0x3e, 0xcc, 0x7c, 0xcb, 0x4,
    0x3, 0xff, 0x84, 0xf6, 0x7a, 0x80, 0x5, 0xc4,
    0x13, 0x17, 0xe7, 0x0, 0xff, 0xe1, 0x1e, 0x42,
    0x61, 0x0, 0x63, 0xbe, 0xfd, 0x81, 0x0, 0xff,
    0xe0, 0x24, 0xe6, 0xe, 0x6c, 0x40, 0x3f, 0xf9,
    0x9a, 0xc6, 0xba, 0xc0, 0x1f, 0xfc, 0xe9, 0xbe,
    0xa2, 0x0, 0xff, 0xe7, 0x80,

    /* U+0079 "y" */
    0x0, 0xff, 0xf7, 0xa6, 0xc0, 0x7, 0xff, 0xfc,
    0x2, 0x5b, 0x20, 0xf, 0xff, 0xf8, 0x4, 0xb4,
    0x9, 0x0, 0x1f, 0xff, 0xf0, 0x3a, 0x4, 0xb0,
    0xf, 0xff, 0xf8, 0xe, 0x81, 0xd8, 0x7, 0xff,
    0x1c, 0xd8, 0x3, 0xff, 0xd9, 0x42, 0x1c, 0x1,
    0xe7, 0xe4, 0x0, 0xff, 0x1e, 0x60, 0x3, 0xff,
    0xd6, 0xc8, 0x12, 0x40, 0x1c, 0xb0, 0x3c, 0x1,
    0xfc, 0x98, 0xd4, 0x1, 0xff, 0xea, 0x19, 0x3,
    0x60, 0xe, 0x2a, 0x0, 0x68, 0x7, 0xe7, 0xb8,
    0x90, 0xf, 0xff, 0x5d, 0x80, 0x3c, 0x3, 0xde,
    0x0, 0x27, 0x0, 0xfa, 0xa2, 0x9c, 0x3, 0xff,
    0xd6, 0x4a, 0x8, 0x60, 0x1d, 0x24, 0x0, 0xe0,
    0xf, 0x16, 0xbe, 0xa8, 0x7, 0xff, 0xb2, 0x0,
    0x1e, 0x1, 0xca, 0xc0, 0x7, 0x30, 0xe, 0x6d,
    0x7d, 0x20, 0xf, 0xff, 0x6a, 0x81, 0x20, 0x6,
    0x2a, 0x0, 0x14, 0x0, 0x75, 0x4c, 0xa8, 0x3,
    0xff, 0xdc, 0xa0, 0x5, 0x0, 0xc3, 0xe0, 0x17,
    0x0, 0x63, 0xd7, 0xd6, 0x0, 0xff, 0xf7, 0xe0,
    0x3, 0x0, 0x21, 0xd2, 0x0, 0x39, 0x80, 0x4f,
    0x89, 0xa4, 0x1, 0xff, 0xf0, 0x20, 0x2, 0x0,
    0x7, 0x4c, 0x0, 0x30, 0x0, 0x1c, 0x9a, 0x90,
    0xf, 0xff, 0xa9, 0x2, 0xf9, 0x80, 0x56, 0x0,
    0x5e, 0xf, 0x50, 0xf, 0xff, 0x99, 0x0, 0x37,
    0xe8, 0x40, 0x24, 0x50, 0xaa, 0x46, 0x8, 0x7,
    0xff, 0xd2, 0xc0, 0x38, 0xc0, 0x29, 0x3e, 0x7c,
    0x70, 0xf, 0xff, 0xb1, 0x59, 0x82, 0x5b, 0x80,
    0x1a, 0xb1, 0x34, 0xc0, 0x3f, 0xff, 0x9, 0x9f,
    0x62, 0x80, 0x7, 0x6a, 0xa0, 0x7, 0xff, 0xfa,
    0xc0, 0x22, 0xf5, 0x0, 0xff, 0xff, 0x38, 0x80,
    0x23, 0x4, 0x3, 0xff, 0xfc, 0x32, 0x0, 0x97,
    0x0, 0xff, 0xff, 0x85, 0x88, 0x13, 0x0, 0x7f,
    0xff, 0xcb, 0x54, 0x1, 0x0, 0x1f, 0xff, 0xf6,
    0xd2, 0x0, 0x12, 0x80, 0x7f, 0xff, 0x46, 0xe2,
    0x40, 0x28, 0x0, 0xff, 0xfe, 0xa7, 0xbf, 0xf0,
    0x0, 0x94, 0x3, 0xff, 0xf8, 0xf6, 0xd8, 0x2e,
    0x0, 0xb0, 0xf, 0xff, 0xd8, 0xdc, 0xdc, 0x3,
    0x80, 0x5, 0x80, 0x3f, 0xff, 0x49, 0xe1, 0xe8,
    0x0, 0x90, 0x4, 0x80, 0x7f, 0xfe, 0x9e, 0xda,
    0xc4, 0x0, 0xa2, 0x0, 0x60, 0xf, 0xff, 0xc0,
    0xdc, 0xdc, 0x0, 0x69, 0x0, 0x38, 0x80, 0x7f,
    0xfd, 0xcf, 0xdf, 0xd0, 0x3, 0x19, 0x80, 0x14,
    0x1, 0xff, 0xf7, 0x6c, 0x7c, 0x10, 0xe, 0x90,
    0x2, 0x10, 0x7, 0xff, 0xda, 0xa6, 0x60, 0xf,
    0xa, 0x80, 0x3c, 0x3, 0xff, 0xea, 0x5a, 0x98,
    0xc0, 0x1f, 0x30, 0x0, 0x90, 0x3, 0xff, 0xe8,
    0x98, 0x3e, 0x60, 0x1f, 0xa8, 0x1, 0x60, 0x1f,
    0xff, 0x47, 0xb7, 0xc1, 0x0, 0xfc, 0x84, 0x0,
    0x60, 0xf, 0xff, 0x9d, 0x44, 0xc8, 0x3, 0xfd,
    0xc0, 0x6, 0x0, 0xff, 0xf9, 0xe, 0x26, 0x30,
    0x7, 0xf8, 0x54, 0x1, 0x60, 0x1f, 0xff, 0x12,
    0xf0, 0xf3, 0x0, 0xff, 0x98, 0x0, 0x64, 0x1,
    0xff, 0xf0, 0x4d, 0x4c, 0x10, 0xf, 0xfe, 0x5,
    0x0, 0x24, 0x3, 0xff, 0xe0, 0xd6, 0xf4, 0x1,
    0xff, 0xc1, 0x42, 0x1, 0x50, 0xf, 0xff, 0x7c,
    0xcd, 0x0, 0x1f, 0xfc, 0x2e, 0x0, 0x30, 0x7,
    0xff, 0xbe, 0x9a, 0xd8, 0x3, 0xff, 0x84, 0x2a,
    0x0, 0x90, 0xf, 0xff, 0x76, 0x26, 0xa0, 0x7,
    0xff, 0xd, 0x80, 0xa, 0x20, 0x1f, 0xfe, 0xc1,
    0xd1, 0xc2, 0x0, 0xff, 0xe2, 0x50, 0x3, 0x80,
    0x3f, 0xfd, 0x85, 0xe1, 0x84, 0x1, 0xff, 0xc4,
    0x42, 0x2, 0x40, 0xf, 0xff, 0x59, 0x61, 0x68,
    0x80, 0x7f, 0xf1, 0x7c, 0x1, 0x40, 0x1f, 0xfe,
    0xb3, 0xc5, 0xc0, 0xf, 0xfe, 0x31, 0x20, 0x1,
    0x80, 0x3f, 0xfd, 0x47, 0xab, 0x60, 0x1f, 0xfc,
    0x7a, 0x0, 0x30, 0x80, 0x7f, 0xfa, 0x4f, 0x16,
    0xc0, 0x3f, 0xf9, 0xc, 0x0, 0xa0, 0xf, 0xff,
    0x49, 0xe2, 0xd8, 0x7, 0xff, 0x21, 0x84, 0xc,
    0xc0, 0x1f, 0xfe, 0x83, 0xc5, 0xa0, 0xf, 0xfe,
    0x4d, 0x0, 0x28, 0x3, 0xff, 0xd0, 0x5a, 0x94,
    0x1, 0xff, 0xc9, 0x43, 0x1, 0x60, 0xf, 0xff,
    0x38, 0xf9, 0x58, 0x7, 0xff, 0x2b, 0xc0, 0xc,
    0x1, 0xff, 0xe7, 0x1c, 0xd, 0x0, 0xff, 0xe5,
    0x1a, 0x0, 0x24, 0x3, 0xff, 0xcf, 0xa7, 0x82,
    0x1, 0xff, 0xca, 0x90, 0x2, 0x88, 0x7, 0xff,
    0x9a, 0x8f, 0x4, 0x3, 0xff, 0x94, 0x4a, 0x0,
    0x90, 0xf, 0xff, 0x34, 0x2d, 0x90, 0x7, 0xff,
    0x2e, 0xc0, 0x8, 0x60, 0x1f, 0xfe, 0x55, 0x79,
    0x40, 0xf, 0xfe, 0x58, 0xb0, 0x2, 0x0, 0x3f,
    0xfc, 0xa5, 0x4a, 0xc0, 0x1f, 0xfc, 0xc9, 0x0,
    0x21, 0x80, 0x7f, 0xf9, 0x7c, 0xa8, 0x3, 0xff,
    0x98, 0x2e, 0x0, 0x80, 0xf, 0xff, 0x2c, 0x97,
    0x80, 0x7f, 0xf3, 0x60, 0x0, 0x86, 0x1, 0xff,
    0xe4, 0x46, 0x92, 0x0, 0xff, 0xe6, 0xb, 0x0,
    0x20, 0x3, 0xff, 0xc8, 0x34, 0x8c, 0x1, 0xff,
    0xcd, 0x80, 0x2, 0x98, 0x7, 0xff, 0x92, 0xc2,
    0x80, 0x3f, 0xf9, 0xa4, 0xc0, 0x8, 0x0, 0xff,
    0xf2, 0x22, 0xc0, 0x80, 0x7f, 0xf3, 0x60, 0x0,
    0xe4, 0x1, 0xff, 0xe4, 0x93, 0x60, 0xf, 0xfe,
    0x69, 0x28, 0xc, 0x80, 0x7f, 0xf9, 0x18, 0xbc,
    0x3, 0xff, 0x9d, 0x20, 0x8, 0x10, 0xf, 0xff,
    0x24, 0x29, 0x80, 0x7f, 0xf3, 0x55, 0x0, 0xd8,
    0x3, 0xff, 0xc8, 0xe3, 0x0, 0x1f, 0xfc, 0xe8,
    0x0, 0x78, 0x7, 0xff, 0x96, 0x54, 0x80, 0x3f,
    0xf9, 0xae, 0x40, 0xe6, 0x1, 0xff, 0xe4, 0x51,
    0x90, 0xf, 0xfe, 0x69, 0x40, 0xc, 0x0, 0x7f,
    0xf9, 0x78, 0xcc, 0x1, 0xff, 0xcd, 0xe0, 0x5,
    0x0, 0x7f, 0xf9, 0x45, 0x28, 0x3, 0xff, 0x9a,
    0xc6, 0xc, 0x80, 0x1f, 0xfe, 0x54, 0x7, 0x0,
    0xff, 0xe6, 0x14, 0x81, 0x48, 0x7, 0xff, 0x9b,
    0xcc, 0x40, 0x3f, 0xf9, 0x9c, 0x0, 0xe0, 0xf,
    0xff, 0x3b, 0xd8, 0x7, 0xff, 0x32, 0xc, 0x20,
    0xc0, 0x3f, 0xfc, 0xe4, 0x60, 0x1f, 0xfc, 0xb3,
    0x70, 0x47, 0x0, 0xff, 0xf3, 0x98, 0x28, 0x7,
    0xff, 0x28, 0x74, 0xa, 0xc0, 0x3f, 0xfd, 0xe,
    0x2, 0x1, 0xff, 0xca, 0xa1, 0xf, 0x0, 0xff,
    0xf4, 0x88, 0x80, 0x3f, 0xf9, 0x50, 0x81, 0x64,
    0x1, 0xff, 0xff, 0x5, 0x70, 0x94, 0x0, 0xff,
    0xf5, 0x30, 0x80, 0x7f, 0xf2, 0xe, 0x81, 0xd8,
    0x3, 0xff, 0xd6, 0x40, 0x20, 0x1f, 0xfc, 0x61,
    0xd0, 0x68, 0x0, 0xff, 0xf6, 0x8, 0x9c, 0x3,
    0xff, 0x8a, 0x38, 0x2b, 0x20, 0x1f, 0xfe, 0xe7,
    0xd0, 0xf, 0xfe, 0x21, 0x61, 0x35, 0x0, 0x7f,
    0xfb, 0xf5, 0x8, 0x3, 0xff, 0x84, 0x78, 0x4f,
    0x20, 0x1f, 0xff, 0x4, 0x2e, 0x0, 0xff, 0xe0,
    0xbe, 0xd, 0x40, 0x7, 0xff, 0xcb, 0x8e, 0xc0,
    0x3f, 0xc9, 0xb0, 0x5a, 0xa0, 0x1f, 0xff, 0x33,
    0x94, 0xd5, 0x0, 0xe1, 0x6c, 0xb2, 0x8d, 0x20,
    0xf, 0xff, 0xab, 0x59, 0xd7, 0xdd, 0x5e, 0xf4,
    0x93, 0xf3, 0x80, 0x7f, 0xfe, 0x13, 0xa5, 0x15,
    0x60, 0x6a, 0xe8, 0x10, 0xf, 0xff, 0xa8,

    /* U+007A "z" */
    0x0, 0xff, 0xe0, 0x3e, 0xf3, 0x0, 0x7f, 0xc5,
    0xb0, 0x43, 0x0, 0x1f, 0xe2, 0xc3, 0x0, 0x88,
    0x3, 0xf8, 0x70, 0x18, 0x2, 0xa0, 0xf, 0xeb,
    0x1a, 0x50, 0x1, 0x30, 0x7, 0xe1, 0x55, 0x69,
    0x0, 0x24, 0x3, 0xf8, 0x81, 0x58, 0x0, 0xc8,
    0x1, 0xfc, 0x72, 0x1, 0x1c, 0x80, 0x7f, 0x86,
    0xc0, 0x3, 0xa0, 0x1f, 0xe1, 0xc2, 0x0, 0x60,
    0x80, 0x7f, 0x17, 0x90, 0x2, 0xc8, 0x3, 0xf8,
    0xb0, 0x40, 0x14, 0x80, 0x1f, 0xc3, 0x82, 0x0,
    0x95, 0x0, 0xff, 0x60, 0x80, 0x20, 0xa7, 0x7b,
    0xf6, 0x48, 0x2, 0xb2, 0x0, 0x25, 0xd8, 0xaf,
    0x72, 0xb, 0x0, 0xe, 0x80, 0x12, 0x2e, 0xdb,
    0x19, 0x96, 0xf8, 0x1, 0x20, 0x11, 0x64, 0x90,
    0x7, 0xf0, 0x80, 0x1f, 0x4c, 0x3, 0xfe, 0x61,
    0xb8, 0x0, 0xff, 0xe0, 0x0
};


/*---------------------
 *  GLYPH DESCRIPTION
 *--------------------*/

static const lv_font_fmt_txt_glyph_dsc_t glyph_dsc[] = {
    {.bitmap_index = 0, .adv_w = 0, .box_w = 0, .box_h = 0, .ofs_x = 0, .ofs_y = 0} /* id = 0 reserved */,
    {.bitmap_index = 0, .adv_w = 233, .box_w = 0, .box_h = 0, .ofs_x = 0, .ofs_y = 0},
    {.bitmap_index = 0, .adv_w = 98, .box_w = 4, .box_h = 4, .ofs_x = -1, .ofs_y = -2},
    {.bitmap_index = 9, .adv_w = 79, .box_w = 4, .box_h = 3, .ofs_x = 0, .ofs_y = 0},
    {.bitmap_index = 16, .adv_w = 612, .box_w = 37, .box_h = 57, .ofs_x = 2, .ofs_y = -1},
    {.bitmap_index = 587, .adv_w = 394, .box_w = 25, .box_h = 58, .ofs_x = 0, .ofs_y = -1},
    {.bitmap_index = 909, .adv_w = 666, .box_w = 49, .box_h = 57, .ofs_x = -7, .ofs_y = 0},
    {.bitmap_index = 1431, .adv_w = 738, .box_w = 50, .box_h = 58, .ofs_x = -2, .ofs_y = 0},
    {.bitmap_index = 1937, .adv_w = 605, .box_w = 49, .box_h = 59, .ofs_x = 0, .ofs_y = 0},
    {.bitmap_index = 2508, .adv_w = 598, .box_w = 54, .box_h = 58, .ofs_x = -7, .ofs_y = 1},
    {.bitmap_index = 2985, .adv_w = 519, .box_w = 44, .box_h = 58, .ofs_x = -8, .ofs_y = 0},
    {.bitmap_index = 3527, .adv_w = 398, .box_w = 39, .box_h = 59, .ofs_x = 1, .ofs_y = 0},
    {.bitmap_index = 3914, .adv_w = 531, .box_w = 47, .box_h = 60, .ofs_x = -7, .ofs_y = 0},
    {.bitmap_index = 4574, .adv_w = 426, .box_w = 36, .box_h = 57, .ofs_x = -2, .ofs_y = 0},
    {.bitmap_index = 5111, .adv_w = 1095, .box_w = 81, .box_h = 106, .ofs_x = -10, .ofs_y = -32},
    {.bitmap_index = 6358, .adv_w = 1339, .box_w = 95, .box_h = 107, .ofs_x = -16, .ofs_y = -31},
    {.bitmap_index = 8188, .adv_w = 1197, .box_w = 91, .box_h = 105, .ofs_x = -6, .ofs_y = -36},
    {.bitmap_index = 9335, .adv_w = 1710, .box_w = 117, .box_h = 107, .ofs_x = -18, .ofs_y = -36},
    {.bitmap_index = 10946, .adv_w = 1704, .box_w = 116, .box_h = 105, .ofs_x = -7, .ofs_y = -34},
    {.bitmap_index = 12324, .adv_w = 1449, .box_w = 161, .box_h = 114, .ofs_x = -4, .ofs_y = -34},
    {.bitmap_index = 14097, .adv_w = 1607, .box_w = 99, .box_h = 121, .ofs_x = -4, .ofs_y = -43},
    {.bitmap_index = 15737, .adv_w = 1375, .box_w = 121, .box_h = 125, .ofs_x = -15, .ofs_y = -44},
    {.bitmap_index = 17427, .adv_w = 745, .box_w = 117, .box_h = 114, .ofs_x = -23, .ofs_y = -37},
    {.bitmap_index = 18625, .adv_w = 1205, .box_w = 85, .box_h = 113, .ofs_x = -8, .ofs_y = -38},
    {.bitmap_index = 19899, .adv_w = 911, .box_w = 93, .box_h = 107, .ofs_x = -8, .ofs_y = -34},
    {.bitmap_index = 21151, .adv_w = 553, .box_w = 81, .box_h = 116, .ofs_x = -16, .ofs_y = -38},
    {.bitmap_index = 22075, .adv_w = 1788, .box_w = 112, .box_h = 107, .ofs_x = 0, .ofs_y = -34},
    {.bitmap_index = 24339, .adv_w = 1064, .box_w = 70, .box_h = 109, .ofs_x = -1, .ofs_y = -39},
    {.bitmap_index = 25633, .adv_w = 1191, .box_w = 69, .box_h = 105, .ofs_x = 1, .ofs_y = -34},
    {.bitmap_index = 26971, .adv_w = 1522, .box_w = 104, .box_h = 113, .ofs_x = -4, .ofs_y = -39},
    {.bitmap_index = 28757, .adv_w = 1176, .box_w = 69, .box_h = 117, .ofs_x = 1, .ofs_y = -46},
    {.bitmap_index = 30216, .adv_w = 1607, .box_w = 103, .box_h = 112, .ofs_x = 0, .ofs_y = -35},
    {.bitmap_index = 32046, .adv_w = 1239, .box_w = 90, .box_h = 110, .ofs_x = -11, .ofs_y = -38},
    {.bitmap_index = 33389, .adv_w = 909, .box_w = 126, .box_h = 109, .ofs_x = 0, .ofs_y = -36},
    {.bitmap_index = 34825, .adv_w = 1118, .box_w = 91, .box_h = 107, .ofs_x = -1, .ofs_y = -36},
    {.bitmap_index = 36162, .adv_w = 816, .box_w = 82, .box_h = 109, .ofs_x = -1, .ofs_y = -33},
    {.bitmap_index = 37273, .adv_w = 1340, .box_w = 101, .box_h = 103, .ofs_x = -1, .ofs_y = -34},
    {.bitmap_index = 38746, .adv_w = 744, .box_w = 109, .box_h = 104, .ofs_x = -32, .ofs_y = -35},
    {.bitmap_index = 39925, .adv_w = 1129, .box_w = 73, .box_h = 105, .ofs_x = -1, .ofs_y = -36},
    {.bitmap_index = 41346, .adv_w = 1123, .box_w = 92, .box_h = 107, .ofs_x = -11, .ofs_y = -37},
    {.bitmap_index = 42526, .adv_w = 293, .box_w = 25, .box_h = 14, .ofs_x = -5, .ofs_y = 1},
    {.bitmap_index = 42671, .adv_w = 375, .box_w = 47, .box_h = 60, .ofs_x = -7, .ofs_y = -2},
    {.bitmap_index = 43326, .adv_w = 310, .box_w = 25, .box_h = 18, .ofs_x = -4, .ofs_y = -2},
    {.bitmap_index = 43478, .adv_w = 487, .box_w = 53, .box_h = 64, .ofs_x = -5, .ofs_y = -5},
    {.bitmap_index = 44142, .adv_w = 305, .box_w = 26, .box_h = 17, .ofs_x = -5, .ofs_y = -3},
    {.bitmap_index = 44304, .adv_w = 290, .box_w = 48, .box_h = 92, .ofs_x = -28, .ofs_y = -55},
    {.bitmap_index = 45107, .adv_w = 332, .box_w = 84, .box_h = 88, .ofs_x = -61, .ofs_y = -71},
    {.bitmap_index = 46019, .adv_w = 462, .box_w = 45, .box_h = 62, .ofs_x = -6, .ofs_y = -5},
    {.bitmap_index = 46723, .adv_w = 331, .box_w = 27, .box_h = 29, .ofs_x = -5, .ofs_y = -3},
    {.bitmap_index = 46930, .adv_w = 237, .box_w = 76, .box_h = 97, .ofs_x = -59, .ofs_y = -71},
    {.bitmap_index = 47774, .adv_w = 488, .box_w = 44, .box_h = 63, .ofs_x = -7, .ofs_y = -1},
    {.bitmap_index = 48400, .adv_w = 347, .box_w = 48, .box_h = 71, .ofs_x = -6, .ofs_y = -10},
    {.bitmap_index = 49120, .adv_w = 372, .box_w = 31, .box_h = 18, .ofs_x = -6, .ofs_y = -2},
    {.bitmap_index = 49316, .adv_w = 275, .box_w = 26, .box_h = 18, .ofs_x = -7, .ofs_y = -2},
    {.bitmap_index = 49483, .adv_w = 357, .box_w = 28, .box_h = 19, .ofs_x = -4, .ofs_y = -1},
    {.bitmap_index = 49671, .adv_w = 326, .box_w = 52, .box_h = 69, .ofs_x = -30, .ofs_y = -52},
    {.bitmap_index = 50178, .adv_w = 333, .box_w = 50, .box_h = 50, .ofs_x = -27, .ofs_y = -32},
    {.bitmap_index = 50824, .adv_w = 258, .box_w = 24, .box_h = 19, .ofs_x = -6, .ofs_y = -2},
    {.bitmap_index = 50969, .adv_w = 282, .box_w = 25, .box_h = 21, .ofs_x = -6, .ofs_y = -4},
    {.bitmap_index = 51141, .adv_w = 352, .box_w = 75, .box_h = 66, .ofs_x = -17, .ofs_y = -15},
    {.bitmap_index = 51759, .adv_w = 373, .box_w = 28, .box_h = 18, .ofs_x = -3, .ofs_y = 1},
    {.bitmap_index = 51936, .adv_w = 225, .box_w = 14, .box_h = 18, .ofs_x = -3, .ofs_y = 0},
    {.bitmap_index = 52035, .adv_w = 462, .box_w = 37, .box_h = 27, .ofs_x = -6, .ofs_y = -10},
    {.bitmap_index = 52324, .adv_w = 305, .box_w = 32, .box_h = 23, .ofs_x = -11, .ofs_y = -6},
    {.bitmap_index = 52537, .adv_w = 363, .box_w = 82, .box_h = 95, .ofs_x = -57, .ofs_y = -79},
    {.bitmap_index = 53496, .adv_w = 168, .box_w = 17, .box_h = 19, .ofs_x = -8, .ofs_y = -2}
};

/*---------------------
 *  CHARACTER MAPPING
 *--------------------*/

static const uint16_t unicode_list_0[] = {
    0x0, 0xc, 0xe
};

/*Collect the unicode lists and glyph_id offsets*/
static const lv_font_fmt_txt_cmap_t cmaps[] =
{
    {
        .range_start = 32, .range_length = 15, .glyph_id_start = 1,
        .unicode_list = unicode_list_0, .glyph_id_ofs_list = NULL, .list_length = 3, .type = LV_FONT_FMT_TXT_CMAP_SPARSE_TINY
    },
    {
        .range_start = 48, .range_length = 10, .glyph_id_start = 4,
        .unicode_list = NULL, .glyph_id_ofs_list = NULL, .list_length = 0, .type = LV_FONT_FMT_TXT_CMAP_FORMAT0_TINY
    },
    {
        .range_start = 65, .range_length = 26, .glyph_id_start = 14,
        .unicode_list = NULL, .glyph_id_ofs_list = NULL, .list_length = 0, .type = LV_FONT_FMT_TXT_CMAP_FORMAT0_TINY
    },
    {
        .range_start = 97, .range_length = 26, .glyph_id_start = 40,
        .unicode_list = NULL, .glyph_id_ofs_list = NULL, .list_length = 0, .type = LV_FONT_FMT_TXT_CMAP_FORMAT0_TINY
    }
};

/*-----------------
 *    KERNING
 *----------------*/


/*Pair left and right glyphs for kerning*/
static const uint8_t kern_pair_glyph_ids[] =
{
    4, 8,
    4, 10,
    4, 13,
    5, 4,
    5, 5,
    5, 6,
    5, 7,
    5, 8,
    5, 9,
    6, 5,
    6, 9,
    6, 10,
    6, 12,
    6, 13,
    7, 4,
    7, 5,
    7, 10,
    7, 12,
    7, 13,
    8, 6,
    8, 7,
    8, 9,
    8, 10,
    8, 11,
    8, 12,
    8, 13,
    9, 8,
    9, 10,
    9, 11,
    9, 12,
    10, 4,
    10, 6,
    10, 8,
    10, 11,
    11, 7,
    11, 8,
    11, 11,
    11, 12,
    11, 13,
    12, 6,
    12, 7,
    12, 11,
    12, 12,
    12, 13,
    13, 6,
    13, 7,
    13, 8,
    13, 11,
    13, 13,
    14, 19,
    14, 22,
    14, 24,
    14, 25,
    15, 16,
    15, 18,
    15, 19,
    15, 20,
    15, 22,
    15, 24,
    15, 25,
    15, 34,
    15, 35,
    15, 36,
    15, 38,
    15, 39,
    16, 15,
    16, 23,
    16, 29,
    16, 30,
    16, 31,
    16, 37,
    16, 38,
    17, 22,
    17, 24,
    17, 25,
    17, 27,
    17, 33,
    17, 34,
    17, 38,
    18, 15,
    19, 22,
    19, 24,
    20, 24,
    20, 61,
    21, 15,
    21, 24,
    22, 14,
    22, 15,
    22, 17,
    22, 19,
    22, 29,
    23, 24,
    23, 25,
    24, 14,
    24, 15,
    24, 16,
    24, 17,
    24, 18,
    24, 21,
    24, 26,
    24, 27,
    24, 28,
    25, 14,
    25, 15,
    25, 16,
    25, 17,
    25, 18,
    25, 24,
    25, 25,
    25, 29,
    25, 30,
    25, 35,
    26, 24,
    27, 17,
    27, 24,
    28, 24,
    28, 27,
    28, 45,
    28, 46,
    29, 15,
    29, 16,
    29, 22,
    29, 24,
    29, 25,
    29, 27,
    29, 36,
    30, 16,
    30, 24,
    33, 17,
    34, 15,
    34, 17,
    35, 15,
    36, 15,
    36, 29,
    36, 34,
    37, 16,
    37, 17,
    37, 19,
    38, 15,
    38, 17,
    39, 15,
    39, 17,
    57, 43
};

/* Kerning between the respective left and right glyphs
 * 4.4 format which needs to scaled with `kern_scale`*/
static const int8_t kern_pair_values[] =
{
    -9, 19, 22, -22, -12, -9, -19, -50,
    -16, 12, 16, 26, 22, 12, 21, 9,
    36, 34, 31, 14, 21, 17, 5, 24,
    17, 27, -3, 33, 22, 12, -5, -12,
    -22, 5, 29, -22, 29, 24, 21, 16,
    16, -2, 10, 16, 12, 27, -9, 24,
    26, 36, -57, -49, -49, -33, -33, -10,
    -57, -75, -69, -77, -69, -49, -62, -31,
    -39, 36, 44, 62, 50, 50, 43, 35,
    -31, -31, -89, -27, -62, -54, -16, 16,
    49, -26, -56, -10, 56, -40, 23, 54,
    73, 76, 59, -46, -63, 66, 76, 23,
    58, 69, 40, 46, 40, 49, 26, 116,
    59, 85, 89, 86, 119, 59, 40, 23,
    -40, 46, -46, -30, -20, 18, 16, 31,
    -27, -53, -33, -53, -46, -36, -12, -43,
    100, 51, 46, 51, 18, 26, -40, 43,
    27, 83, 69, 19, 51, 58, 4
};

/*Collect the kern pair's data in one place*/
static const lv_font_fmt_txt_kern_pair_t kern_pairs =
{
    .glyph_ids = kern_pair_glyph_ids,
    .values = kern_pair_values,
    .pair_cnt = 143,
    .glyph_ids_size = 0
};

/*--------------------
 *  ALL CUSTOM DATA
 *--------------------*/

#if LVGL_VERSION_MAJOR == 8
/*Store all the custom data of the font*/
static  lv_font_fmt_txt_glyph_cache_t cache;
#endif

#if LVGL_VERSION_MAJOR >= 8
static const lv_font_fmt_txt_dsc_t font_dsc = {
#else
static lv_font_fmt_txt_dsc_t font_dsc = {
#endif
    .glyph_bitmap = glyph_bitmap,
    .glyph_dsc = glyph_dsc,
    .cmaps = cmaps,
    .kern_dsc = &kern_pairs,
    .kern_scale = 58,
    .cmap_num = 4,
    .bpp = 4,
    .kern_classes = 0,
    .bitmap_format = 1,
#if LVGL_VERSION_MAJOR == 8
    .cache = &cache
#endif
};



/*-----------------
 *  PUBLIC FONT
 *----------------*/

/*Initialize a public general font descriptor*/
#if LVGL_VERSION_MAJOR >= 8
const lv_font_t font_cursive_56 = {
#else
lv_font_t font_cursive_56 = {
#endif
    .get_glyph_dsc = lv_font_get_glyph_dsc_fmt_txt,    /*Function pointer to get glyph's data*/
    .get_glyph_bitmap = lv_font_get_bitmap_fmt_txt,    /*Function pointer to get glyph's bitmap*/
    .line_height = 160,          /*The maximum line height required by the font*/
    .base_line = 79,             /*Baseline measured from the bottom of the line*/
#if !(LVGL_VERSION_MAJOR == 6 && LVGL_VERSION_MINOR == 0)
    .subpx = LV_FONT_SUBPX_NONE,
#endif
#if LV_VERSION_CHECK(7, 4, 0) || LVGL_VERSION_MAJOR >= 8
    .underline_position = -6,
    .underline_thickness = 3,
#endif
    .dsc = &font_dsc,          /*The custom font data. Will be accessed by `get_glyph_bitmap/dsc` */
#if LV_VERSION_CHECK(8, 2, 0) || LVGL_VERSION_MAJOR >= 9
    .fallback = NULL,
#endif
    .user_data = NULL,
};



#endif /*#if FONT_CURSIVE_56*/

